{
"type": "FeatureCollection",
"name": "ok_counties_2023",
"crs": { "type": "name", "properties": { "name": "urn:ogc:def:crs:OGC:1.3:CRS84" } },
"features": [
{ "type": "Feature", "properties": { "GEOID": "40001", "NAME": "Adair", "ALAND": 1486345557.0 }, "geometry": { "type": "MultiPolygon", "coordinates": [ [ [ [ -94.80774, 35.66023 ], [ -94.80772, 35.67435 ], [ -94.80771, 35.6822 ], [ -94.80761, 35.75075 ], [ -94.80758, 35.76142 ], [ -94.80744, 35.76818 ], [ -94.80742, 35.76921 ], [ -94.80748, 35.79959 ], [ -94.80747, 35.80069 ], [ -94.80744, 35.81271 ], [ -94.80745, 35.83632 ], [ -94.80745, 35.8554 ], [ -94.80745, 35.87051 ], [ -94.8074, 35.87794 ], [ -94.80746, 35.90032 ], [ -94.80746, 35.90092 ], [ -94.7974, 35.90092 ], [ -94.79735, 35.93717 ], [ -94.79736, 35.94066 ], [ -94.79738, 35.94428 ], [ -94.79743, 35.96127 ], [ -94.79743, 35.96173 ], [ -94.79744, 35.96801 ], [ -94.79744, 35.97595 ], [ -94.79731, 35.99818 ], [ -94.79744, 35.99903 ], [ -94.79738, 36.04508 ], [ -94.79739, 36.04599 ], [ -94.79738, 36.10318 ], [ -94.79738, 36.10447 ], [ -94.79738, 36.11283 ], [ -94.79739, 36.13232 ], [ -94.79741, 36.16165 ], [ -94.78236, 36.16164 ], [ -94.77716, 36.16163 ], [ -94.73527, 36.16158 ], [ -94.71386, 36.16155 ], [ -94.70818, 36.16154 ], [ -94.69879, 36.16153 ], [ -94.69739, 36.16152 ], [ -94.6876, 36.16152 ], [ -94.64606, 36.16168 ], [ -94.63716, 36.16173 ], [ -94.60137, 36.16175 ], [ -94.59689, 36.16176 ], [ -94.56582, 36.1619 ], [ -94.56283, 36.16189 ], [ -94.5628, 36.16175 ], [ -94.56117, 36.15211 ], [ -94.55969, 36.14393 ], [ -94.55951, 36.14292 ], [ -94.55723, 36.13025 ], [ -94.55216, 36.10213 ], [ -94.54987, 36.08939 ], [ -94.54787, 36.07828 ], [ -94.54771, 36.07727 ], [ -94.54326, 36.05144 ], [ -94.54326, 36.05144 ], [ -94.53731, 36.01697 ], [ -94.5373, 36.01696 ], [ -94.53572, 36.00781 ], [ -94.53521, 36.0048 ], [ -94.53516, 36.00451 ], [ -94.53485, 36.00268 ], [ -94.53367, 35.99694 ], [ -94.53365, 35.9968 ], [ -94.53209, 35.98797 ], [ -94.53207, 35.98785 ], [ -94.53207, 35.98783 ], [ -94.53206, 35.9878 ], [ -94.53205, 35.98771 ], [ -94.52833, 35.96618 ], [ -94.52831, 35.96605 ], [ -94.52816, 35.96567 ], [ -94.52464, 35.94573 ], [ -94.52434, 35.94405 ], [ -94.52291, 35.93613 ], [ -94.52263, 35.93489 ], [ -94.52266, 35.9348 ], [ -94.52266, 35.93425 ], [ -94.52225, 35.93164 ], [ -94.51826, 35.90628 ], [ -94.51823, 35.90607 ], [ -94.51757, 35.90187 ], [ -94.51738, 35.90077 ], [ -94.50763, 35.8459 ], [ -94.50741, 35.84452 ], [ -94.50564, 35.83363 ], [ -94.50444, 35.82637 ], [ -94.50301, 35.81721 ], [ -94.50141, 35.80786 ], [ -94.50116, 35.80643 ], [ -94.50076, 35.80382 ], [ -94.50057, 35.80288 ], [ -94.50053, 35.80264 ], [ -94.49965, 35.79691 ], [ -94.49904, 35.79346 ], [ -94.49887, 35.79251 ], [ -94.4969, 35.78146 ], [ -94.49455, 35.7683 ], [ -94.49336, 35.76189 ], [ -94.49294, 35.75925 ], [ -94.48821, 35.72924 ], [ -94.48758, 35.72615 ], [ -94.48429, 35.70683 ], [ -94.48428, 35.7068 ], [ -94.48279, 35.69803 ], [ -94.48247, 35.69614 ], [ -94.47265, 35.63856 ], [ -94.50273, 35.63835 ], [ -94.52061, 35.63835 ], [ -94.53375, 35.63835 ], [ -94.59499, 35.63833 ], [ -94.62991, 35.63835 ], [ -94.63072, 35.63835 ], [ -94.64775, 35.63836 ], [ -94.67519, 35.63837 ], [ -94.70118, 35.63838 ], [ -94.75369, 35.63847 ], [ -94.76877, 35.63849 ], [ -94.77227, 35.6385 ], [ -94.80776, 35.63855 ], [ -94.80774, 35.66023 ] ] ] ] } },
{ "type": "Feature", "properties": { "GEOID": "40003", "NAME": "Alfalfa", "ALAND": 2244392664.0 }, "geometry": { "type": "MultiPolygon", "coordinates": [ [ [ [ -98.54466, 36.999 ], [ -98.4764, 36.99873 ], [ -98.42021, 36.99852 ], [ -98.41827, 36.99854 ], [ -98.40899, 36.99851 ], [ -98.35407, 36.99796 ], [ -98.34715, 36.99796 ], [ -98.34619, 36.99796 ], [ -98.29179, 36.99797 ], [ -98.23771, 36.99797 ], [ -98.2195, 36.99782 ], [ -98.20822, 36.998 ], [ -98.19037, 36.998 ], [ -98.17772, 36.99801 ], [ -98.1776, 36.99801 ], [ -98.14745, 36.99816 ], [ -98.14631, 36.99816 ], [ -98.12818, 36.99815 ], [ -98.11199, 36.99813 ], [ -98.11154, 36.94933 ], [ -98.11148, 36.94204 ], [ -98.10958, 36.94204 ], [ -98.10961, 36.89828 ], [ -98.10965, 36.84082 ], [ -98.10976, 36.81403 ], [ -98.11017, 36.81122 ], [ -98.11019, 36.79757 ], [ -98.11018, 36.79671 ], [ -98.11047, 36.76765 ], [ -98.11002, 36.76489 ], [ -98.10992, 36.76433 ], [ -98.10985, 36.75086 ], [ -98.1102, 36.74919 ], [ -98.10965, 36.66608 ], [ -98.10943, 36.66498 ], [ -98.10931, 36.59359 ], [ -98.10429, 36.59358 ], [ -98.1043, 36.57892 ], [ -98.10438, 36.57176 ], [ -98.10431, 36.57093 ], [ -98.10432, 36.55732 ], [ -98.10432, 36.5138 ], [ -98.10438, 36.47031 ], [ -98.10443, 36.4631 ], [ -98.11354, 36.46314 ], [ -98.12202, 36.46319 ], [ -98.1502, 36.46318 ], [ -98.16641, 36.4632 ], [ -98.16689, 36.4632 ], [ -98.22044, 36.46338 ], [ -98.24745, 36.46335 ], [ -98.28321, 36.46333 ], [ -98.3632, 36.46323 ], [ -98.37246, 36.46318 ], [ -98.53362, 36.46323 ], [ -98.53348, 36.52813 ], [ -98.53348, 36.5284 ], [ -98.5334, 36.59422 ], [ -98.5405, 36.59421 ], [ -98.54048, 36.65214 ], [ -98.54057, 36.67377 ], [ -98.54054, 36.68834 ], [ -98.5405, 36.69565 ], [ -98.54057, 36.71017 ], [ -98.54055, 36.72466 ], [ -98.54041, 36.7392 ], [ -98.54048, 36.76094 ], [ -98.54047, 36.77543 ], [ -98.54035, 36.82172 ], [ -98.54026, 36.86252 ], [ -98.54037, 36.90613 ], [ -98.54024, 36.94223 ], [ -98.54499, 36.94224 ], [ -98.54466, 36.999 ] ] ] ] } },
{ "type": "Feature", "properties": { "GEOID": "40005", "NAME": "Atoka", "ALAND": 2526412629.0 }, "geometry": { "type": "MultiPolygon", "coordinates": [ [ [ [ -96.40752, 34.15732 ], [ -96.4075, 34.16985 ], [ -96.40744, 34.20801 ], [ -96.40726, 34.24424 ], [ -96.4072, 34.28426 ], [ -96.40716, 34.30231 ], [ -96.40713, 34.30942 ], [ -96.40712, 34.30949 ], [ -96.40716, 34.31723 ], [ -96.40712, 34.31733 ], [ -96.40703, 34.37075 ], [ -96.40713, 34.37215 ], [ -96.40709, 34.39682 ], [ -96.40707, 34.41839 ], [ -96.40678, 34.41839 ], [ -96.35474, 34.41832 ], [ -96.34626, 34.41831 ], [ -96.30266, 34.41829 ], [ -96.26457, 34.4183 ], [ -96.26298, 34.41839 ], [ -96.24752, 34.4184 ], [ -96.24666, 34.41853 ], [ -96.24452, 34.4184 ], [ -96.23283, 34.41841 ], [ -96.15151, 34.41833 ], [ -96.14542, 34.41831 ], [ -96.14543, 34.43012 ], [ -96.14514, 34.43227 ], [ -96.14527, 34.47293 ], [ -96.14544, 34.47549 ], [ -96.14544, 34.49103 ], [ -96.14544, 34.50594 ], [ -96.09525, 34.50604 ], [ -96.09262, 34.50606 ], [ -96.09203, 34.50616 ], [ -96.09204, 34.53505 ], [ -96.09205, 34.54953 ], [ -96.09208, 34.59314 ], [ -96.09211, 34.60754 ], [ -96.09224, 34.61312 ], [ -96.09209, 34.61403 ], [ -96.09211, 34.668 ], [ -96.09189, 34.67309 ], [ -96.09211, 34.67502 ], [ -96.09204, 34.68056 ], [ -96.08852, 34.68038 ], [ -96.03963, 34.68046 ], [ -95.92965, 34.68054 ], [ -95.90175, 34.68055 ], [ -95.8822, 34.68048 ], [ -95.88212, 34.65162 ], [ -95.88206, 34.62235 ], [ -95.88199, 34.59353 ], [ -95.82903, 34.59362 ], [ -95.80665, 34.59366 ], [ -95.75312, 34.5937 ], [ -95.69791, 34.5937 ], [ -95.68954, 34.59372 ], [ -95.67181, 34.59373 ], [ -95.67178, 34.55401 ], [ -95.67178, 34.54341 ], [ -95.67175, 34.50679 ], [ -95.67433, 34.50679 ], [ -95.67945, 34.50679 ], [ -95.70664, 34.50675 ], [ -95.72691, 34.50672 ], [ -95.72914, 34.50672 ], [ -95.73172, 34.50672 ], [ -95.77913, 34.50664 ], [ -95.77924, 34.41757 ], [ -95.77925, 34.32671 ], [ -95.7792, 34.27268 ], [ -95.77924, 34.24832 ], [ -95.77918, 34.17175 ], [ -95.77939, 34.16561 ], [ -95.77952, 34.16497 ], [ -95.77933, 34.16417 ], [ -95.77938, 34.1567 ], [ -95.80317, 34.15676 ], [ -95.80879, 34.15656 ], [ -95.81676, 34.15664 ], [ -95.82626, 34.15657 ], [ -95.82662, 34.157 ], [ -95.83614, 34.15669 ], [ -95.91902, 34.15673 ], [ -95.98777, 34.1568 ], [ -95.99154, 34.1568 ], [ -95.99158, 34.1568 ], [ -95.99854, 34.15682 ], [ -96.05185, 34.15686 ], [ -96.06865, 34.15691 ], [ -96.07109, 34.15691 ], [ -96.08593, 34.15693 ], [ -96.10255, 34.15694 ], [ -96.14763, 34.15697 ], [ -96.22156, 34.15701 ], [ -96.22305, 34.15714 ], [ -96.23395, 34.15717 ], [ -96.23549, 34.15703 ], [ -96.26827, 34.15709 ], [ -96.27987, 34.15709 ], [ -96.28489, 34.15708 ], [ -96.32071, 34.15718 ], [ -96.35567, 34.15719 ], [ -96.37265, 34.15718 ], [ -96.38875, 34.15716 ], [ -96.40752, 34.15719 ], [ -96.40752, 34.15732 ] ] ] ] } },
{ "type": "Feature", "properties": { "GEOID": "40007", "NAME": "Beaver", "ALAND": 4700407073.0 }, "geometry": { "type": "MultiPolygon", "coordinates": [ [ [ [ -100.95435, 36.67086 ], [ -100.95421, 36.71798 ], [ -100.95405, 36.7471 ], [ -100.95407, 36.76164 ], [ -100.95389, 36.84819 ], [ -100.94555, 36.84865 ], [ -100.9455, 36.87772 ], [ -100.94547, 36.99815 ], [ -100.90459, 36.99856 ], [ -100.90427, 36.99874 ], [ -100.90422, 36.99874 ], [ -100.89166, 36.9986 ], [ -100.86824, 36.99862 ], [ -100.85563, 36.99863 ], [ -100.85, 36.99869 ], [ -100.81428, 36.99909 ], [ -100.80612, 36.99909 ], [ -100.76548, 36.99918 ], [ -100.75689, 36.99936 ], [ -100.73452, 36.99906 ], [ -100.72936, 36.99911 ], [ -100.67555, 36.99969 ], [ -100.67532, 36.99969 ], [ -100.63333, 36.99994 ], [ -100.62977, 37.00003 ], [ -100.59141, 37.0004 ], [ -100.59133, 37.00038 ], [ -100.55268, 37.00073 ], [ -100.55222, 37.00069 ], [ -100.5516, 37.00062 ], [ -100.43427, 37.00111 ], [ -100.26999, 37.0018 ], [ -100.21607, 37.00202 ], [ -100.20168, 37.00208 ], [ -100.19375, 37.00213 ], [ -100.19237, 37.00204 ], [ -100.18755, 37.00208 ], [ -100.12449, 37.00219 ], [ -100.11572, 37.00221 ], [ -100.08948, 37.00209 ], [ -100.00571, 37.00173 ], [ -100.00256, 37.00171 ], [ -100.00292, 36.99918 ], [ -100.00275, 36.9972 ], [ -100.00262, 36.94401 ], [ -100.00371, 36.79697 ], [ -100.00375, 36.77615 ], [ -100.00386, 36.7755 ], [ -100.00316, 36.59325 ], [ -100.00377, 36.52887 ], [ -100.00381, 36.52239 ], [ -100.00368, 36.51386 ], [ -100.00366, 36.50084 ], [ -100.00376, 36.4997 ], [ -100.02572, 36.49968 ], [ -100.09002, 36.49963 ], [ -100.18122, 36.49963 ], [ -100.25333, 36.49964 ], [ -100.25825, 36.49964 ], [ -100.31064, 36.49964 ], [ -100.31091, 36.49967 ], [ -100.31102, 36.49969 ], [ -100.31124, 36.49963 ], [ -100.32415, 36.49968 ], [ -100.33444, 36.49944 ], [ -100.33446, 36.49942 ], [ -100.35184, 36.49947 ], [ -100.35185, 36.49949 ], [ -100.37859, 36.49945 ], [ -100.37863, 36.49952 ], [ -100.41355, 36.49947 ], [ -100.41363, 36.49944 ], [ -100.4213, 36.49949 ], [ -100.42133, 36.49945 ], [ -100.42447, 36.49945 ], [ -100.43396, 36.49946 ], [ -100.44106, 36.49946 ], [ -100.44106, 36.49949 ], [ -100.45051, 36.49947 ], [ -100.48657, 36.49938 ], [ -100.48907, 36.49937 ], [ -100.52212, 36.49929 ], [ -100.52223, 36.49929 ], [ -100.53031, 36.49936 ], [ -100.53048, 36.49924 ], [ -100.53122, 36.49929 ], [ -100.53122, 36.49934 ], [ -100.54614, 36.49934 ], [ -100.57811, 36.49944 ], [ -100.57811, 36.49946 ], [ -100.58338, 36.49944 ], [ -100.58354, 36.49948 ], [ -100.59255, 36.49943 ], [ -100.59256, 36.49947 ], [ -100.59261, 36.49947 ], [ -100.61216, 36.49947 ], [ -100.64834, 36.49946 ], [ -100.64834, 36.4995 ], [ -100.65776, 36.4995 ], [ -100.65776, 36.49948 ], [ -100.70863, 36.49952 ], [ -100.70863, 36.49955 ], [ -100.72436, 36.49956 ], [ -100.72436, 36.49958 ], [ -100.76181, 36.49958 ], [ -100.76181, 36.49962 ], [ -100.80289, 36.49962 ], [ -100.80291, 36.49962 ], [ -100.80613, 36.49963 ], [ -100.80617, 36.49963 ], [ -100.80619, 36.49967 ], [ -100.82422, 36.49962 ], [ -100.82424, 36.49962 ], [ -100.85084, 36.4997 ], [ -100.85966, 36.49969 ], [ -100.88408, 36.49968 ], [ -100.88417, 36.49968 ], [ -100.91851, 36.49962 ], [ -100.93606, 36.4996 ], [ -100.95415, 36.4996 ], [ -100.95429, 36.64599 ], [ -100.95435, 36.67086 ] ] ] ] } },
{ "type": "Feature", "properties": { "GEOID": "40009", "NAME": "Beckham", "ALAND": 2335328722.0 }, "geometry": { "type": "MultiPolygon", "coordinates": [ [ [ [ -100.00039, 35.42236 ], [ -99.97872, 35.42222 ], [ -99.97551, 35.42247 ], [ -99.94686, 35.42233 ], [ -99.87635, 35.42218 ], [ -99.78787, 35.42215 ], [ -99.78763, 35.42215 ], [ -99.78473, 35.42215 ], [ -99.7373, 35.42195 ], [ -99.73411, 35.42208 ], [ -99.61185, 35.42152 ], [ -99.61025, 35.42164 ], [ -99.60193, 35.42164 ], [ -99.60179, 35.42164 ], [ -99.59507, 35.42165 ], [ -99.59346, 35.42154 ], [ -99.57582, 35.42166 ], [ -99.5758, 35.47854 ], [ -99.57576, 35.49392 ], [ -99.57576, 35.49401 ], [ -99.57572, 35.50886 ], [ -99.55835, 35.50888 ], [ -99.55697, 35.50876 ], [ -99.4874, 35.50892 ], [ -99.4699, 35.50893 ], [ -99.41821, 35.50892 ], [ -99.4174, 35.50895 ], [ -99.36414, 35.50879 ], [ -99.36415, 35.50194 ], [ -99.36417, 35.4798 ], [ -99.36422, 35.46533 ], [ -99.36426, 35.42546 ], [ -99.36428, 35.42175 ], [ -99.36437, 35.39681 ], [ -99.36437, 35.37823 ], [ -99.36438, 35.36916 ], [ -99.36437, 35.36372 ], [ -99.36442, 35.3567 ], [ -99.36442, 35.34945 ], [ -99.36442, 35.32012 ], [ -99.36446, 35.30577 ], [ -99.3645, 35.29131 ], [ -99.36453, 35.28411 ], [ -99.36457, 35.20447 ], [ -99.36022, 35.20446 ], [ -99.36016, 35.18947 ], [ -99.36015, 35.18211 ], [ -99.36022, 35.18158 ], [ -99.36023, 35.11674 ], [ -99.40834, 35.11691 ], [ -99.40928, 35.11693 ], [ -99.40929, 35.11451 ], [ -99.41258, 35.11275 ], [ -99.41587, 35.11177 ], [ -99.4198, 35.11246 ], [ -99.42137, 35.11413 ], [ -99.42395, 35.11406 ], [ -99.42606, 35.11121 ], [ -99.42817, 35.10929 ], [ -99.43066, 35.10822 ], [ -99.43288, 35.10882 ], [ -99.43795, 35.10884 ], [ -99.44041, 35.1094 ], [ -99.44383, 35.11285 ], [ -99.44371, 35.11405 ], [ -99.44086, 35.11654 ], [ -99.44044, 35.11686 ], [ -99.49237, 35.11701 ], [ -99.50099, 35.11693 ], [ -99.51868, 35.11693 ], [ -99.55721, 35.11699 ], [ -99.55978, 35.11675 ], [ -99.60393, 35.11679 ], [ -99.60672, 35.11701 ], [ -99.6105, 35.1168 ], [ -99.64141, 35.11684 ], [ -99.64226, 35.11684 ], [ -99.71143, 35.11692 ], [ -99.71212, 35.11691 ], [ -99.72099, 35.11691 ], [ -99.72969, 35.11691 ], [ -99.76512, 35.11694 ], [ -99.78273, 35.11694 ], [ -99.78291, 35.10904 ], [ -99.78271, 35.10509 ], [ -99.78282, 35.0803 ], [ -99.78285, 35.06939 ], [ -99.78295, 35.03011 ], [ -99.8528, 35.02998 ], [ -99.85288, 35.02998 ], [ -99.88844, 35.02989 ], [ -99.88845, 35.03026 ], [ -99.94974, 35.02994 ], [ -100.00038, 35.02993 ], [ -100.00038, 35.13933 ], [ -100.00038, 35.1827 ], [ -100.00039, 35.21922 ], [ -100.00039, 35.22017 ], [ -100.00039, 35.30007 ], [ -100.00039, 35.30022 ], [ -100.00039, 35.4222 ], [ -100.00039, 35.42236 ] ] ] ] } },
{ "type": "Feature", "properties": { "GEOID": "40011", "NAME": "Blaine", "ALAND": 2404706856.0 }, "geometry": { "type": "MultiPolygon", "coordinates": [ [ [ [ -98.6369, 36.16489 ], [ -98.61907, 36.16537 ], [ -98.47716, 36.16494 ], [ -98.44159, 36.16493 ], [ -98.43266, 36.16491 ], [ -98.3887, 36.1649 ], [ -98.37976, 36.1649 ], [ -98.37102, 36.16493 ], [ -98.35302, 36.16491 ], [ -98.31724, 36.16488 ], [ -98.23032, 36.16495 ], [ -98.2104, 36.16489 ], [ -98.21034, 36.14756 ], [ -98.21016, 36.05063 ], [ -98.21013, 35.99994 ], [ -98.21014, 35.99258 ], [ -98.20999, 35.89859 ], [ -98.20684, 35.8986 ], [ -98.20693, 35.79758 ], [ -98.20709, 35.75409 ], [ -98.2071, 35.72519 ], [ -98.31315, 35.72474 ], [ -98.3132, 35.71072 ], [ -98.31327, 35.64551 ], [ -98.31328, 35.63828 ], [ -98.31328, 35.63462 ], [ -98.31328, 35.6344 ], [ -98.31326, 35.62902 ], [ -98.31328, 35.62378 ], [ -98.31327, 35.62173 ], [ -98.31328, 35.61708 ], [ -98.31333, 35.61336 ], [ -98.31325, 35.55152 ], [ -98.31325, 35.55141 ], [ -98.34024, 35.55143 ], [ -98.35771, 35.55145 ], [ -98.3599, 35.55164 ], [ -98.36836, 35.55162 ], [ -98.36886, 35.55145 ], [ -98.36941, 35.55133 ], [ -98.38384, 35.55152 ], [ -98.3862, 35.55154 ], [ -98.4296, 35.55157 ], [ -98.43162, 35.55157 ], [ -98.43881, 35.55156 ], [ -98.44132, 35.55157 ], [ -98.44969, 35.55156 ], [ -98.45389, 35.55156 ], [ -98.49832, 35.55159 ], [ -98.49883, 35.55152 ], [ -98.5177, 35.55148 ], [ -98.57024, 35.55155 ], [ -98.57088, 35.55154 ], [ -98.57913, 35.55158 ], [ -98.58852, 35.55153 ], [ -98.62324, 35.55152 ], [ -98.63221, 35.55152 ], [ -98.63218, 35.63852 ], [ -98.63219, 35.65977 ], [ -98.63221, 35.6675 ], [ -98.63218, 35.66939 ], [ -98.63198, 35.7177 ], [ -98.6322, 35.74481 ], [ -98.63199, 35.8124 ], [ -98.63198, 35.84144 ], [ -98.63212, 35.84224 ], [ -98.6321, 35.89879 ], [ -98.63615, 35.89881 ], [ -98.63617, 35.91326 ], [ -98.63616, 35.91375 ], [ -98.63609, 35.9422 ], [ -98.63612, 35.94951 ], [ -98.63613, 35.95668 ], [ -98.63681, 36.14329 ], [ -98.6369, 36.16489 ] ] ] ] } },
{ "type": "Feature", "properties": { "GEOID": "40013", "NAME": "Bryan", "ALAND": 2342250031.0 }, "geometry": { "type": "MultiPolygon", "coordinates": [ [ [ [ -96.62975, 33.85087 ], [ -96.62897, 33.85241 ], [ -96.6254, 33.85654 ], [ -96.61468, 33.8665 ], [ -96.61197, 33.86902 ], [ -96.60169, 33.87282 ], [ -96.59735, 33.8751 ], [ -96.59011, 33.88067 ], [ -96.58749, 33.88425 ], [ -96.58734, 33.88458 ], [ -96.58536, 33.88895 ], [ -96.58545, 33.89128 ], [ -96.58793, 33.89478 ], [ -96.58852, 33.89488 ], [ -96.58713, 33.89698 ], [ -96.59099, 33.90199 ], [ -96.59111, 33.90322 ], [ -96.58874, 33.90532 ], [ -96.58498, 33.90671 ], [ -96.58253, 33.9083 ], [ -96.58174, 33.9099 ], [ -96.58095, 33.91542 ], [ -96.58249, 33.91624 ], [ -96.58695, 33.91567 ], [ -96.59098, 33.91855 ], [ -96.59091, 33.91923 ], [ -96.5904, 33.91976 ], [ -96.5874, 33.91887 ], [ -96.58456, 33.91859 ], [ -96.58157, 33.92029 ], [ -96.58059, 33.92331 ], [ -96.58103, 33.92502 ], [ -96.58401, 33.92535 ], [ -96.58828, 33.9267 ], [ -96.58955, 33.92788 ], [ -96.59316, 33.93296 ], [ -96.59093, 33.93594 ], [ -96.59079, 33.93733 ], [ -96.59221, 33.94052 ], [ -96.59582, 33.94405 ], [ -96.59646, 33.94567 ], [ -96.59394, 33.94734 ], [ -96.59306, 33.95092 ], [ -96.59091, 33.95119 ], [ -96.5879, 33.94801 ], [ -96.58435, 33.95042 ], [ -96.58593, 33.95388 ], [ -96.58538, 33.95488 ], [ -96.58188, 33.95494 ], [ -96.5778, 33.95845 ], [ -96.57657, 33.96047 ], [ -96.57637, 33.96081 ], [ -96.57593, 33.96253 ], [ -96.57619, 33.96388 ], [ -96.57701, 33.96441 ], [ -96.58436, 33.9665 ], [ -96.5852, 33.96736 ], [ -96.58469, 33.97093 ], [ -96.58587, 33.97466 ], [ -96.58707, 33.97156 ], [ -96.58898, 33.97016 ], [ -96.59365, 33.97101 ], [ -96.59434, 33.97244 ], [ -96.59366, 33.97409 ], [ -96.59828, 33.9749 ], [ -96.59983, 33.97652 ], [ -96.60037, 33.97943 ], [ -96.60237, 33.97964 ], [ -96.60502, 33.98051 ], [ -96.60679, 33.98194 ], [ -96.60735, 33.98324 ], [ -96.6066, 33.9845 ], [ -96.60398, 33.98535 ], [ -96.60276, 33.98794 ], [ -96.60371, 33.98872 ], [ -96.60888, 33.98751 ], [ -96.61064, 33.98823 ], [ -96.61272, 33.98985 ], [ -96.61564, 33.99073 ], [ -96.61564, 33.99213 ], [ -96.61337, 33.9924 ], [ -96.61308, 33.99423 ], [ -96.61432, 33.99702 ], [ -96.61994, 33.99945 ], [ -96.62127, 34.00102 ], [ -96.6233, 34.00242 ], [ -96.62475, 34.00542 ], [ -96.62488, 34.00757 ], [ -96.6248, 34.00972 ], [ -96.62336, 34.00949 ], [ -96.62242, 34.00672 ], [ -96.62094, 34.00553 ], [ -96.61814, 34.0099 ], [ -96.61699, 34.01021 ], [ -96.61418, 34.00941 ], [ -96.61229, 34.00932 ], [ -96.60722, 34.00793 ], [ -96.60429, 34.00787 ], [ -96.60359, 34.00948 ], [ -96.60409, 34.0115 ], [ -96.60356, 34.01309 ], [ -96.60234, 34.01419 ], [ -96.59916, 34.01462 ], [ -96.59512, 34.01633 ], [ -96.59342, 34.01673 ], [ -96.59108, 34.01555 ], [ -96.59003, 34.01131 ], [ -96.58703, 34.00856 ], [ -96.5849, 34.0073 ], [ -96.58295, 34.00688 ], [ -96.58179, 34.00819 ], [ -96.57895, 34.00914 ], [ -96.5741, 34.01668 ], [ -96.57332, 34.01961 ], [ -96.57365, 34.02099 ], [ -96.57789, 34.02028 ], [ -96.57917, 34.02094 ], [ -96.57958, 34.02261 ], [ -96.5789, 34.02354 ], [ -96.57538, 34.02556 ], [ -96.57302, 34.02862 ], [ -96.57311, 34.03018 ], [ -96.5742, 34.03045 ], [ -96.57744, 34.02965 ], [ -96.57895, 34.02985 ], [ -96.57999, 34.0312 ], [ -96.57998, 34.03387 ], [ -96.57636, 34.0338 ], [ -96.57433, 34.03696 ], [ -96.57449, 34.03797 ], [ -96.57857, 34.04503 ], [ -96.57867, 34.04677 ], [ -96.57784, 34.04857 ], [ -96.57602, 34.04957 ], [ -96.57305, 34.05044 ], [ -96.57132, 34.04927 ], [ -96.57212, 34.04733 ], [ -96.57607, 34.04424 ], [ -96.57648, 34.04348 ], [ -96.57619, 34.04268 ], [ -96.5745, 34.042 ], [ -96.57155, 34.04252 ], [ -96.56958, 34.04374 ], [ -96.56867, 34.04709 ], [ -96.56758, 34.04795 ], [ -96.56476, 34.04806 ], [ -96.5615, 34.04869 ], [ -96.55801, 34.05046 ], [ -96.5565, 34.05273 ], [ -96.55598, 34.05633 ], [ -96.55285, 34.06005 ], [ -96.54764, 34.06365 ], [ -96.54779, 34.06492 ], [ -96.54918, 34.06625 ], [ -96.54873, 34.06813 ], [ -96.55072, 34.06993 ], [ -96.55075, 34.07175 ], [ -96.55589, 34.07387 ], [ -96.56034, 34.07344 ], [ -96.56428, 34.07716 ], [ -96.56404, 34.07903 ], [ -96.56131, 34.07948 ], [ -96.55875, 34.07815 ], [ -96.55699, 34.07809 ], [ -96.55605, 34.07888 ], [ -96.55589, 34.08118 ], [ -96.55757, 34.08166 ], [ -96.56061, 34.08127 ], [ -96.56474, 34.08209 ], [ -96.56544, 34.08322 ], [ -96.5686, 34.08478 ], [ -96.56892, 34.08603 ], [ -96.56576, 34.08843 ], [ -96.56572, 34.08969 ], [ -96.56747, 34.09025 ], [ -96.56902, 34.09192 ], [ -96.57012, 34.09495 ], [ -96.57166, 34.0967 ], [ -96.57398, 34.09788 ], [ -96.58139, 34.10481 ], [ -96.58203, 34.10591 ], [ -96.57913, 34.108 ], [ -96.57933, 34.11006 ], [ -96.58017, 34.11063 ], [ -96.58368, 34.11119 ], [ -96.58495, 34.1127 ], [ -96.58536, 34.11446 ], [ -96.58383, 34.11431 ], [ -96.57226, 34.11429 ], [ -96.56324, 34.11427 ], [ -96.47889, 34.1142 ], [ -96.45384, 34.1141 ], [ -96.45397, 34.1251 ], [ -96.45381, 34.15672 ], [ -96.4539, 34.15735 ], [ -96.41354, 34.15734 ], [ -96.41058, 34.15733 ], [ -96.40752, 34.15732 ], [ -96.40752, 34.15719 ], [ -96.38875, 34.15716 ], [ -96.37265, 34.15718 ], [ -96.35567, 34.15719 ], [ -96.32071, 34.15718 ], [ -96.28489, 34.15708 ], [ -96.27987, 34.15709 ], [ -96.26827, 34.15709 ], [ -96.23549, 34.15703 ], [ -96.23395, 34.15717 ], [ -96.22305, 34.15714 ], [ -96.22156, 34.15701 ], [ -96.14763, 34.15697 ], [ -96.10255, 34.15694 ], [ -96.08593, 34.15693 ], [ -96.07109, 34.15691 ], [ -96.06865, 34.15691 ], [ -96.05185, 34.15686 ], [ -95.99854, 34.15682 ], [ -95.99158, 34.1568 ], [ -95.99004, 34.15496 ], [ -95.98819, 34.15583 ], [ -95.9858, 34.15613 ], [ -95.9847, 34.1543 ], [ -95.9826, 34.15435 ], [ -95.98189, 34.1535 ], [ -95.98329, 34.1524 ], [ -95.98164, 34.15265 ], [ -95.97891, 34.15082 ], [ -95.97784, 34.15108 ], [ -95.97825, 34.15405 ], [ -95.97696, 34.15488 ], [ -95.97611, 34.15323 ], [ -95.97456, 34.15241 ], [ -95.97311, 34.15401 ], [ -95.97019, 34.15502 ], [ -95.96986, 34.15378 ], [ -95.97151, 34.15341 ], [ -95.97145, 34.15252 ], [ -95.96972, 34.15243 ], [ -95.96782, 34.15122 ], [ -95.96603, 34.15149 ], [ -95.96482, 34.15026 ], [ -95.96237, 34.15122 ], [ -95.95601, 34.14911 ], [ -95.95458, 34.14932 ], [ -95.95334, 34.14772 ], [ -95.95603, 34.14756 ], [ -95.95477, 34.14566 ], [ -95.95265, 34.14591 ], [ -95.95127, 34.14474 ], [ -95.94976, 34.14511 ], [ -95.95025, 34.14397 ], [ -95.95182, 34.14406 ], [ -95.95072, 34.14168 ], [ -95.9527, 34.14181 ], [ -95.95279, 34.14005 ], [ -95.9538, 34.13891 ], [ -95.95188, 34.13964 ], [ -95.95058, 34.1392 ], [ -95.95069, 34.13643 ], [ -95.94841, 34.13415 ], [ -95.94956, 34.13323 ], [ -95.94876, 34.13147 ], [ -95.95009, 34.13097 ], [ -95.94978, 34.12916 ], [ -95.94742, 34.12881 ], [ -95.94574, 34.12632 ], [ -95.94442, 34.12557 ], [ -95.94395, 34.12409 ], [ -95.94082, 34.12404 ], [ -95.93988, 34.12618 ], [ -95.9382, 34.12559 ], [ -95.93822, 34.09867 ], [ -95.93819, 34.09675 ], [ -95.93814, 34.09631 ], [ -95.93821, 34.09527 ], [ -95.93832, 34.06964 ], [ -95.93813, 34.06818 ], [ -95.93809, 34.0407 ], [ -95.93815, 34.01188 ], [ -95.93801, 34.01073 ], [ -95.93799, 33.94822 ], [ -95.93697, 33.94584 ], [ -95.93541, 33.94482 ], [ -95.93594, 33.94244 ], [ -95.93247, 33.93993 ], [ -95.93126, 33.94042 ], [ -95.93035, 33.93962 ], [ -95.92889, 33.93963 ], [ -95.92936, 33.938 ], [ -95.92663, 33.93717 ], [ -95.92617, 33.93446 ], [ -95.92493, 33.93231 ], [ -95.92369, 33.93293 ], [ -95.92176, 33.93163 ], [ -95.92118, 33.93009 ], [ -95.92266, 33.92876 ], [ -95.92211, 33.92791 ], [ -95.91965, 33.92627 ], [ -95.9183, 33.92614 ], [ -95.91887, 33.92506 ], [ -95.91469, 33.92324 ], [ -95.90942, 33.92183 ], [ -95.90905, 33.92322 ], [ -95.90559, 33.92266 ], [ -95.90418, 33.9238 ], [ -95.90335, 33.9232 ], [ -95.90393, 33.92186 ], [ -95.90117, 33.92 ], [ -95.90037, 33.92071 ], [ -95.89892, 33.9198 ], [ -95.89662, 33.92172 ], [ -95.89573, 33.92084 ], [ -95.89481, 33.9213 ], [ -95.89361, 33.9203 ], [ -95.89215, 33.92031 ], [ -95.89186, 33.91953 ], [ -95.88734, 33.91851 ], [ -95.88591, 33.91706 ], [ -95.88694, 33.91672 ], [ -95.88643, 33.91577 ], [ -95.88367, 33.91642 ], [ -95.88098, 33.9167 ], [ -95.8786, 33.91576 ], [ -95.87587, 33.91377 ], [ -95.87657, 33.91349 ], [ -95.87347, 33.91072 ], [ -95.87363, 33.90991 ], [ -95.87204, 33.90734 ], [ -95.87117, 33.90757 ], [ -95.86952, 33.90572 ], [ -95.86734, 33.90548 ], [ -95.86852, 33.90503 ], [ -95.86819, 33.90375 ], [ -95.86718, 33.9038 ], [ -95.86712, 33.90236 ], [ -95.86613, 33.90241 ], [ -95.86693, 33.90111 ], [ -95.86568, 33.90056 ], [ -95.86605, 33.89645 ], [ -95.86493, 33.895 ], [ -95.86368, 33.89466 ], [ -95.86442, 33.89381 ], [ -95.86311, 33.89258 ], [ -95.86411, 33.89253 ], [ -95.86292, 33.88959 ], [ -95.86115, 33.8874 ], [ -95.85908, 33.88796 ], [ -95.85764, 33.88747 ], [ -95.85661, 33.88583 ], [ -95.85382, 33.88516 ], [ -95.85469, 33.88352 ], [ -95.85341, 33.8841 ], [ -95.85195, 33.88343 ], [ -95.85128, 33.88121 ], [ -95.84776, 33.88 ], [ -95.84744, 33.87915 ], [ -95.84509, 33.87876 ], [ -95.84412, 33.87791 ], [ -95.84274, 33.878 ], [ -95.84164, 33.8754 ], [ -95.83978, 33.87419 ], [ -95.83959, 33.87493 ], [ -95.83691, 33.87337 ], [ -95.83613, 33.87447 ], [ -95.83457, 33.87373 ], [ -95.8327, 33.87575 ], [ -95.83072, 33.87538 ], [ -95.83058, 33.87403 ], [ -95.82818, 33.87314 ], [ -95.82603, 33.87374 ], [ -95.82351, 33.87281 ], [ -95.82254, 33.87366 ], [ -95.82086, 33.87284 ], [ -95.81829, 33.87235 ], [ -95.81424, 33.87284 ], [ -95.81398, 33.87143 ], [ -95.81202, 33.86985 ], [ -95.80915, 33.8712 ], [ -95.80697, 33.87025 ], [ -95.80509, 33.87012 ], [ -95.80176, 33.87253 ], [ -95.80097, 33.87163 ], [ -95.79924, 33.87175 ], [ -95.79891, 33.8732 ], [ -95.79704, 33.87371 ], [ -95.79493, 33.87334 ], [ -95.79443, 33.87394 ], [ -95.79287, 33.87264 ], [ -95.79236, 33.87348 ], [ -95.79051, 33.87333 ], [ -95.78943, 33.87247 ], [ -95.78851, 33.8736 ], [ -95.78753, 33.87281 ], [ -95.78675, 33.87353 ], [ -95.78578, 33.87239 ], [ -95.78398, 33.86909 ], [ -95.78146, 33.8683 ], [ -95.7795, 33.87013 ], [ -95.77694, 33.8714 ], [ -95.77699, 33.87272 ], [ -95.77517, 33.87452 ], [ -95.7719, 33.8738 ], [ -95.76986, 33.87145 ], [ -95.76559, 33.87102 ], [ -95.76449, 33.87131 ], [ -95.76145, 33.87318 ], [ -95.7568, 33.86823 ], [ -95.75321, 33.86366 ], [ -95.75164, 33.8611 ], [ -95.75129, 33.85888 ], [ -95.75175, 33.85556 ], [ -95.75373, 33.85318 ], [ -95.75746, 33.85004 ], [ -95.76359, 33.84682 ], [ -95.77056, 33.84527 ], [ -95.7759, 33.84731 ], [ -95.77988, 33.85133 ], [ -95.78239, 33.85105 ], [ -95.78789, 33.85634 ], [ -95.78987, 33.85769 ], [ -95.80084, 33.86121 ], [ -95.80515, 33.8613 ], [ -95.81762, 33.85902 ], [ -95.82167, 33.85663 ], [ -95.82167, 33.85544 ], [ -95.82068, 33.85075 ], [ -95.81952, 33.84844 ], [ -95.81898, 33.84446 ], [ -95.81936, 33.84278 ], [ -95.82078, 33.84056 ], [ -95.82279, 33.83876 ], [ -95.82824, 33.83605 ], [ -95.83195, 33.83516 ], [ -95.83752, 33.83564 ], [ -95.84001, 33.83649 ], [ -95.84524, 33.83907 ], [ -95.84638, 33.84004 ], [ -95.84937, 33.84259 ], [ -95.85552, 33.84926 ], [ -95.85881, 33.85067 ], [ -95.86091, 33.84992 ], [ -95.86691, 33.85147 ], [ -95.8749, 33.85592 ], [ -95.88129, 33.86063 ], [ -95.88354, 33.86272 ], [ -95.88669, 33.86481 ], [ -95.89456, 33.86741 ], [ -95.90583, 33.87405 ], [ -95.91858, 33.88084 ], [ -95.92271, 33.88376 ], [ -95.92579, 33.885 ], [ -95.92956, 33.885 ], [ -95.93198, 33.88351 ], [ -95.93245, 33.88322 ], [ -95.93356, 33.87945 ], [ -95.93533, 33.8751 ], [ -95.93663, 33.87062 ], [ -95.94127, 33.86162 ], [ -95.94428, 33.85981 ], [ -95.95265, 33.85836 ], [ -95.97216, 33.85637 ], [ -95.98425, 33.85266 ], [ -95.98428, 33.85273 ], [ -95.98551, 33.85569 ], [ -95.98396, 33.85858 ], [ -95.98373, 33.86169 ], [ -95.98425, 33.8644 ], [ -95.98919, 33.86859 ], [ -95.99862, 33.87223 ], [ -96.00119, 33.87234 ], [ -96.00341, 33.87234 ], [ -96.00444, 33.86974 ], [ -96.00296, 33.86679 ], [ -96.00134, 33.8635 ], [ -95.99808, 33.86169 ], [ -95.99452, 33.86147 ], [ -95.99519, 33.85813 ], [ -95.99586, 33.85569 ], [ -95.99771, 33.85218 ], [ -95.99835, 33.85105 ], [ -96.00163, 33.8477 ], [ -96.0053, 33.84551 ], [ -96.0196, 33.84057 ], [ -96.02139, 33.84104 ], [ -96.02324, 33.84248 ], [ -96.02178, 33.84693 ], [ -96.01954, 33.8535 ], [ -96.02117, 33.85547 ], [ -96.02391, 33.85707 ], [ -96.02694, 33.8568 ], [ -96.02944, 33.85635 ], [ -96.03116, 33.85258 ], [ -96.03137, 33.84725 ], [ -96.03719, 33.84125 ], [ -96.04883, 33.83647 ], [ -96.05536, 33.83826 ], [ -96.0592, 33.83973 ], [ -96.06392, 33.84152 ], [ -96.08463, 33.84666 ], [ -96.09512, 33.84755 ], [ -96.10009, 33.84797 ], [ -96.10019, 33.84789 ], [ -96.10147, 33.84671 ], [ -96.10135, 33.84572 ], [ -96.10079, 33.84423 ], [ -96.09915, 33.84241 ], [ -96.09764, 33.83794 ], [ -96.09745, 33.83273 ], [ -96.09936, 33.83047 ], [ -96.10407, 33.83073 ], [ -96.10999, 33.8324 ], [ -96.11817, 33.83788 ], [ -96.12295, 33.83996 ], [ -96.1389, 33.83916 ], [ -96.14807, 33.8378 ], [ -96.15015, 33.83586 ], [ -96.15163, 33.83195 ], [ -96.14879, 33.8192 ], [ -96.15077, 33.81699 ], [ -96.15666, 33.81822 ], [ -96.16481, 33.8178 ], [ -96.17589, 33.81463 ], [ -96.17896, 33.81055 ], [ -96.17734, 33.80512 ], [ -96.17515, 33.80195 ], [ -96.17037, 33.79938 ], [ -96.16883, 33.8026 ], [ -96.16975, 33.8049 ], [ -96.16883, 33.80766 ], [ -96.16699, 33.8111 ], [ -96.16194, 33.81317 ], [ -96.15636, 33.81335 ], [ -96.15918, 33.81018 ], [ -96.16111, 33.80577 ], [ -96.16125, 33.79572 ], [ -96.16276, 33.78877 ], [ -96.16945, 33.77013 ], [ -96.17463, 33.7637 ], [ -96.17806, 33.76052 ], [ -96.18626, 33.75652 ], [ -96.18655, 33.75637 ], [ -96.19637, 33.75324 ], [ -96.19638, 33.75324 ], [ -96.1999, 33.75212 ], [ -96.22052, 33.74739 ], [ -96.22902, 33.74802 ], [ -96.24823, 33.75899 ], [ -96.25557, 33.76208 ], [ -96.25751, 33.76395 ], [ -96.26359, 33.76747 ], [ -96.26788, 33.76777 ], [ -96.2699, 33.76841 ], [ -96.27785, 33.77048 ], [ -96.28825, 33.77122 ], [ -96.29371, 33.76941 ], [ -96.29653, 33.76579 ], [ -96.30171, 33.75376 ], [ -96.30301, 33.75088 ], [ -96.3061, 33.741 ], [ -96.30739, 33.73501 ], [ -96.3066, 33.72679 ], [ -96.30703, 33.71999 ], [ -96.30784, 33.71737 ], [ -96.30834, 33.71575 ], [ -96.30996, 33.71049 ], [ -96.31692, 33.699 ], [ -96.31876, 33.69675 ], [ -96.3211, 33.6951 ], [ -96.33187, 33.69345 ], [ -96.33493, 33.69208 ], [ -96.33801, 33.68873 ], [ -96.34266, 33.68697 ], [ -96.34831, 33.68638 ], [ -96.35595, 33.68715 ], [ -96.3622, 33.69182 ], [ -96.36313, 33.69421 ], [ -96.36325, 33.70105 ], [ -96.36695, 33.71122 ], [ -96.36959, 33.71681 ], [ -96.3794, 33.72582 ], [ -96.38412, 33.73014 ], [ -96.40351, 33.74629 ], [ -96.40847, 33.75119 ], [ -96.41187, 33.75569 ], [ -96.41341, 33.75771 ], [ -96.41615, 33.7661 ], [ -96.41756, 33.76904 ], [ -96.41921, 33.77178 ], [ -96.41996, 33.77303 ], [ -96.42264, 33.77604 ], [ -96.43021, 33.77865 ], [ -96.43671, 33.77933 ], [ -96.44121, 33.78033 ], [ -96.44804, 33.78103 ], [ -96.44867, 33.78092 ], [ -96.45051, 33.78059 ], [ -96.45625, 33.77604 ], [ -96.45711, 33.7758 ], [ -96.45915, 33.77523 ], [ -96.46787, 33.7758 ], [ -96.47309, 33.77544 ], [ -96.48606, 33.77301 ], [ -96.50027, 33.77258 ], [ -96.50229, 33.77346 ], [ -96.51191, 33.78148 ], [ -96.51591, 33.7878 ], [ -96.51591, 33.78847 ], [ -96.51593, 33.79264 ], [ -96.51595, 33.79564 ], [ -96.51596, 33.79893 ], [ -96.51658, 33.80317 ], [ -96.51991, 33.81135 ], [ -96.52386, 33.81811 ], [ -96.52666, 33.82089 ], [ -96.52923, 33.82213 ], [ -96.53209, 33.82282 ], [ -96.53223, 33.82285 ], [ -96.53287, 33.82301 ], [ -96.54404, 33.82065 ], [ -96.55122, 33.81913 ], [ -96.5663, 33.81851 ], [ -96.57294, 33.8191 ], [ -96.58707, 33.82801 ], [ -96.59293, 33.83092 ], [ -96.60126, 33.83433 ], [ -96.62315, 33.84148 ], [ -96.62929, 33.84549 ], [ -96.63002, 33.84754 ], [ -96.62975, 33.85087 ] ] ] ] } },
{ "type": "Feature", "properties": { "GEOID": "40015", "NAME": "Caddo", "ALAND": 3309366432.0 }, "geometry": { "type": "MultiPolygon", "coordinates": [ [ [ [ -98.62363, 35.26205 ], [ -98.62358, 35.2764 ], [ -98.62355, 35.28368 ], [ -98.62351, 35.29079 ], [ -98.62339, 35.33405 ], [ -98.62339, 35.36291 ], [ -98.6233, 35.39903 ], [ -98.62331, 35.4209 ], [ -98.62334, 35.46422 ], [ -98.62328, 35.49451 ], [ -98.62334, 35.495 ], [ -98.62329, 35.51481 ], [ -98.6233, 35.52239 ], [ -98.62326, 35.53626 ], [ -98.62325, 35.53647 ], [ -98.62324, 35.55152 ], [ -98.58852, 35.55153 ], [ -98.57913, 35.55158 ], [ -98.57088, 35.55154 ], [ -98.57024, 35.55155 ], [ -98.5177, 35.55148 ], [ -98.49883, 35.55152 ], [ -98.49832, 35.55159 ], [ -98.45389, 35.55156 ], [ -98.44969, 35.55156 ], [ -98.44132, 35.55157 ], [ -98.43881, 35.55156 ], [ -98.43162, 35.55157 ], [ -98.4296, 35.55157 ], [ -98.3862, 35.55154 ], [ -98.38384, 35.55152 ], [ -98.36941, 35.55133 ], [ -98.36886, 35.55145 ], [ -98.36836, 35.55162 ], [ -98.3599, 35.55164 ], [ -98.35771, 35.55145 ], [ -98.34024, 35.55143 ], [ -98.31325, 35.55141 ], [ -98.31325, 35.55152 ], [ -98.31283, 35.55131 ], [ -98.30839, 35.55131 ], [ -98.3084, 35.5501 ], [ -98.3084, 35.54478 ], [ -98.30757, 35.54105 ], [ -98.3065, 35.53624 ], [ -98.30646, 35.51525 ], [ -98.30629, 35.51448 ], [ -98.30625, 35.48238 ], [ -98.30641, 35.47995 ], [ -98.30625, 35.47107 ], [ -98.30639, 35.42049 ], [ -98.30638, 35.4069 ], [ -98.30626, 35.4061 ], [ -98.30631, 35.40603 ], [ -98.30633, 35.37724 ], [ -98.3052, 35.37716 ], [ -98.30334, 35.37727 ], [ -98.30197, 35.37735 ], [ -98.28981, 35.37733 ], [ -98.26283, 35.37703 ], [ -98.25551, 35.37678 ], [ -98.20996, 35.37681 ], [ -98.19261, 35.37696 ], [ -98.17088, 35.37726 ], [ -98.16713, 35.37729 ], [ -98.16642, 35.3772 ], [ -98.13125, 35.37742 ], [ -98.13093, 35.37749 ], [ -98.09601, 35.37775 ], [ -98.09535, 35.30522 ], [ -98.095, 35.24734 ], [ -98.09497, 35.23279 ], [ -98.09498, 35.20372 ], [ -98.09134, 35.20373 ], [ -98.09131, 35.18921 ], [ -98.09115, 35.11666 ], [ -98.0911, 35.08918 ], [ -98.09239, 35.08865 ], [ -98.09293, 35.08689 ], [ -98.09288, 35.08321 ], [ -98.09291, 35.07726 ], [ -98.09296, 35.07646 ], [ -98.09306, 35.02882 ], [ -98.09301, 35.01415 ], [ -98.09306, 34.98523 ], [ -98.09305, 34.97069 ], [ -98.09298, 34.9547 ], [ -98.09302, 34.95436 ], [ -98.09308, 34.88393 ], [ -98.09313, 34.85499 ], [ -98.10658, 34.855 ], [ -98.12352, 34.855 ], [ -98.12442, 34.85511 ], [ -98.14537, 34.85502 ], [ -98.15847, 34.85509 ], [ -98.15989, 34.85502 ], [ -98.16417, 34.85502 ], [ -98.1647, 34.8551 ], [ -98.16754, 34.85511 ], [ -98.1943, 34.855 ], [ -98.19862, 34.85518 ], [ -98.20121, 34.85511 ], [ -98.23529, 34.85515 ], [ -98.26871, 34.85514 ], [ -98.29924, 34.85514 ], [ -98.30392, 34.85514 ], [ -98.36077, 34.85514 ], [ -98.3872, 34.85516 ], [ -98.39184, 34.85518 ], [ -98.42241, 34.85517 ], [ -98.46107, 34.85512 ], [ -98.46221, 34.85521 ], [ -98.50983, 34.85524 ], [ -98.54546, 34.85527 ], [ -98.56212, 34.85529 ], [ -98.61982, 34.85534 ], [ -98.62015, 34.88434 ], [ -98.62017, 34.91217 ], [ -98.61995, 34.91328 ], [ -98.62002, 34.94157 ], [ -98.62018, 34.94233 ], [ -98.62026, 34.96252 ], [ -98.62036, 35.01494 ], [ -98.62077, 35.0974 ], [ -98.62069, 35.09777 ], [ -98.61933, 35.10131 ], [ -98.61875, 35.10169 ], [ -98.61816, 35.10206 ], [ -98.61824, 35.11717 ], [ -98.61802, 35.20414 ], [ -98.62359, 35.20415 ], [ -98.62379, 35.21865 ], [ -98.62363, 35.26205 ] ] ] ] } },
{ "type": "Feature", "properties": { "GEOID": "40017", "NAME": "Canadian", "ALAND": 2322112748.0 }, "geometry": { "type": "MultiPolygon", "coordinates": [ [ [ [ -98.31328, 35.61708 ], [ -98.31327, 35.62173 ], [ -98.31328, 35.62378 ], [ -98.31326, 35.62902 ], [ -98.31328, 35.6344 ], [ -98.31328, 35.63462 ], [ -98.31328, 35.63828 ], [ -98.31327, 35.64551 ], [ -98.3132, 35.71072 ], [ -98.31315, 35.72474 ], [ -98.2071, 35.72519 ], [ -98.2071, 35.72514 ], [ -98.19355, 35.72513 ], [ -98.16253, 35.72509 ], [ -98.14484, 35.72531 ], [ -98.12078, 35.72532 ], [ -98.11845, 35.72532 ], [ -98.09215, 35.72537 ], [ -97.98616, 35.72563 ], [ -97.96892, 35.7259 ], [ -97.95899, 35.72607 ], [ -97.86985, 35.726 ], [ -97.8341, 35.7259 ], [ -97.82536, 35.72587 ], [ -97.81621, 35.72584 ], [ -97.80731, 35.72578 ], [ -97.78958, 35.7257 ], [ -97.78056, 35.72572 ], [ -97.7675, 35.72572 ], [ -97.76297, 35.72572 ], [ -97.7277, 35.72582 ], [ -97.70042, 35.7259 ], [ -97.69147, 35.72592 ], [ -97.67403, 35.72597 ], [ -97.67401, 35.70383 ], [ -97.67399, 35.68922 ], [ -97.67402, 35.68207 ], [ -97.67395, 35.65296 ], [ -97.67395, 35.63854 ], [ -97.674, 35.62396 ], [ -97.67402, 35.60925 ], [ -97.67404, 35.59482 ], [ -97.67404, 35.59476 ], [ -97.67404, 35.58796 ], [ -97.67404, 35.58028 ], [ -97.67404, 35.5766 ], [ -97.67404, 35.57366 ], [ -97.67404, 35.5735 ], [ -97.67404, 35.57297 ], [ -97.67405, 35.57047 ], [ -97.67405, 35.56932 ], [ -97.67405, 35.5657 ], [ -97.67404, 35.55731 ], [ -97.67405, 35.55113 ], [ -97.67248, 35.55111 ], [ -97.67144, 35.55111 ], [ -97.67146, 35.53737 ], [ -97.67147, 35.53002 ], [ -97.67148, 35.51492 ], [ -97.67149, 35.50745 ], [ -97.67151, 35.49296 ], [ -97.67149, 35.48607 ], [ -97.67146, 35.48584 ], [ -97.67146, 35.47875 ], [ -97.67153, 35.47135 ], [ -97.67154, 35.46421 ], [ -97.67153, 35.46042 ], [ -97.6715, 35.44844 ], [ -97.67143, 35.44789 ], [ -97.67141, 35.43547 ], [ -97.67141, 35.43535 ], [ -97.6714, 35.42832 ], [ -97.67142, 35.42079 ], [ -97.67142, 35.42078 ], [ -97.67138, 35.40622 ], [ -97.67138, 35.39308 ], [ -97.67137, 35.39165 ], [ -97.67136, 35.37946 ], [ -97.67137, 35.37715 ], [ -97.67136, 35.34812 ], [ -97.67146, 35.3469 ], [ -97.67141, 35.33747 ], [ -97.67141, 35.33595 ], [ -97.67847, 35.33497 ], [ -97.67933, 35.33481 ], [ -97.68505, 35.3343 ], [ -97.68672, 35.33384 ], [ -97.68974, 35.33224 ], [ -97.69648, 35.32744 ], [ -97.70186, 35.32624 ], [ -97.70527, 35.32533 ], [ -97.70629, 35.32497 ], [ -97.70816, 35.32473 ], [ -97.71135, 35.32485 ], [ -97.71311, 35.32546 ], [ -97.71379, 35.32793 ], [ -97.71561, 35.32828 ], [ -97.71806, 35.32818 ], [ -97.71843, 35.32853 ], [ -97.72003, 35.32852 ], [ -97.72153, 35.32714 ], [ -97.72356, 35.32659 ], [ -97.72382, 35.32652 ], [ -97.72471, 35.32583 ], [ -97.73628, 35.32384 ], [ -97.73731, 35.32376 ], [ -97.74631, 35.32835 ], [ -97.74867, 35.32936 ], [ -97.75108, 35.3313 ], [ -97.75198, 35.33428 ], [ -97.75664, 35.33876 ], [ -97.76087, 35.3403 ], [ -97.7615, 35.34035 ], [ -97.7639, 35.34085 ], [ -97.76784, 35.34508 ], [ -97.76927, 35.34565 ], [ -97.77241, 35.34558 ], [ -97.77391, 35.34335 ], [ -97.77471, 35.33942 ], [ -97.77757, 35.33709 ], [ -97.78119, 35.33611 ], [ -97.78359, 35.33629 ], [ -97.78608, 35.33716 ], [ -97.78832, 35.33664 ], [ -97.78963, 35.33335 ], [ -97.79043, 35.33292 ], [ -97.79202, 35.3327 ], [ -97.79382, 35.33491 ], [ -97.79468, 35.33663 ], [ -97.79672, 35.33911 ], [ -97.7993, 35.3391 ], [ -97.80316, 35.33966 ], [ -97.80719, 35.34085 ], [ -97.80994, 35.33996 ], [ -97.81211, 35.33825 ], [ -97.81213, 35.33379 ], [ -97.8147, 35.33394 ], [ -97.81983, 35.33535 ], [ -97.82181, 35.33518 ], [ -97.82496, 35.33374 ], [ -97.8256, 35.33376 ], [ -97.82744, 35.33438 ], [ -97.8287, 35.33436 ], [ -97.83235, 35.3347 ], [ -97.83367, 35.33536 ], [ -97.83773, 35.33477 ], [ -97.84133, 35.33453 ], [ -97.84391, 35.33538 ], [ -97.84842, 35.33771 ], [ -97.85367, 35.3411 ], [ -97.85685, 35.34495 ], [ -97.85715, 35.34616 ], [ -97.85682, 35.35127 ], [ -97.8571, 35.35426 ], [ -97.85775, 35.35626 ], [ -97.85965, 35.35952 ], [ -97.8628, 35.36183 ], [ -97.8656, 35.36234 ], [ -97.8699, 35.36252 ], [ -97.87166, 35.36203 ], [ -97.87317, 35.36087 ], [ -97.87333, 35.35684 ], [ -97.87392, 35.35598 ], [ -97.87569, 35.35587 ], [ -97.8767, 35.35548 ], [ -97.8797, 35.35619 ], [ -97.88192, 35.35598 ], [ -97.88361, 35.35645 ], [ -97.88496, 35.35582 ], [ -97.8841, 35.34901 ], [ -97.88712, 35.34739 ], [ -97.89006, 35.34706 ], [ -97.89409, 35.34703 ], [ -97.89734, 35.34487 ], [ -97.89966, 35.34411 ], [ -97.9012, 35.34432 ], [ -97.90309, 35.3454 ], [ -97.90352, 35.34914 ], [ -97.90212, 35.35095 ], [ -97.90157, 35.35344 ], [ -97.90313, 35.35557 ], [ -97.90483, 35.35608 ], [ -97.90701, 35.35587 ], [ -97.91137, 35.35314 ], [ -97.91458, 35.3524 ], [ -97.9183, 35.35256 ], [ -97.92083, 35.35352 ], [ -97.9245, 35.35864 ], [ -97.9279, 35.36049 ], [ -97.92977, 35.36287 ], [ -97.9305, 35.36411 ], [ -97.93026, 35.36778 ], [ -97.93225, 35.37338 ], [ -97.9348, 35.37535 ], [ -97.93634, 35.37575 ], [ -97.94026, 35.3769 ], [ -97.94341, 35.37719 ], [ -97.94398, 35.37641 ], [ -97.94721, 35.37485 ], [ -97.94721, 35.37296 ], [ -97.94633, 35.37103 ], [ -97.94655, 35.36809 ], [ -97.94595, 35.36247 ], [ -97.94664, 35.35988 ], [ -97.94684, 35.35641 ], [ -97.94896, 35.35271 ], [ -97.95227, 35.35059 ], [ -97.95255, 35.34775 ], [ -97.95517, 35.34605 ], [ -97.96012, 35.34594 ], [ -97.96318, 35.34939 ], [ -97.96455, 35.3502 ], [ -97.96955, 35.35148 ], [ -97.97227, 35.35361 ], [ -97.9728, 35.3563 ], [ -97.97386, 35.3571 ], [ -97.97898, 35.3562 ], [ -97.98141, 35.35634 ], [ -97.98376, 35.35724 ], [ -97.9859, 35.35857 ], [ -97.99092, 35.35975 ], [ -97.99167, 35.3604 ], [ -97.99526, 35.3617 ], [ -97.99694, 35.36169 ], [ -97.99918, 35.36248 ], [ -98.00149, 35.36436 ], [ -98.00346, 35.36407 ], [ -98.00397, 35.36215 ], [ -98.0064, 35.36038 ], [ -98.01084, 35.36077 ], [ -98.01197, 35.36206 ], [ -98.01208, 35.36372 ], [ -98.011, 35.36552 ], [ -98.00886, 35.3668 ], [ -98.00987, 35.36935 ], [ -98.01171, 35.37141 ], [ -98.01609, 35.37443 ], [ -98.01638, 35.37656 ], [ -98.01745, 35.37791 ], [ -98.01931, 35.37843 ], [ -98.02075, 35.37753 ], [ -98.02353, 35.37782 ], [ -98.09601, 35.37775 ], [ -98.13093, 35.37749 ], [ -98.13125, 35.37742 ], [ -98.16642, 35.3772 ], [ -98.16713, 35.37729 ], [ -98.17088, 35.37726 ], [ -98.19261, 35.37696 ], [ -98.20996, 35.37681 ], [ -98.25551, 35.37678 ], [ -98.26283, 35.37703 ], [ -98.28981, 35.37733 ], [ -98.30197, 35.37735 ], [ -98.30334, 35.37727 ], [ -98.3052, 35.37716 ], [ -98.30633, 35.37724 ], [ -98.30631, 35.40603 ], [ -98.30626, 35.4061 ], [ -98.30638, 35.4069 ], [ -98.30639, 35.42049 ], [ -98.30625, 35.47107 ], [ -98.30641, 35.47995 ], [ -98.30625, 35.48238 ], [ -98.30629, 35.51448 ], [ -98.30646, 35.51525 ], [ -98.3065, 35.53624 ], [ -98.30757, 35.54105 ], [ -98.3084, 35.54478 ], [ -98.3084, 35.5501 ], [ -98.30839, 35.55131 ], [ -98.31283, 35.55131 ], [ -98.31325, 35.55152 ], [ -98.31333, 35.61336 ], [ -98.31328, 35.61708 ] ] ] ] } },
{ "type": "Feature", "properties": { "GEOID": "40019", "NAME": "Carter", "ALAND": 2129750449.0 }, "geometry": { "type": "MultiPolygon", "coordinates": [ [ [ [ -97.56263, 34.31817 ], [ -97.56243, 34.40518 ], [ -97.56242, 34.4273 ], [ -97.56233, 34.47644 ], [ -97.56239, 34.47703 ], [ -97.56239, 34.47778 ], [ -97.56238, 34.48533 ], [ -97.56232, 34.50704 ], [ -97.50935, 34.50699 ], [ -97.40506, 34.50688 ], [ -97.36093, 34.50687 ], [ -97.35218, 34.5068 ], [ -97.35219, 34.49233 ], [ -97.35222, 34.45593 ], [ -97.35214, 34.39776 ], [ -97.35211, 34.37619 ], [ -97.33458, 34.37621 ], [ -97.28232, 34.37618 ], [ -97.28211, 34.37618 ], [ -97.28013, 34.37618 ], [ -97.2737, 34.37616 ], [ -97.17821, 34.37622 ], [ -97.17774, 34.3761 ], [ -97.14487, 34.37605 ], [ -97.03824, 34.37571 ], [ -97.03654, 34.37542 ], [ -97.03593, 34.37423 ], [ -97.03373, 34.37291 ], [ -97.03438, 34.37163 ], [ -97.03813, 34.36847 ], [ -97.03884, 34.36691 ], [ -97.03839, 34.36495 ], [ -97.03557, 34.36198 ], [ -97.03486, 34.36061 ], [ -97.03475, 34.35805 ], [ -97.03521, 34.35538 ], [ -97.03425, 34.35413 ], [ -97.03166, 34.35214 ], [ -97.03155, 34.35052 ], [ -97.03568, 34.34759 ], [ -97.04261, 34.34461 ], [ -97.04264, 34.34178 ], [ -97.04064, 34.3385 ], [ -97.03951, 34.33754 ], [ -97.03292, 34.33517 ], [ -97.03074, 34.33487 ], [ -97.02912, 34.33326 ], [ -97.02919, 34.33223 ], [ -97.01416, 34.33234 ], [ -96.93331, 34.33256 ], [ -96.93341, 34.24566 ], [ -96.93326, 34.22697 ], [ -96.93344, 34.21457 ], [ -96.93345, 34.21452 ], [ -96.93347, 34.2019 ], [ -96.93348, 34.19094 ], [ -96.93349, 34.17999 ], [ -96.9335, 34.17275 ], [ -96.96842, 34.17268 ], [ -96.96828, 34.1145 ], [ -96.96839, 34.11187 ], [ -96.9683, 34.10094 ], [ -96.96822, 34.09999 ], [ -96.96807, 34.071 ], [ -96.96963, 34.07102 ], [ -97.0515, 34.07087 ], [ -97.05276, 34.07077 ], [ -97.05551, 34.07095 ], [ -97.06392, 34.07095 ], [ -97.08773, 34.07096 ], [ -97.14946, 34.07099 ], [ -97.15019, 34.07099 ], [ -97.16713, 34.07099 ], [ -97.22979, 34.07104 ], [ -97.23848, 34.07105 ], [ -97.2651, 34.07106 ], [ -97.29418, 34.07108 ], [ -97.36971, 34.07108 ], [ -97.37012, 34.07115 ], [ -97.42204, 34.07119 ], [ -97.46651, 34.07119 ], [ -97.47407, 34.07115 ], [ -97.56076, 34.07115 ], [ -97.56234, 34.07115 ], [ -97.56237, 34.09889 ], [ -97.56254, 34.10194 ], [ -97.56256, 34.11482 ], [ -97.56239, 34.1159 ], [ -97.56251, 34.17292 ], [ -97.56251, 34.202 ], [ -97.56251, 34.2092 ], [ -97.56251, 34.21599 ], [ -97.56257, 34.21657 ], [ -97.56257, 34.22363 ], [ -97.56251, 34.22438 ], [ -97.56252, 34.24566 ], [ -97.56255, 34.26722 ], [ -97.56254, 34.28184 ], [ -97.56251, 34.28918 ], [ -97.56257, 34.30358 ], [ -97.5626, 34.31089 ], [ -97.56263, 34.31817 ] ] ] ] } },
{ "type": "Feature", "properties": { "GEOID": "40021", "NAME": "Cherokee", "ALAND": 1940228930.0 }, "geometry": { "type": "MultiPolygon", "coordinates": [ [ [ [ -95.2831, 35.91113 ], [ -95.2823, 35.91528 ], [ -95.28067, 35.91893 ], [ -95.2757, 35.92448 ], [ -95.26928, 35.9294 ], [ -95.26883, 35.9304 ], [ -95.26861, 35.93183 ], [ -95.26885, 35.93835 ], [ -95.26991, 35.94743 ], [ -95.27194, 35.95329 ], [ -95.27363, 35.9562 ], [ -95.27561, 35.95849 ], [ -95.2781, 35.96068 ], [ -95.27888, 35.96274 ], [ -95.2787, 35.9641 ], [ -95.27652, 35.96819 ], [ -95.27475, 35.97082 ], [ -95.2722, 35.97361 ], [ -95.27113, 35.97452 ], [ -95.26257, 35.97956 ], [ -95.25499, 35.98493 ], [ -95.25219, 35.98785 ], [ -95.23935, 35.98773 ], [ -95.23842, 35.98773 ], [ -95.23874, 35.9915 ], [ -95.23444, 35.9913 ], [ -95.23427, 36.00228 ], [ -95.2303, 36.00232 ], [ -95.23025, 36.00926 ], [ -95.22533, 36.0092 ], [ -95.22538, 36.03134 ], [ -95.22534, 36.03984 ], [ -95.20838, 36.03988 ], [ -95.20806, 36.04048 ], [ -95.20794, 36.07477 ], [ -95.18995, 36.07468 ], [ -95.17198, 36.07464 ], [ -95.13416, 36.07458 ], [ -95.11838, 36.07454 ], [ -95.11839, 36.09632 ], [ -95.11841, 36.10356 ], [ -95.1184, 36.13301 ], [ -95.1184, 36.13398 ], [ -95.1185, 36.16163 ], [ -95.09715, 36.16149 ], [ -95.09154, 36.16159 ], [ -95.06481, 36.16159 ], [ -95.05916, 36.16151 ], [ -95.05809, 36.16172 ], [ -95.02886, 36.16174 ], [ -95.01133, 36.16176 ], [ -95.00281, 36.16175 ], [ -94.95873, 36.16168 ], [ -94.95324, 36.16152 ], [ -94.94199, 36.16164 ], [ -94.94029, 36.16145 ], [ -94.92471, 36.16152 ], [ -94.92236, 36.16154 ], [ -94.89637, 36.16156 ], [ -94.86859, 36.1616 ], [ -94.85768, 36.16161 ], [ -94.85334, 36.16161 ], [ -94.85099, 36.16169 ], [ -94.84873, 36.16166 ], [ -94.8464, 36.16163 ], [ -94.83289, 36.16163 ], [ -94.83279, 36.16163 ], [ -94.81471, 36.16164 ], [ -94.81455, 36.16164 ], [ -94.79741, 36.16165 ], [ -94.79739, 36.13232 ], [ -94.79738, 36.11283 ], [ -94.79738, 36.10447 ], [ -94.79738, 36.10318 ], [ -94.79739, 36.04599 ], [ -94.79738, 36.04508 ], [ -94.79744, 35.99903 ], [ -94.79731, 35.99818 ], [ -94.79744, 35.97595 ], [ -94.79744, 35.96801 ], [ -94.79743, 35.96173 ], [ -94.79743, 35.96127 ], [ -94.79738, 35.94428 ], [ -94.79736, 35.94066 ], [ -94.79735, 35.93717 ], [ -94.7974, 35.90092 ], [ -94.80746, 35.90092 ], [ -94.80746, 35.90032 ], [ -94.8074, 35.87794 ], [ -94.80745, 35.87051 ], [ -94.80745, 35.8554 ], [ -94.80745, 35.83632 ], [ -94.80744, 35.81271 ], [ -94.80747, 35.80069 ], [ -94.80748, 35.79959 ], [ -94.80742, 35.76921 ], [ -94.80744, 35.76818 ], [ -94.80758, 35.76142 ], [ -94.80761, 35.75075 ], [ -94.80771, 35.6822 ], [ -94.80772, 35.67435 ], [ -94.80774, 35.66023 ], [ -94.80776, 35.63855 ], [ -94.82898, 35.63856 ], [ -94.85416, 35.63859 ], [ -94.86048, 35.63859 ], [ -94.95192, 35.63863 ], [ -94.95258, 35.63846 ], [ -94.96044, 35.63864 ], [ -94.9709, 35.63856 ], [ -94.99171, 35.63863 ], [ -95.00011, 35.63862 ], [ -95.007, 35.63862 ], [ -95.01252, 35.63862 ], [ -95.12721, 35.63879 ], [ -95.1272, 35.64557 ], [ -95.12718, 35.6731 ], [ -95.12716, 35.69578 ], [ -95.12736, 35.7129 ], [ -95.1272, 35.71537 ], [ -95.12731, 35.73299 ], [ -95.12713, 35.73439 ], [ -95.12713, 35.7655 ], [ -95.12712, 35.76885 ], [ -95.12712, 35.77634 ], [ -95.12713, 35.79827 ], [ -95.12712, 35.79846 ], [ -95.12716, 35.81276 ], [ -95.13701, 35.81278 ], [ -95.14498, 35.81281 ], [ -95.15433, 35.81287 ], [ -95.19508, 35.81307 ], [ -95.19851, 35.81297 ], [ -95.21635, 35.81305 ], [ -95.22962, 35.81307 ], [ -95.24155, 35.81317 ], [ -95.24268, 35.81314 ], [ -95.24486, 35.81311 ], [ -95.2516, 35.81321 ], [ -95.25271, 35.81322 ], [ -95.25875, 35.81325 ], [ -95.26568, 35.81327 ], [ -95.26775, 35.81604 ], [ -95.2665, 35.82044 ], [ -95.26009, 35.82248 ], [ -95.25568, 35.82468 ], [ -95.25333, 35.82696 ], [ -95.25248, 35.8284 ], [ -95.25296, 35.83056 ], [ -95.25316, 35.83396 ], [ -95.25024, 35.83665 ], [ -95.24746, 35.83764 ], [ -95.24277, 35.84211 ], [ -95.24069, 35.84409 ], [ -95.23872, 35.84667 ], [ -95.23723, 35.84788 ], [ -95.23392, 35.84957 ], [ -95.23146, 35.85119 ], [ -95.2295, 35.85494 ], [ -95.2275, 35.86217 ], [ -95.22771, 35.86407 ], [ -95.22934, 35.86905 ], [ -95.23004, 35.86989 ], [ -95.23098, 35.871 ], [ -95.23249, 35.87275 ], [ -95.2366, 35.87401 ], [ -95.24613, 35.87435 ], [ -95.24734, 35.8751 ], [ -95.25024, 35.87569 ], [ -95.25414, 35.8758 ], [ -95.25595, 35.87631 ], [ -95.2577, 35.8773 ], [ -95.26181, 35.8807 ], [ -95.26484, 35.88381 ], [ -95.2661, 35.88662 ], [ -95.26792, 35.88979 ], [ -95.27302, 35.89454 ], [ -95.27486, 35.89581 ], [ -95.27749, 35.89849 ], [ -95.2801, 35.90176 ], [ -95.28157, 35.90408 ], [ -95.28304, 35.90825 ], [ -95.2831, 35.91113 ] ] ] ] } },
{ "type": "Feature", "properties": { "GEOID": "40023", "NAME": "Choctaw", "ALAND": 1995281898.0 }, "geometry": { "type": "MultiPolygon", "coordinates": [ [ [ [ -95.99154, 34.1568 ], [ -95.98777, 34.1568 ], [ -95.91902, 34.15673 ], [ -95.83614, 34.15669 ], [ -95.82662, 34.157 ], [ -95.82626, 34.15657 ], [ -95.81676, 34.15664 ], [ -95.80879, 34.15656 ], [ -95.80317, 34.15676 ], [ -95.77938, 34.1567 ], [ -95.67882, 34.15674 ], [ -95.67758, 34.15664 ], [ -95.63779, 34.15677 ], [ -95.63725, 34.1567 ], [ -95.62459, 34.15671 ], [ -95.60512, 34.15679 ], [ -95.58757, 34.15678 ], [ -95.57016, 34.15679 ], [ -95.56147, 34.15679 ], [ -95.55693, 34.1568 ], [ -95.55645, 34.15687 ], [ -95.5554, 34.15688 ], [ -95.55411, 34.1568 ], [ -95.48766, 34.15685 ], [ -95.44222, 34.15687 ], [ -95.38232, 34.15687 ], [ -95.3303, 34.15688 ], [ -95.27366, 34.15687 ], [ -95.27332, 34.15693 ], [ -95.15652, 34.15696 ], [ -95.15653, 34.1133 ], [ -95.1565, 34.08354 ], [ -95.1565, 34.08353 ], [ -95.15647, 34.01449 ], [ -95.15646, 34.00449 ], [ -95.15649, 33.9753 ], [ -95.15674, 33.94292 ], [ -95.15592, 33.93932 ], [ -95.15589, 33.93689 ], [ -95.1583, 33.93753 ], [ -95.16339, 33.94086 ], [ -95.16753, 33.94474 ], [ -95.17115, 33.94651 ], [ -95.17479, 33.94746 ], [ -95.17969, 33.94869 ], [ -95.18223, 33.94894 ], [ -95.18497, 33.94953 ], [ -95.18976, 33.95136 ], [ -95.19703, 33.95311 ], [ -95.19935, 33.95397 ], [ -95.20261, 33.95691 ], [ -95.20688, 33.95909 ], [ -95.21191, 33.96124 ], [ -95.21414, 33.96214 ], [ -95.21763, 33.96265 ], [ -95.22049, 33.962 ], [ -95.22401, 33.96216 ], [ -95.22639, 33.96195 ], [ -95.22757, 33.9608 ], [ -95.22952, 33.96045 ], [ -95.23064, 33.9598 ], [ -95.23038, 33.95577 ], [ -95.23164, 33.95329 ], [ -95.23288, 33.94974 ], [ -95.23571, 33.94826 ], [ -95.23975, 33.94754 ], [ -95.24585, 33.94375 ], [ -95.25017, 33.9385 ], [ -95.24827, 33.92019 ], [ -95.24974, 33.90275 ], [ -95.25269, 33.89423 ], [ -95.26059, 33.88765 ], [ -95.26402, 33.88976 ], [ -95.26589, 33.89538 ], [ -95.26523, 33.90557 ], [ -95.26613, 33.90977 ], [ -95.27067, 33.91151 ], [ -95.27858, 33.91019 ], [ -95.28298, 33.9074 ], [ -95.28559, 33.90336 ], [ -95.2843, 33.89924 ], [ -95.28035, 33.89675 ], [ -95.27794, 33.88751 ], [ -95.27832, 33.88168 ], [ -95.27877, 33.87791 ], [ -95.28092, 33.8754 ], [ -95.2893, 33.8731 ], [ -95.30579, 33.87481 ], [ -95.31041, 33.87737 ], [ -95.3109, 33.87764 ], [ -95.31443, 33.88163 ], [ -95.32222, 33.88475 ], [ -95.32644, 33.88607 ], [ -95.32986, 33.88554 ], [ -95.33194, 33.87983 ], [ -95.33197, 33.87975 ], [ -95.33485, 33.87683 ], [ -95.34342, 33.87254 ], [ -95.35654, 33.86938 ], [ -95.36252, 33.86658 ], [ -95.36564, 33.8667 ], [ -95.36963, 33.86684 ], [ -95.37523, 33.86824 ], [ -95.38464, 33.86843 ], [ -95.3928, 33.86711 ], [ -95.40206, 33.86419 ], [ -95.42731, 33.87045 ], [ -95.44093, 33.86643 ], [ -95.45346, 33.87035 ], [ -95.45856, 33.87168 ], [ -95.46234, 33.87168 ], [ -95.46421, 33.87337 ], [ -95.46412, 33.87612 ], [ -95.46123, 33.88256 ], [ -95.45945, 33.88411 ], [ -95.45945, 33.88633 ], [ -95.46167, 33.887 ], [ -95.46379, 33.88723 ], [ -95.46611, 33.88655 ], [ -95.46761, 33.88464 ], [ -95.46926, 33.88251 ], [ -95.47255, 33.88034 ], [ -95.4781, 33.87856 ], [ -95.48454, 33.8759 ], [ -95.49203, 33.87482 ], [ -95.49742, 33.87434 ], [ -95.5023, 33.87474 ], [ -95.50258, 33.87495 ], [ -95.50264, 33.87499 ], [ -95.50563, 33.87723 ], [ -95.50452, 33.88367 ], [ -95.50494, 33.88914 ], [ -95.50519, 33.89499 ], [ -95.50756, 33.89722 ], [ -95.51074, 33.89788 ], [ -95.51273, 33.89639 ], [ -95.51496, 33.89473 ], [ -95.52014, 33.88933 ], [ -95.52133, 33.88844 ], [ -95.52532, 33.88549 ], [ -95.53328, 33.88116 ], [ -95.53979, 33.8799 ], [ -95.5452, 33.88029 ], [ -95.54833, 33.88274 ], [ -95.55026, 33.88833 ], [ -95.55093, 33.89299 ], [ -95.54848, 33.89677 ], [ -95.54804, 33.90121 ], [ -95.54848, 33.90853 ], [ -95.55048, 33.91519 ], [ -95.55248, 33.91986 ], [ -95.55248, 33.92296 ], [ -95.55315, 33.92541 ], [ -95.55448, 33.92807 ], [ -95.55736, 33.93051 ], [ -95.56101, 33.93155 ], [ -95.5638, 33.93296 ], [ -95.56935, 33.93318 ], [ -95.57377, 33.93353 ], [ -95.57801, 33.93318 ], [ -95.5809, 33.93384 ], [ -95.58437, 33.93631 ], [ -95.58645, 33.93939 ], [ -95.58956, 33.94161 ], [ -95.59383, 33.94303 ], [ -95.59666, 33.94206 ], [ -95.59705, 33.94124 ], [ -95.59852, 33.9381 ], [ -95.59866, 33.93407 ], [ -95.6007, 33.93127 ], [ -95.60377, 33.92918 ], [ -95.60821, 33.92874 ], [ -95.61198, 33.92874 ], [ -95.61642, 33.92741 ], [ -95.61929, 33.92274 ], [ -95.62239, 33.9183 ], [ -95.62506, 33.9132 ], [ -95.62595, 33.91031 ], [ -95.62683, 33.90787 ], [ -95.62905, 33.90587 ], [ -95.63216, 33.90498 ], [ -95.63594, 33.9052 ], [ -95.64016, 33.90498 ], [ -95.64526, 33.90654 ], [ -95.6497, 33.90742 ], [ -95.6517, 33.9092 ], [ -95.65636, 33.91009 ], [ -95.66014, 33.91009 ], [ -95.66547, 33.90898 ], [ -95.66998, 33.90584 ], [ -95.67692, 33.89724 ], [ -95.68483, 33.89023 ], [ -95.69788, 33.88611 ], [ -95.71054, 33.885 ], [ -95.71409, 33.88589 ], [ -95.71831, 33.88966 ], [ -95.72845, 33.8937 ], [ -95.72908, 33.89401 ], [ -95.73296, 33.89588 ], [ -95.73769, 33.89655 ], [ -95.7459, 33.89632 ], [ -95.75637, 33.89263 ], [ -95.76192, 33.8834 ], [ -95.76256, 33.87437 ], [ -95.76145, 33.87318 ], [ -95.76449, 33.87131 ], [ -95.76559, 33.87102 ], [ -95.76986, 33.87145 ], [ -95.7719, 33.8738 ], [ -95.77517, 33.87452 ], [ -95.77699, 33.87272 ], [ -95.77694, 33.8714 ], [ -95.7795, 33.87013 ], [ -95.78146, 33.8683 ], [ -95.78398, 33.86909 ], [ -95.78578, 33.87239 ], [ -95.78675, 33.87353 ], [ -95.78753, 33.87281 ], [ -95.78851, 33.8736 ], [ -95.78943, 33.87247 ], [ -95.79051, 33.87333 ], [ -95.79236, 33.87348 ], [ -95.79287, 33.87264 ], [ -95.79443, 33.87394 ], [ -95.79493, 33.87334 ], [ -95.79704, 33.87371 ], [ -95.79891, 33.8732 ], [ -95.79924, 33.87175 ], [ -95.80097, 33.87163 ], [ -95.80176, 33.87253 ], [ -95.80509, 33.87012 ], [ -95.80697, 33.87025 ], [ -95.80915, 33.8712 ], [ -95.81202, 33.86985 ], [ -95.81398, 33.87143 ], [ -95.81424, 33.87284 ], [ -95.81829, 33.87235 ], [ -95.82086, 33.87284 ], [ -95.82254, 33.87366 ], [ -95.82351, 33.87281 ], [ -95.82603, 33.87374 ], [ -95.82818, 33.87314 ], [ -95.83058, 33.87403 ], [ -95.83072, 33.87538 ], [ -95.8327, 33.87575 ], [ -95.83457, 33.87373 ], [ -95.83613, 33.87447 ], [ -95.83691, 33.87337 ], [ -95.83959, 33.87493 ], [ -95.83978, 33.87419 ], [ -95.84164, 33.8754 ], [ -95.84274, 33.878 ], [ -95.84412, 33.87791 ], [ -95.84509, 33.87876 ], [ -95.84744, 33.87915 ], [ -95.84776, 33.88 ], [ -95.85128, 33.88121 ], [ -95.85195, 33.88343 ], [ -95.85341, 33.8841 ], [ -95.85469, 33.88352 ], [ -95.85382, 33.88516 ], [ -95.85661, 33.88583 ], [ -95.85764, 33.88747 ], [ -95.85908, 33.88796 ], [ -95.86115, 33.8874 ], [ -95.86292, 33.88959 ], [ -95.86411, 33.89253 ], [ -95.86311, 33.89258 ], [ -95.86442, 33.89381 ], [ -95.86368, 33.89466 ], [ -95.86493, 33.895 ], [ -95.86605, 33.89645 ], [ -95.86568, 33.90056 ], [ -95.86693, 33.90111 ], [ -95.86613, 33.90241 ], [ -95.86712, 33.90236 ], [ -95.86718, 33.9038 ], [ -95.86819, 33.90375 ], [ -95.86852, 33.90503 ], [ -95.86734, 33.90548 ], [ -95.86952, 33.90572 ], [ -95.87117, 33.90757 ], [ -95.87204, 33.90734 ], [ -95.87363, 33.90991 ], [ -95.87347, 33.91072 ], [ -95.87657, 33.91349 ], [ -95.87587, 33.91377 ], [ -95.8786, 33.91576 ], [ -95.88098, 33.9167 ], [ -95.88367, 33.91642 ], [ -95.88643, 33.91577 ], [ -95.88694, 33.91672 ], [ -95.88591, 33.91706 ], [ -95.88734, 33.91851 ], [ -95.89186, 33.91953 ], [ -95.89215, 33.92031 ], [ -95.89361, 33.9203 ], [ -95.89481, 33.9213 ], [ -95.89573, 33.92084 ], [ -95.89662, 33.92172 ], [ -95.89892, 33.9198 ], [ -95.90037, 33.92071 ], [ -95.90117, 33.92 ], [ -95.90393, 33.92186 ], [ -95.90335, 33.9232 ], [ -95.90418, 33.9238 ], [ -95.90559, 33.92266 ], [ -95.90905, 33.92322 ], [ -95.90942, 33.92183 ], [ -95.91469, 33.92324 ], [ -95.91887, 33.92506 ], [ -95.9183, 33.92614 ], [ -95.91965, 33.92627 ], [ -95.92211, 33.92791 ], [ -95.92266, 33.92876 ], [ -95.92118, 33.93009 ], [ -95.92176, 33.93163 ], [ -95.92369, 33.93293 ], [ -95.92493, 33.93231 ], [ -95.92617, 33.93446 ], [ -95.92663, 33.93717 ], [ -95.92936, 33.938 ], [ -95.92889, 33.93963 ], [ -95.93035, 33.93962 ], [ -95.93126, 33.94042 ], [ -95.93247, 33.93993 ], [ -95.93594, 33.94244 ], [ -95.93541, 33.94482 ], [ -95.93697, 33.94584 ], [ -95.93799, 33.94822 ], [ -95.93801, 34.01073 ], [ -95.93815, 34.01188 ], [ -95.93809, 34.0407 ], [ -95.93813, 34.06818 ], [ -95.93832, 34.06964 ], [ -95.93821, 34.09527 ], [ -95.93814, 34.09631 ], [ -95.93819, 34.09675 ], [ -95.93822, 34.09867 ], [ -95.9382, 34.12559 ], [ -95.93988, 34.12618 ], [ -95.94082, 34.12404 ], [ -95.94395, 34.12409 ], [ -95.94442, 34.12557 ], [ -95.94574, 34.12632 ], [ -95.94742, 34.12881 ], [ -95.94978, 34.12916 ], [ -95.95009, 34.13097 ], [ -95.94876, 34.13147 ], [ -95.94956, 34.13323 ], [ -95.94841, 34.13415 ], [ -95.95069, 34.13643 ], [ -95.95058, 34.1392 ], [ -95.95188, 34.13964 ], [ -95.9538, 34.13891 ], [ -95.95279, 34.14005 ], [ -95.9527, 34.14181 ], [ -95.95072, 34.14168 ], [ -95.95182, 34.14406 ], [ -95.95025, 34.14397 ], [ -95.94976, 34.14511 ], [ -95.95127, 34.14474 ], [ -95.95265, 34.14591 ], [ -95.95477, 34.14566 ], [ -95.95603, 34.14756 ], [ -95.95334, 34.14772 ], [ -95.95458, 34.14932 ], [ -95.95601, 34.14911 ], [ -95.96237, 34.15122 ], [ -95.96482, 34.15026 ], [ -95.96603, 34.15149 ], [ -95.96782, 34.15122 ], [ -95.96972, 34.15243 ], [ -95.97145, 34.15252 ], [ -95.97151, 34.15341 ], [ -95.96986, 34.15378 ], [ -95.97019, 34.15502 ], [ -95.97311, 34.15401 ], [ -95.97456, 34.15241 ], [ -95.97611, 34.15323 ], [ -95.97696, 34.15488 ], [ -95.97825, 34.15405 ], [ -95.97784, 34.15108 ], [ -95.97891, 34.15082 ], [ -95.98164, 34.15265 ], [ -95.98329, 34.1524 ], [ -95.98189, 34.1535 ], [ -95.9826, 34.15435 ], [ -95.9847, 34.1543 ], [ -95.9858, 34.15613 ], [ -95.98819, 34.15583 ], [ -95.99004, 34.15496 ], [ -95.99158, 34.1568 ], [ -95.99154, 34.1568 ] ] ] ] } },
{ "type": "Feature", "properties": { "GEOID": "40025", "NAME": "Cimarron", "ALAND": 4752131819.0 }, "geometry": { "type": "MultiPolygon", "coordinates": [ [ [ [ -103.00257, 36.52659 ], [ -103.00219, 36.60272 ], [ -103.00225, 36.61718 ], [ -103.00252, 36.67519 ], [ -103.0022, 36.71943 ], [ -103.00214, 36.76351 ], [ -103.00196, 36.90957 ], [ -103.00225, 36.91159 ], [ -103.0022, 37.0001 ], [ -102.98698, 36.99852 ], [ -102.98581, 36.99857 ], [ -102.97961, 36.99855 ], [ -102.88669, 36.99951 ], [ -102.87786, 36.9996 ], [ -102.84193, 36.99968 ], [ -102.83254, 36.9997 ], [ -102.81247, 36.99972 ], [ -102.74206, 36.99769 ], [ -102.69814, 36.99515 ], [ -102.35537, 36.99457 ], [ -102.35529, 36.99451 ], [ -102.32516, 36.99447 ], [ -102.27025, 36.9944 ], [ -102.26079, 36.99439 ], [ -102.2522, 36.99428 ], [ -102.20832, 36.99373 ], [ -102.18427, 36.99359 ], [ -102.13645, 36.99341 ], [ -102.0545, 36.99311 ], [ -102.04209, 36.99302 ], [ -102.02821, 36.99312 ], [ -102.02832, 36.84936 ], [ -102.03208, 36.84918 ], [ -102.03183, 36.76231 ], [ -102.0319, 36.76162 ], [ -102.03201, 36.70416 ], [ -102.03234, 36.50061 ], [ -102.12207, 36.50068 ], [ -102.12545, 36.50032 ], [ -102.1438, 36.50032 ], [ -102.16246, 36.50033 ], [ -102.24499, 36.5007 ], [ -102.25045, 36.50037 ], [ -102.38261, 36.50037 ], [ -102.5707, 36.50038 ], [ -102.7922, 36.50039 ], [ -103.00243, 36.5004 ], [ -103.00257, 36.52659 ] ] ] ] } },
{ "type": "Feature", "properties": { "GEOID": "40027", "NAME": "Cleveland", "ALAND": 1395713695.0 }, "geometry": { "type": "MultiPolygon", "coordinates": [ [ [ [ -97.67146, 35.3469 ], [ -97.67136, 35.34812 ], [ -97.67137, 35.37715 ], [ -97.6623, 35.37715 ], [ -97.63609, 35.37713 ], [ -97.57501, 35.37712 ], [ -97.57012, 35.37711 ], [ -97.56556, 35.3771 ], [ -97.56555, 35.3771 ], [ -97.55918, 35.37711 ], [ -97.54786, 35.37713 ], [ -97.54783, 35.37713 ], [ -97.54438, 35.37714 ], [ -97.53897, 35.37714 ], [ -97.53014, 35.37715 ], [ -97.53011, 35.37715 ], [ -97.52126, 35.37718 ], [ -97.51242, 35.37721 ], [ -97.5124, 35.37721 ], [ -97.50351, 35.37724 ], [ -97.50349, 35.37724 ], [ -97.49511, 35.37727 ], [ -97.47698, 35.37732 ], [ -97.45923, 35.37734 ], [ -97.44122, 35.37727 ], [ -97.43324, 35.37729 ], [ -97.42357, 35.37732 ], [ -97.40596, 35.37727 ], [ -97.35808, 35.37724 ], [ -97.35318, 35.37725 ], [ -97.3442, 35.37722 ], [ -97.34416, 35.37722 ], [ -97.33553, 35.37723 ], [ -97.31783, 35.37729 ], [ -97.31774, 35.37729 ], [ -97.30017, 35.37732 ], [ -97.265, 35.37737 ], [ -97.23904, 35.37729 ], [ -97.23885, 35.37729 ], [ -97.23049, 35.37717 ], [ -97.21286, 35.37714 ], [ -97.19513, 35.37706 ], [ -97.15979, 35.37709 ], [ -97.15946, 35.37709 ], [ -97.14211, 35.37686 ], [ -97.14212, 35.37623 ], [ -97.1421, 35.36234 ], [ -97.14197, 35.35502 ], [ -97.14202, 35.34777 ], [ -97.14203, 35.34067 ], [ -97.14203, 35.33321 ], [ -97.14194, 35.31872 ], [ -97.14194, 35.3187 ], [ -97.14193, 35.30445 ], [ -97.14192, 35.3041 ], [ -97.14183, 35.28975 ], [ -97.14199, 35.26814 ], [ -97.14195, 35.24736 ], [ -97.14194, 35.24668 ], [ -97.1419, 35.23217 ], [ -97.14169, 35.22283 ], [ -97.14172, 35.21028 ], [ -97.14172, 35.20304 ], [ -97.14214, 35.1889 ], [ -97.14213, 35.18509 ], [ -97.14206, 35.16684 ], [ -97.14206, 35.15963 ], [ -97.14206, 35.14521 ], [ -97.14206, 35.1451 ], [ -97.14207, 35.13799 ], [ -97.14207, 35.13074 ], [ -97.14207, 35.13073 ], [ -97.14209, 35.10172 ], [ -97.14214, 35.08729 ], [ -97.14218, 35.07279 ], [ -97.14218, 35.07267 ], [ -97.14231, 35.02185 ], [ -97.14207, 35.01879 ], [ -97.14208, 35.01482 ], [ -97.14231, 35.01205 ], [ -97.14235, 34.92818 ], [ -97.14408, 34.92742 ], [ -97.14545, 34.92914 ], [ -97.14763, 34.92945 ], [ -97.15456, 34.93138 ], [ -97.15779, 34.93151 ], [ -97.16665, 34.93078 ], [ -97.16777, 34.92966 ], [ -97.17047, 34.93003 ], [ -97.17148, 34.92949 ], [ -97.17637, 34.92867 ], [ -97.17824, 34.92954 ], [ -97.18727, 34.92969 ], [ -97.1899, 34.92906 ], [ -97.19207, 34.92913 ], [ -97.19617, 34.92825 ], [ -97.19695, 34.93174 ], [ -97.19545, 34.93267 ], [ -97.19567, 34.93604 ], [ -97.1967, 34.9384 ], [ -97.19841, 34.93984 ], [ -97.20234, 34.94079 ], [ -97.20529, 34.94004 ], [ -97.20955, 34.94109 ], [ -97.21011, 34.94217 ], [ -97.21251, 34.94331 ], [ -97.2179, 34.94428 ], [ -97.22175, 34.9426 ], [ -97.22398, 34.94096 ], [ -97.22587, 34.93686 ], [ -97.2259, 34.93462 ], [ -97.2279, 34.93214 ], [ -97.23037, 34.93191 ], [ -97.22906, 34.93408 ], [ -97.23013, 34.93633 ], [ -97.23306, 34.93748 ], [ -97.23214, 34.93919 ], [ -97.23269, 34.9419 ], [ -97.23534, 34.94388 ], [ -97.2394, 34.94569 ], [ -97.23985, 34.94711 ], [ -97.24351, 34.94866 ], [ -97.24624, 34.94917 ], [ -97.24855, 34.94856 ], [ -97.25043, 34.94888 ], [ -97.25232, 34.94752 ], [ -97.2536, 34.94543 ], [ -97.25803, 34.9449 ], [ -97.26159, 34.94544 ], [ -97.26403, 34.94721 ], [ -97.26674, 34.95071 ], [ -97.26883, 34.95542 ], [ -97.27233, 34.96178 ], [ -97.27385, 34.96299 ], [ -97.27807, 34.96107 ], [ -97.28144, 34.96079 ], [ -97.28255, 34.96121 ], [ -97.28508, 34.96197 ], [ -97.28783, 34.96188 ], [ -97.29248, 34.9628 ], [ -97.29622, 34.96355 ], [ -97.29963, 34.96461 ], [ -97.3013, 34.96292 ], [ -97.30279, 34.96072 ], [ -97.3044, 34.95638 ], [ -97.3057, 34.95505 ], [ -97.30771, 34.95398 ], [ -97.31123, 34.95328 ], [ -97.31328, 34.95384 ], [ -97.32167, 34.95421 ], [ -97.32592, 34.95509 ], [ -97.32963, 34.95696 ], [ -97.33383, 34.95895 ], [ -97.33727, 34.96157 ], [ -97.34151, 34.964 ], [ -97.34212, 34.96627 ], [ -97.34185, 34.96894 ], [ -97.3429, 34.9715 ], [ -97.34326, 34.97441 ], [ -97.34471, 34.97625 ], [ -97.34652, 34.97745 ], [ -97.34785, 34.97922 ], [ -97.34836, 34.98166 ], [ -97.34773, 34.98316 ], [ -97.34816, 34.98544 ], [ -97.34698, 34.98737 ], [ -97.34189, 34.99026 ], [ -97.34149, 34.99371 ], [ -97.34219, 34.99541 ], [ -97.34651, 34.99846 ], [ -97.34697, 35.00039 ], [ -97.34533, 35.00205 ], [ -97.34584, 35.0046 ], [ -97.34852, 35.006 ], [ -97.34933, 35.00783 ], [ -97.34961, 35.00908 ], [ -97.34986, 35.01026 ], [ -97.35009, 35.01144 ], [ -97.35077, 35.0143 ], [ -97.35282, 35.01886 ], [ -97.35339, 35.02279 ], [ -97.35351, 35.02343 ], [ -97.35511, 35.02867 ], [ -97.3567, 35.02886 ], [ -97.35801, 35.03372 ], [ -97.35777, 35.03536 ], [ -97.35739, 35.0368 ], [ -97.35579, 35.04054 ], [ -97.35352, 35.04396 ], [ -97.35255, 35.04541 ], [ -97.35048, 35.05117 ], [ -97.34963, 35.05553 ], [ -97.34989, 35.05705 ], [ -97.35303, 35.06218 ], [ -97.35439, 35.06528 ], [ -97.35471, 35.06811 ], [ -97.35422, 35.07038 ], [ -97.35272, 35.07231 ], [ -97.35342, 35.07525 ], [ -97.35419, 35.07666 ], [ -97.35776, 35.08027 ], [ -97.36031, 35.08265 ], [ -97.36413, 35.08456 ], [ -97.36832, 35.08524 ], [ -97.37099, 35.08521 ], [ -97.37341, 35.08505 ], [ -97.38035, 35.08326 ], [ -97.38548, 35.08223 ], [ -97.38868, 35.0821 ], [ -97.39167, 35.08259 ], [ -97.39546, 35.08427 ], [ -97.40208, 35.08637 ], [ -97.40314, 35.0878 ], [ -97.40024, 35.09153 ], [ -97.40018, 35.09324 ], [ -97.40133, 35.09842 ], [ -97.4016, 35.10191 ], [ -97.40237, 35.10369 ], [ -97.40451, 35.10602 ], [ -97.40517, 35.10894 ], [ -97.40359, 35.1149 ], [ -97.40269, 35.11714 ], [ -97.40134, 35.12392 ], [ -97.40132, 35.12487 ], [ -97.40402, 35.12616 ], [ -97.40475, 35.13094 ], [ -97.40458, 35.13208 ], [ -97.40622, 35.13696 ], [ -97.40708, 35.13814 ], [ -97.40952, 35.13836 ], [ -97.41017, 35.13919 ], [ -97.41267, 35.13968 ], [ -97.41386, 35.14117 ], [ -97.41572, 35.14057 ], [ -97.41813, 35.14168 ], [ -97.42027, 35.14056 ], [ -97.42397, 35.14065 ], [ -97.42708, 35.14157 ], [ -97.42754, 35.14292 ], [ -97.42943, 35.14265 ], [ -97.43067, 35.14347 ], [ -97.43307, 35.14379 ], [ -97.43351, 35.14528 ], [ -97.43499, 35.1459 ], [ -97.43825, 35.14704 ], [ -97.4396, 35.14932 ], [ -97.44039, 35.15533 ], [ -97.44265, 35.16044 ], [ -97.44379, 35.16061 ], [ -97.44497, 35.1608 ], [ -97.44749, 35.16118 ], [ -97.45112, 35.16261 ], [ -97.45342, 35.16374 ], [ -97.45684, 35.16735 ], [ -97.45781, 35.17032 ], [ -97.45868, 35.17016 ], [ -97.4804, 35.18295 ], [ -97.48806, 35.18781 ], [ -97.48932, 35.18835 ], [ -97.48947, 35.18842 ], [ -97.48996, 35.18875 ], [ -97.50334, 35.19637 ], [ -97.51279, 35.2014 ], [ -97.5169, 35.20371 ], [ -97.51725, 35.20391 ], [ -97.52101, 35.20632 ], [ -97.52944, 35.21266 ], [ -97.53, 35.21269 ], [ -97.53009, 35.21269 ], [ -97.53451, 35.21293 ], [ -97.54146, 35.21417 ], [ -97.55197, 35.22175 ], [ -97.55479, 35.22433 ], [ -97.555, 35.22741 ], [ -97.5594, 35.23091 ], [ -97.56222, 35.23463 ], [ -97.5583, 35.23658 ], [ -97.55663, 35.23893 ], [ -97.55669, 35.2402 ], [ -97.55844, 35.24209 ], [ -97.5634, 35.24339 ], [ -97.56648, 35.24744 ], [ -97.56485, 35.24872 ], [ -97.55886, 35.24811 ], [ -97.55819, 35.24982 ], [ -97.56392, 35.25007 ], [ -97.56427, 35.25177 ], [ -97.56358, 35.25402 ], [ -97.56101, 35.25633 ], [ -97.55771, 35.25853 ], [ -97.55478, 35.26198 ], [ -97.55607, 35.27633 ], [ -97.55638, 35.28276 ], [ -97.55699, 35.28844 ], [ -97.55932, 35.29073 ], [ -97.5607, 35.29207 ], [ -97.57664, 35.30089 ], [ -97.579, 35.30182 ], [ -97.58136, 35.30246 ], [ -97.59883, 35.30335 ], [ -97.59901, 35.30335 ], [ -97.60291, 35.30352 ], [ -97.6178, 35.30521 ], [ -97.61998, 35.30695 ], [ -97.62407, 35.31195 ], [ -97.62529, 35.3125 ], [ -97.62741, 35.31463 ], [ -97.63152, 35.31693 ], [ -97.6381, 35.32113 ], [ -97.64236, 35.32599 ], [ -97.64682, 35.32938 ], [ -97.64998, 35.33132 ], [ -97.65254, 35.33338 ], [ -97.65472, 35.33445 ], [ -97.65653, 35.33515 ], [ -97.66296, 35.33662 ], [ -97.66941, 35.33674 ], [ -97.67141, 35.33747 ], [ -97.67146, 35.3469 ] ] ] ] } },
{ "type": "Feature", "properties": { "GEOID": "40029", "NAME": "Coal", "ALAND": 1338434468.0 }, "geometry": { "type": "MultiPolygon", "coordinates": [ [ [ [ -96.51379, 34.5054 ], [ -96.5121, 34.50556 ], [ -96.51208, 34.51269 ], [ -96.51206, 34.54013 ], [ -96.51221, 34.54494 ], [ -96.51213, 34.54533 ], [ -96.51209, 34.59282 ], [ -96.51216, 34.61059 ], [ -96.51218, 34.64232 ], [ -96.51217, 34.68006 ], [ -96.45277, 34.68008 ], [ -96.42756, 34.6802 ], [ -96.42562, 34.68004 ], [ -96.40636, 34.68002 ], [ -96.40645, 34.68426 ], [ -96.40623, 34.69467 ], [ -96.4065, 34.6959 ], [ -96.40649, 34.73799 ], [ -96.40651, 34.74552 ], [ -96.40652, 34.74744 ], [ -96.40648, 34.76733 ], [ -96.29284, 34.76687 ], [ -96.29267, 34.76687 ], [ -96.25821, 34.76688 ], [ -96.25743, 34.76684 ], [ -96.17949, 34.76717 ], [ -96.16193, 34.76724 ], [ -96.09282, 34.76758 ], [ -96.092, 34.76748 ], [ -96.09204, 34.68056 ], [ -96.09211, 34.67502 ], [ -96.09189, 34.67309 ], [ -96.09211, 34.668 ], [ -96.09209, 34.61403 ], [ -96.09224, 34.61312 ], [ -96.09211, 34.60754 ], [ -96.09208, 34.59314 ], [ -96.09205, 34.54953 ], [ -96.09204, 34.53505 ], [ -96.09203, 34.50616 ], [ -96.09262, 34.50606 ], [ -96.09525, 34.50604 ], [ -96.14544, 34.50594 ], [ -96.14544, 34.49103 ], [ -96.14544, 34.47549 ], [ -96.14527, 34.47293 ], [ -96.14514, 34.43227 ], [ -96.14543, 34.43012 ], [ -96.14542, 34.41831 ], [ -96.15151, 34.41833 ], [ -96.23283, 34.41841 ], [ -96.24452, 34.4184 ], [ -96.24666, 34.41853 ], [ -96.24752, 34.4184 ], [ -96.26298, 34.41839 ], [ -96.26457, 34.4183 ], [ -96.30266, 34.41829 ], [ -96.34626, 34.41831 ], [ -96.35474, 34.41832 ], [ -96.40678, 34.41839 ], [ -96.40707, 34.41839 ], [ -96.45305, 34.41838 ], [ -96.45348, 34.41932 ], [ -96.45422, 34.41955 ], [ -96.48716, 34.41958 ], [ -96.48757, 34.41952 ], [ -96.49633, 34.41949 ], [ -96.49855, 34.41944 ], [ -96.50065, 34.41949 ], [ -96.51377, 34.41957 ], [ -96.51377, 34.46319 ], [ -96.51379, 34.5054 ] ] ] ] } },
{ "type": "Feature", "properties": { "GEOID": "40031", "NAME": "Comanche", "ALAND": 2769531009.0 }, "geometry": { "type": "MultiPolygon", "coordinates": [ [ [ [ -98.8263, 34.78192 ], [ -98.82611, 34.78356 ], [ -98.8261, 34.79031 ], [ -98.82592, 34.79316 ], [ -98.82604, 34.85512 ], [ -98.79567, 34.85542 ], [ -98.78999, 34.85543 ], [ -98.78737, 34.8556 ], [ -98.75034, 34.85548 ], [ -98.74841, 34.8554 ], [ -98.71982, 34.85538 ], [ -98.69004, 34.85538 ], [ -98.66768, 34.85538 ], [ -98.65921, 34.85538 ], [ -98.62534, 34.8548 ], [ -98.61982, 34.85495 ], [ -98.61982, 34.85534 ], [ -98.56212, 34.85529 ], [ -98.54546, 34.85527 ], [ -98.50983, 34.85524 ], [ -98.46221, 34.85521 ], [ -98.46107, 34.85512 ], [ -98.42241, 34.85517 ], [ -98.39184, 34.85518 ], [ -98.3872, 34.85516 ], [ -98.36077, 34.85514 ], [ -98.30392, 34.85514 ], [ -98.29924, 34.85514 ], [ -98.26871, 34.85514 ], [ -98.23529, 34.85515 ], [ -98.20121, 34.85511 ], [ -98.19862, 34.85518 ], [ -98.1943, 34.855 ], [ -98.16754, 34.85511 ], [ -98.1647, 34.8551 ], [ -98.16417, 34.85502 ], [ -98.15989, 34.85502 ], [ -98.15847, 34.85509 ], [ -98.14537, 34.85502 ], [ -98.12442, 34.85511 ], [ -98.12352, 34.855 ], [ -98.10658, 34.855 ], [ -98.09313, 34.85499 ], [ -98.08956, 34.85493 ], [ -98.08904, 34.84072 ], [ -98.08901, 34.83481 ], [ -98.08901, 34.82624 ], [ -98.08908, 34.8116 ], [ -98.08909, 34.81144 ], [ -98.08908, 34.75364 ], [ -98.0891, 34.68849 ], [ -98.0891, 34.68839 ], [ -98.0891, 34.68116 ], [ -98.09021, 34.68121 ], [ -98.11557, 34.6812 ], [ -98.11575, 34.6812 ], [ -98.1418, 34.68116 ], [ -98.14199, 34.65926 ], [ -98.14205, 34.59425 ], [ -98.1421, 34.5506 ], [ -98.1421, 34.55054 ], [ -98.14212, 34.54376 ], [ -98.14212, 34.54336 ], [ -98.14215, 34.50699 ], [ -98.1789, 34.50696 ], [ -98.18228, 34.50713 ], [ -98.18596, 34.50699 ], [ -98.23827, 34.5071 ], [ -98.24412, 34.50712 ], [ -98.24407, 34.47093 ], [ -98.24403, 34.46372 ], [ -98.29589, 34.46354 ], [ -98.29593, 34.44904 ], [ -98.33075, 34.44893 ], [ -98.3371, 34.44892 ], [ -98.3393, 34.44892 ], [ -98.40944, 34.44885 ], [ -98.46149, 34.44905 ], [ -98.50496, 34.44941 ], [ -98.50499, 34.42045 ], [ -98.55648, 34.42041 ], [ -98.55773, 34.42053 ], [ -98.60956, 34.42062 ], [ -98.60954, 34.40614 ], [ -98.66196, 34.40595 ], [ -98.66214, 34.42032 ], [ -98.66215, 34.42135 ], [ -98.66214, 34.42764 ], [ -98.66198, 34.50746 ], [ -98.68553, 34.50747 ], [ -98.72916, 34.50751 ], [ -98.74903, 34.50749 ], [ -98.81861, 34.50742 ], [ -98.82614, 34.50737 ], [ -98.82612, 34.52094 ], [ -98.82599, 34.52193 ], [ -98.8261, 34.54367 ], [ -98.82604, 34.58696 ], [ -98.82601, 34.59441 ], [ -98.82617, 34.60224 ], [ -98.8261, 34.6306 ], [ -98.82621, 34.68144 ], [ -98.82628, 34.73977 ], [ -98.8263, 34.78192 ] ] ] ] } },
{ "type": "Feature", "properties": { "GEOID": "40033", "NAME": "Cotton", "ALAND": 1638523151.0 }, "geometry": { "type": "MultiPolygon", "coordinates": [ [ [ [ -98.66196, 34.40595 ], [ -98.60954, 34.40614 ], [ -98.60956, 34.42062 ], [ -98.55773, 34.42053 ], [ -98.55648, 34.42041 ], [ -98.50499, 34.42045 ], [ -98.50496, 34.44941 ], [ -98.46149, 34.44905 ], [ -98.40944, 34.44885 ], [ -98.3393, 34.44892 ], [ -98.3371, 34.44892 ], [ -98.33075, 34.44893 ], [ -98.29593, 34.44904 ], [ -98.29589, 34.46354 ], [ -98.24403, 34.46372 ], [ -98.24407, 34.47093 ], [ -98.24412, 34.50712 ], [ -98.23827, 34.5071 ], [ -98.18596, 34.50699 ], [ -98.18228, 34.50713 ], [ -98.1789, 34.50696 ], [ -98.14215, 34.50699 ], [ -98.13924, 34.507 ], [ -98.13896, 34.42024 ], [ -98.13904, 34.40586 ], [ -98.13904, 34.40576 ], [ -98.13917, 34.3985 ], [ -98.13919, 34.36962 ], [ -98.13919, 34.36233 ], [ -98.1393, 34.3406 ], [ -98.1393, 34.34045 ], [ -98.13931, 34.33338 ], [ -98.13923, 34.28982 ], [ -98.1393, 34.18107 ], [ -98.1393, 34.18098 ], [ -98.13916, 34.15924 ], [ -98.13898, 34.14181 ], [ -98.14275, 34.13636 ], [ -98.15435, 34.12273 ], [ -98.15741, 34.12047 ], [ -98.16912, 34.11417 ], [ -98.19146, 34.11575 ], [ -98.20007, 34.11678 ], [ -98.20371, 34.11768 ], [ -98.21646, 34.12182 ], [ -98.2236, 34.12509 ], [ -98.23104, 34.13402 ], [ -98.24101, 34.1331 ], [ -98.24795, 34.13072 ], [ -98.25647, 34.12948 ], [ -98.25795, 34.12982 ], [ -98.2617, 34.13157 ], [ -98.26622, 34.13205 ], [ -98.26729, 34.13196 ], [ -98.26766, 34.13185 ], [ -98.26834, 34.13166 ], [ -98.26897, 34.13162 ], [ -98.27156, 34.13228 ], [ -98.27299, 34.13221 ], [ -98.27688, 34.13105 ], [ -98.28032, 34.13075 ], [ -98.2939, 34.13302 ], [ -98.30021, 34.13458 ], [ -98.31875, 34.14642 ], [ -98.32258, 34.14972 ], [ -98.32545, 34.15102 ], [ -98.34815, 34.15461 ], [ -98.36402, 34.15711 ], [ -98.36562, 34.15699 ], [ -98.36749, 34.15619 ], [ -98.3705, 34.15214 ], [ -98.37446, 34.15076 ], [ -98.37691, 34.15055 ], [ -98.38165, 34.1492 ], [ -98.38455, 34.146 ], [ -98.38485, 34.14384 ], [ -98.38708, 34.14091 ], [ -98.38623, 34.13773 ], [ -98.38496, 34.13665 ], [ -98.38106, 34.13477 ], [ -98.37993, 34.13227 ], [ -98.37976, 34.13117 ], [ -98.38087, 34.13053 ], [ -98.38296, 34.12955 ], [ -98.38527, 34.13175 ], [ -98.38869, 34.13322 ], [ -98.39502, 34.13132 ], [ -98.40097, 34.12224 ], [ -98.40049, 34.12178 ], [ -98.39816, 34.1214 ], [ -98.39839, 34.10457 ], [ -98.39978, 34.09997 ], [ -98.40216, 34.09865 ], [ -98.40673, 34.10114 ], [ -98.40932, 34.10129 ], [ -98.41137, 34.10032 ], [ -98.41151, 34.09862 ], [ -98.4096, 34.09407 ], [ -98.41159, 34.08806 ], [ -98.41736, 34.08374 ], [ -98.41881, 34.08266 ], [ -98.42353, 34.08284 ], [ -98.42523, 34.0848 ], [ -98.42914, 34.08556 ], [ -98.44009, 34.08431 ], [ -98.44372, 34.08215 ], [ -98.44578, 34.07683 ], [ -98.44903, 34.07346 ], [ -98.45467, 34.07258 ], [ -98.46295, 34.07384 ], [ -98.466, 34.07308 ], [ -98.47146, 34.06567 ], [ -98.48204, 34.06227 ], [ -98.48633, 34.0626 ], [ -98.4888, 34.06608 ], [ -98.49415, 34.06983 ], [ -98.50415, 34.07229 ], [ -98.51687, 34.08598 ], [ -98.5282, 34.09496 ], [ -98.53626, 34.10734 ], [ -98.55092, 34.11933 ], [ -98.55387, 34.11954 ], [ -98.55682, 34.12108 ], [ -98.55803, 34.12286 ], [ -98.55956, 34.12342 ], [ -98.56057, 34.12357 ], [ -98.56098, 34.12463 ], [ -98.56014, 34.12693 ], [ -98.55859, 34.12825 ], [ -98.55625, 34.12773 ], [ -98.55432, 34.1266 ], [ -98.55185, 34.12713 ], [ -98.55105, 34.12782 ], [ -98.55022, 34.13013 ], [ -98.55052, 34.13219 ], [ -98.55198, 34.13295 ], [ -98.55284, 34.13357 ], [ -98.56019, 34.1332 ], [ -98.56722, 34.13811 ], [ -98.57245, 34.14509 ], [ -98.57714, 34.14896 ], [ -98.58554, 34.15233 ], [ -98.59979, 34.16057 ], [ -98.60398, 34.16025 ], [ -98.60885, 34.15752 ], [ -98.60999, 34.15715 ], [ -98.60985, 34.19528 ], [ -98.60983, 34.20978 ], [ -98.60948, 34.29627 ], [ -98.6096, 34.3045 ], [ -98.60962, 34.31906 ], [ -98.60966, 34.33372 ], [ -98.63539, 34.33358 ], [ -98.662, 34.33343 ], [ -98.66196, 34.40595 ] ] ] ] } },
{ "type": "Feature", "properties": { "GEOID": "40035", "NAME": "Craig", "ALAND": 1971642559.0 }, "geometry": { "type": "MultiPolygon", "coordinates": [ [ [ [ -95.43177, 36.90226 ], [ -95.43176, 36.94259 ], [ -95.42483, 36.94268 ], [ -95.40784, 36.94271 ], [ -95.40775, 36.96441 ], [ -95.40773, 36.99924 ], [ -95.40768, 36.99924 ], [ -95.37726, 36.9993 ], [ -95.33121, 36.99938 ], [ -95.32833, 36.99937 ], [ -95.32806, 36.99936 ], [ -95.32256, 36.99936 ], [ -95.28608, 36.99942 ], [ -95.26788, 36.99945 ], [ -95.19531, 36.99956 ], [ -95.1773, 36.99952 ], [ -95.15897, 36.99954 ], [ -95.15537, 36.99954 ], [ -95.15519, 36.99954 ], [ -95.14046, 36.99953 ], [ -95.07351, 36.99951 ], [ -95.0495, 36.99958 ], [ -95.03786, 36.9995 ], [ -95.03495, 36.9995 ], [ -95.03032, 36.99952 ], [ -95.01143, 36.99954 ], [ -95.00762, 36.99951 ], [ -95.00855, 36.99797 ], [ -95.01211, 36.99659 ], [ -95.01495, 36.995 ], [ -95.01721, 36.99462 ], [ -95.0216, 36.99534 ], [ -95.02543, 36.9948 ], [ -95.03401, 36.99426 ], [ -95.03458, 36.99248 ], [ -95.0347, 36.98927 ], [ -95.03411, 36.98465 ], [ -95.03324, 36.98231 ], [ -95.03229, 36.98113 ], [ -95.02894, 36.97922 ], [ -95.02793, 36.97779 ], [ -95.0286, 36.97609 ], [ -95.03167, 36.97531 ], [ -95.03418, 36.97699 ], [ -95.03563, 36.97737 ], [ -95.03735, 36.97617 ], [ -95.03773, 36.9749 ], [ -95.03645, 36.97329 ], [ -95.0348, 36.97266 ], [ -95.03071, 36.97243 ], [ -95.02857, 36.97004 ], [ -95.02806, 36.9665 ], [ -95.02223, 36.9608 ], [ -95.01979, 36.95953 ], [ -95.01384, 36.95719 ], [ -95.0099, 36.95486 ], [ -95.00465, 36.95263 ], [ -95.00024, 36.95161 ], [ -94.99636, 36.9518 ], [ -94.99469, 36.95118 ], [ -94.99339, 36.94994 ], [ -94.99341, 36.94804 ], [ -94.99554, 36.94322 ], [ -94.99915, 36.9431 ], [ -94.9992, 36.90257 ], [ -94.99926, 36.85926 ], [ -94.9993, 36.81572 ], [ -94.99934, 36.80122 ], [ -94.99932, 36.77222 ], [ -94.99933, 36.75777 ], [ -94.99932, 36.74324 ], [ -94.99936, 36.69972 ], [ -94.99939, 36.69837 ], [ -94.9994, 36.67063 ], [ -94.99939, 36.64162 ], [ -94.99943, 36.62706 ], [ -94.99944, 36.61256 ], [ -94.99945, 36.59803 ], [ -95.00534, 36.59801 ], [ -95.00569, 36.59766 ], [ -95.00567, 36.58989 ], [ -95.00564, 36.58268 ], [ -95.00573, 36.56767 ], [ -95.00566, 36.56705 ], [ -95.00568, 36.55358 ], [ -95.00569, 36.53992 ], [ -95.00569, 36.53907 ], [ -95.00575, 36.52472 ], [ -95.00573, 36.50989 ], [ -95.00603, 36.50982 ], [ -95.0211, 36.50996 ], [ -95.02362, 36.51006 ], [ -95.03263, 36.51011 ], [ -95.04162, 36.51013 ], [ -95.05751, 36.51021 ], [ -95.05957, 36.51022 ], [ -95.07756, 36.51031 ], [ -95.07767, 36.51031 ], [ -95.10378, 36.51056 ], [ -95.11192, 36.51062 ], [ -95.11292, 36.51052 ], [ -95.14516, 36.51052 ], [ -95.23391, 36.51037 ], [ -95.27377, 36.51038 ], [ -95.27416, 36.5103 ], [ -95.29212, 36.51028 ], [ -95.32817, 36.51024 ], [ -95.32827, 36.56125 ], [ -95.3283, 36.56817 ], [ -95.32837, 36.59763 ], [ -95.39567, 36.59759 ], [ -95.43157, 36.59754 ], [ -95.4316, 36.64071 ], [ -95.43167, 36.6844 ], [ -95.4317, 36.69902 ], [ -95.43169, 36.75704 ], [ -95.4317, 36.7716 ], [ -95.43175, 36.82585 ], [ -95.43177, 36.84392 ], [ -95.43177, 36.90226 ] ] ] ] } },
{ "type": "Feature", "properties": { "GEOID": "40037", "NAME": "Creek", "ALAND": 2460214791.0 }, "geometry": { "type": "MultiPolygon", "coordinates": [ [ [ [ -96.62254, 36.06097 ], [ -96.62261, 36.07308 ], [ -96.6225, 36.08699 ], [ -96.62265, 36.08756 ], [ -96.62248, 36.09085 ], [ -96.62231, 36.12657 ], [ -96.62144, 36.15993 ], [ -96.62212, 36.1599 ], [ -96.62209, 36.16279 ], [ -96.62092, 36.16344 ], [ -96.571, 36.1635 ], [ -96.5528, 36.16349 ], [ -96.51653, 36.16348 ], [ -96.51272, 36.16348 ], [ -96.44796, 36.16318 ], [ -96.44667, 36.16317 ], [ -96.44054, 36.16313 ], [ -96.42813, 36.16306 ], [ -96.42273, 36.16304 ], [ -96.42235, 36.16302 ], [ -96.40081, 36.16288 ], [ -96.37613, 36.16273 ], [ -96.37134, 36.1627 ], [ -96.3527, 36.16259 ], [ -96.35169, 36.16259 ], [ -96.32922, 36.16246 ], [ -96.30535, 36.16232 ], [ -96.29789, 36.16228 ], [ -96.29789, 36.14119 ], [ -96.29789, 36.13116 ], [ -96.2979, 36.11918 ], [ -96.29791, 36.07605 ], [ -96.29791, 36.07577 ], [ -96.2975, 36.07577 ], [ -96.26129, 36.07574 ], [ -96.25957, 36.07578 ], [ -96.22648, 36.07574 ], [ -96.21757, 36.07576 ], [ -96.19037, 36.07573 ], [ -96.17277, 36.0757 ], [ -96.13696, 36.07566 ], [ -96.11958, 36.07564 ], [ -96.11902, 36.07564 ], [ -96.10118, 36.07557 ], [ -96.10107, 36.07557 ], [ -96.08015, 36.07555 ], [ -96.07581, 36.07552 ], [ -96.0741, 36.07556 ], [ -96.06543, 36.07551 ], [ -96.05649, 36.07546 ], [ -96.05439, 36.07545 ], [ -96.05375, 36.07549 ], [ -96.05278, 36.07549 ], [ -96.0508, 36.07544 ], [ -96.04531, 36.07545 ], [ -96.03037, 36.07537 ], [ -96.02958, 36.07537 ], [ -96.02954, 36.06925 ], [ -96.02956, 36.06633 ], [ -96.02954, 36.06096 ], [ -96.02955, 36.05003 ], [ -96.02956, 36.04643 ], [ -96.02952, 36.03197 ], [ -96.02956, 36.00902 ], [ -96.02956, 36.00882 ], [ -96.02952, 35.99912 ], [ -96.02962, 35.99563 ], [ -96.02976, 35.99477 ], [ -96.02952, 35.99366 ], [ -96.02954, 35.98839 ], [ -96.02949, 35.96656 ], [ -96.02948, 35.9592 ], [ -96.02949, 35.94472 ], [ -96.02953, 35.92281 ], [ -96.02954, 35.91563 ], [ -96.02957, 35.90111 ], [ -96.03328, 35.9011 ], [ -96.03322, 35.88609 ], [ -96.03297, 35.87298 ], [ -96.03323, 35.87147 ], [ -96.03312, 35.85682 ], [ -96.08613, 35.8572 ], [ -96.13723, 35.8571 ], [ -96.13974, 35.85709 ], [ -96.15955, 35.85705 ], [ -96.19193, 35.85699 ], [ -96.1924, 35.85699 ], [ -96.19242, 35.79153 ], [ -96.19243, 35.77008 ], [ -96.19252, 35.76922 ], [ -96.19253, 35.74079 ], [ -96.19255, 35.72624 ], [ -96.19257, 35.70096 ], [ -96.19261, 35.70057 ], [ -96.19252, 35.67827 ], [ -96.19263, 35.6777 ], [ -96.19256, 35.63909 ], [ -96.28063, 35.6389 ], [ -96.28149, 35.63882 ], [ -96.38697, 35.63911 ], [ -96.38762, 35.63929 ], [ -96.38957, 35.63931 ], [ -96.39436, 35.63913 ], [ -96.41915, 35.63931 ], [ -96.43245, 35.63929 ], [ -96.43351, 35.63912 ], [ -96.43676, 35.63912 ], [ -96.46793, 35.63907 ], [ -96.47656, 35.63904 ], [ -96.49686, 35.63903 ], [ -96.52948, 35.639 ], [ -96.55647, 35.63901 ], [ -96.57654, 35.63898 ], [ -96.62083, 35.639 ], [ -96.62084, 35.65538 ], [ -96.62081, 35.6571 ], [ -96.62019, 35.68893 ], [ -96.62006, 35.70192 ], [ -96.62036, 35.7035 ], [ -96.62037, 35.70976 ], [ -96.62009, 35.74543 ], [ -96.62008, 35.74563 ], [ -96.6198, 35.75707 ], [ -96.61972, 35.77037 ], [ -96.61961, 35.78439 ], [ -96.61961, 35.78478 ], [ -96.61959, 35.81109 ], [ -96.61959, 35.81193 ], [ -96.61964, 35.81972 ], [ -96.61964, 35.82022 ], [ -96.61949, 35.85434 ], [ -96.61935, 35.85552 ], [ -96.61949, 35.86431 ], [ -96.62001, 35.91163 ], [ -96.61976, 35.91557 ], [ -96.62012, 35.92208 ], [ -96.62014, 35.9272 ], [ -96.6204, 35.93044 ], [ -96.61965, 35.94157 ], [ -96.62036, 35.95931 ], [ -96.62079, 35.97037 ], [ -96.62113, 35.97194 ], [ -96.62103, 35.97641 ], [ -96.62148, 35.987 ], [ -96.62167, 35.99566 ], [ -96.62173, 36.00041 ], [ -96.62207, 36.02562 ], [ -96.62235, 36.04692 ], [ -96.62235, 36.04697 ], [ -96.62246, 36.05523 ], [ -96.62286, 36.05842 ], [ -96.62254, 36.06097 ] ] ] ] } },
{ "type": "Feature", "properties": { "GEOID": "40039", "NAME": "Custer", "ALAND": 2560924945.0 }, "geometry": { "type": "MultiPolygon", "coordinates": [ [ [ [ -99.37694, 35.62445 ], [ -99.37692, 35.63174 ], [ -99.37691, 35.63887 ], [ -99.37672, 35.70295 ], [ -99.37665, 35.70445 ], [ -99.37668, 35.71101 ], [ -99.37656, 35.7401 ], [ -99.37633, 35.75408 ], [ -99.37621, 35.7688 ], [ -99.37614, 35.77568 ], [ -99.37614, 35.77609 ], [ -99.37582, 35.81219 ], [ -99.35981, 35.81216 ], [ -99.35919, 35.81213 ], [ -99.21707, 35.81234 ], [ -99.16364, 35.81241 ], [ -99.14619, 35.8124 ], [ -99.12838, 35.81238 ], [ -99.11064, 35.81241 ], [ -99.07511, 35.81235 ], [ -99.01862, 35.81235 ], [ -99.01733, 35.81209 ], [ -99.01483, 35.81239 ], [ -99.01127, 35.8123 ], [ -98.88277, 35.81246 ], [ -98.88107, 35.81261 ], [ -98.84458, 35.81271 ], [ -98.83259, 35.81262 ], [ -98.83098, 35.81247 ], [ -98.72322, 35.81211 ], [ -98.7091, 35.81244 ], [ -98.7025, 35.81252 ], [ -98.70206, 35.81247 ], [ -98.6676, 35.81246 ], [ -98.64977, 35.81245 ], [ -98.63199, 35.8124 ], [ -98.6322, 35.74481 ], [ -98.63198, 35.7177 ], [ -98.63218, 35.66939 ], [ -98.63221, 35.6675 ], [ -98.63219, 35.65977 ], [ -98.63218, 35.63852 ], [ -98.63221, 35.55152 ], [ -98.62324, 35.55152 ], [ -98.62325, 35.53647 ], [ -98.62326, 35.53626 ], [ -98.6233, 35.52239 ], [ -98.62329, 35.51481 ], [ -98.62334, 35.495 ], [ -98.62328, 35.49451 ], [ -98.62334, 35.46422 ], [ -98.63434, 35.46449 ], [ -98.71162, 35.46443 ], [ -98.72903, 35.46445 ], [ -98.78231, 35.46477 ], [ -98.83504, 35.46508 ], [ -98.85103, 35.46508 ], [ -98.85232, 35.46503 ], [ -98.85317, 35.46513 ], [ -98.86139, 35.46507 ], [ -98.94939, 35.46513 ], [ -98.958, 35.46514 ], [ -98.9582, 35.46514 ], [ -98.95837, 35.46514 ], [ -98.97428, 35.46518 ], [ -98.97546, 35.46518 ], [ -98.97567, 35.46518 ], [ -98.97572, 35.46518 ], [ -99.09932, 35.46521 ], [ -99.11692, 35.4652 ], [ -99.15212, 35.46523 ], [ -99.16999, 35.46527 ], [ -99.24086, 35.4654 ], [ -99.35554, 35.46532 ], [ -99.36422, 35.46533 ], [ -99.36417, 35.4798 ], [ -99.36415, 35.50194 ], [ -99.36414, 35.50879 ], [ -99.36415, 35.51603 ], [ -99.36413, 35.55172 ], [ -99.37705, 35.55174 ], [ -99.37694, 35.62445 ] ] ] ] } },
{ "type": "Feature", "properties": { "GEOID": "40041", "NAME": "Delaware", "ALAND": 1910774948.0 }, "geometry": { "type": "MultiPolygon", "coordinates": [ [ [ [ -95.01101, 36.16291 ], [ -95.01127, 36.16575 ], [ -95.0113, 36.17652 ], [ -95.01129, 36.19059 ], [ -95.01131, 36.21316 ], [ -95.01132, 36.2193 ], [ -95.01073, 36.23436 ], [ -95.01073, 36.23437 ], [ -95.01017, 36.24882 ], [ -95.00554, 36.24871 ], [ -95.00565, 36.26385 ], [ -95.00566, 36.26485 ], [ -95.00588, 36.29291 ], [ -95.00573, 36.30737 ], [ -95.00563, 36.33837 ], [ -95.00562, 36.34756 ], [ -95.00554, 36.36474 ], [ -95.00544, 36.39428 ], [ -95.00544, 36.40142 ], [ -95.00545, 36.40611 ], [ -95.00573, 36.41231 ], [ -95.00574, 36.41598 ], [ -95.00562, 36.43737 ], [ -95.00553, 36.46113 ], [ -95.00578, 36.46179 ], [ -95.00576, 36.47696 ], [ -95.00572, 36.49177 ], [ -95.00572, 36.49193 ], [ -95.00578, 36.50015 ], [ -95.00547, 36.50153 ], [ -95.00573, 36.50989 ], [ -95.00575, 36.52472 ], [ -95.00569, 36.53907 ], [ -95.00569, 36.53992 ], [ -95.00568, 36.55358 ], [ -95.00566, 36.56705 ], [ -95.00573, 36.56767 ], [ -95.00564, 36.58268 ], [ -95.00567, 36.58989 ], [ -95.00569, 36.59766 ], [ -95.00534, 36.59801 ], [ -94.99945, 36.59803 ], [ -94.99944, 36.61256 ], [ -94.99943, 36.62706 ], [ -94.99939, 36.64162 ], [ -94.9994, 36.67063 ], [ -94.94528, 36.67052 ], [ -94.90456, 36.67046 ], [ -94.88652, 36.67045 ], [ -94.86451, 36.67052 ], [ -94.85546, 36.67051 ], [ -94.8408, 36.67056 ], [ -94.83741, 36.67053 ], [ -94.78248, 36.67061 ], [ -94.77924, 36.66776 ], [ -94.77494, 36.66781 ], [ -94.7736, 36.66782 ], [ -94.76451, 36.66781 ], [ -94.75005, 36.66776 ], [ -94.74959, 36.66747 ], [ -94.73411, 36.66754 ], [ -94.73298, 36.66778 ], [ -94.7156, 36.66776 ], [ -94.61802, 36.66792 ], [ -94.61786, 36.62544 ], [ -94.61786, 36.62474 ], [ -94.61786, 36.62472 ], [ -94.61781, 36.6126 ], [ -94.61786, 36.60685 ], [ -94.61786, 36.60684 ], [ -94.61785, 36.59912 ], [ -94.61785, 36.598 ], [ -94.61782, 36.58357 ], [ -94.61781, 36.57773 ], [ -94.61788, 36.54745 ], [ -94.6179, 36.53698 ], [ -94.61787, 36.53613 ], [ -94.61787, 36.53609 ], [ -94.618, 36.53428 ], [ -94.61799, 36.53393 ], [ -94.61788, 36.5178 ], [ -94.61788, 36.515 ], [ -94.61789, 36.50855 ], [ -94.6179, 36.50752 ], [ -94.6179, 36.50654 ], [ -94.61792, 36.49953 ], [ -94.61792, 36.49941 ], [ -94.61772, 36.49832 ], [ -94.61531, 36.48499 ], [ -94.61383, 36.47625 ], [ -94.61269, 36.46867 ], [ -94.61161, 36.46153 ], [ -94.60541, 36.42195 ], [ -94.60402, 36.41363 ], [ -94.60262, 36.40528 ], [ -94.60246, 36.4045 ], [ -94.60198, 36.40212 ], [ -94.60081, 36.3946 ], [ -94.60051, 36.39267 ], [ -94.59972, 36.38759 ], [ -94.5934, 36.34574 ], [ -94.5931, 36.34387 ], [ -94.59169, 36.33486 ], [ -94.59132, 36.33253 ], [ -94.5862, 36.29997 ], [ -94.58593, 36.29836 ], [ -94.58473, 36.29116 ], [ -94.58259, 36.2783 ], [ -94.58109, 36.2693 ], [ -94.57788, 36.25008 ], [ -94.5779, 36.24955 ], [ -94.576, 36.24007 ], [ -94.57507, 36.23368 ], [ -94.57488, 36.23274 ], [ -94.57439, 36.23 ], [ -94.57376, 36.22602 ], [ -94.57181, 36.21375 ], [ -94.57127, 36.21097 ], [ -94.57125, 36.2109 ], [ -94.56929, 36.19949 ], [ -94.56807, 36.19237 ], [ -94.56781, 36.19087 ], [ -94.56716, 36.1871 ], [ -94.56659, 36.18377 ], [ -94.56618, 36.18143 ], [ -94.56566, 36.17844 ], [ -94.56531, 36.17644 ], [ -94.56376, 36.16738 ], [ -94.56283, 36.16189 ], [ -94.56582, 36.1619 ], [ -94.59689, 36.16176 ], [ -94.60137, 36.16175 ], [ -94.63716, 36.16173 ], [ -94.64606, 36.16168 ], [ -94.6876, 36.16152 ], [ -94.69739, 36.16152 ], [ -94.69879, 36.16153 ], [ -94.70818, 36.16154 ], [ -94.71386, 36.16155 ], [ -94.73527, 36.16158 ], [ -94.77716, 36.16163 ], [ -94.78236, 36.16164 ], [ -94.79741, 36.16165 ], [ -94.81455, 36.16164 ], [ -94.81471, 36.16164 ], [ -94.83279, 36.16163 ], [ -94.83289, 36.16163 ], [ -94.8464, 36.16163 ], [ -94.84873, 36.16166 ], [ -94.85099, 36.16169 ], [ -94.85334, 36.16161 ], [ -94.85768, 36.16161 ], [ -94.86859, 36.1616 ], [ -94.89637, 36.16156 ], [ -94.92236, 36.16154 ], [ -94.92471, 36.16152 ], [ -94.94029, 36.16145 ], [ -94.94199, 36.16164 ], [ -94.95324, 36.16152 ], [ -94.95873, 36.16168 ], [ -95.00281, 36.16175 ], [ -95.01133, 36.16176 ], [ -95.01101, 36.16291 ] ] ] ] } },
{ "type": "Feature", "properties": { "GEOID": "40043", "NAME": "Dewey", "ALAND": 2589024032.0 }, "geometry": { "type": "MultiPolygon", "coordinates": [ [ [ [ -99.3819, 36.09869 ], [ -99.38207, 36.1643 ], [ -99.25424, 36.16392 ], [ -99.24592, 36.16341 ], [ -99.2221, 36.16319 ], [ -99.13346, 36.16233 ], [ -99.12558, 36.16224 ], [ -99.11726, 36.16281 ], [ -99.07995, 36.16243 ], [ -99.0621, 36.16228 ], [ -99.0578, 36.16226 ], [ -99.05761, 36.16226 ], [ -98.95585, 36.16158 ], [ -98.93846, 36.16137 ], [ -98.93752, 36.16137 ], [ -98.92958, 36.16132 ], [ -98.92513, 36.16129 ], [ -98.92307, 36.16127 ], [ -98.92044, 36.16127 ], [ -98.89476, 36.16122 ], [ -98.72645, 36.16324 ], [ -98.72618, 36.1633 ], [ -98.72578, 36.16326 ], [ -98.66333, 36.16455 ], [ -98.6369, 36.16489 ], [ -98.63681, 36.14329 ], [ -98.63613, 35.95668 ], [ -98.63612, 35.94951 ], [ -98.63609, 35.9422 ], [ -98.63616, 35.91375 ], [ -98.63617, 35.91326 ], [ -98.63615, 35.89881 ], [ -98.6321, 35.89879 ], [ -98.63212, 35.84224 ], [ -98.63198, 35.84144 ], [ -98.63199, 35.8124 ], [ -98.64977, 35.81245 ], [ -98.6676, 35.81246 ], [ -98.70206, 35.81247 ], [ -98.7025, 35.81252 ], [ -98.7091, 35.81244 ], [ -98.72322, 35.81211 ], [ -98.83098, 35.81247 ], [ -98.83259, 35.81262 ], [ -98.84458, 35.81271 ], [ -98.88107, 35.81261 ], [ -98.88277, 35.81246 ], [ -99.01127, 35.8123 ], [ -99.01483, 35.81239 ], [ -99.01733, 35.81209 ], [ -99.01862, 35.81235 ], [ -99.07511, 35.81235 ], [ -99.11064, 35.81241 ], [ -99.12838, 35.81238 ], [ -99.14619, 35.8124 ], [ -99.16364, 35.81241 ], [ -99.21707, 35.81234 ], [ -99.35919, 35.81213 ], [ -99.35981, 35.81216 ], [ -99.37582, 35.81219 ], [ -99.37602, 35.89889 ], [ -99.38119, 35.89888 ], [ -99.38112, 35.94658 ], [ -99.38089, 35.94825 ], [ -99.38095, 35.97136 ], [ -99.38102, 36.01273 ], [ -99.38102, 36.01293 ], [ -99.3822, 36.0972 ], [ -99.3819, 36.09869 ] ] ] ] } },
{ "type": "Feature", "properties": { "GEOID": "40045", "NAME": "Ellis", "ALAND": 3189509979.0 }, "geometry": { "type": "MultiPolygon", "coordinates": [ [ [ [ -100.00377, 36.52887 ], [ -100.00316, 36.59325 ], [ -99.91086, 36.59329 ], [ -99.91014, 36.59319 ], [ -99.83784, 36.59329 ], [ -99.74639, 36.59327 ], [ -99.73953, 36.59325 ], [ -99.69285, 36.59316 ], [ -99.68825, 36.59299 ], [ -99.67713, 36.59306 ], [ -99.67408, 36.59323 ], [ -99.60563, 36.59275 ], [ -99.60543, 36.56864 ], [ -99.6054, 36.56847 ], [ -99.60544, 36.46408 ], [ -99.60543, 36.44952 ], [ -99.60561, 36.40963 ], [ -99.60569, 36.40926 ], [ -99.60557, 36.34811 ], [ -99.60527, 36.29119 ], [ -99.60517, 36.29017 ], [ -99.60509, 36.27567 ], [ -99.60507, 36.24674 ], [ -99.59594, 36.24675 ], [ -99.59603, 36.21703 ], [ -99.59607, 36.20287 ], [ -99.59589, 36.18821 ], [ -99.59608, 36.16406 ], [ -99.45362, 36.16393 ], [ -99.38207, 36.1643 ], [ -99.3819, 36.09869 ], [ -99.3822, 36.0972 ], [ -99.38102, 36.01293 ], [ -99.38347, 36.01367 ], [ -99.38636, 36.01317 ], [ -99.38963, 36.01328 ], [ -99.39644, 36.0125 ], [ -99.39951, 36.0119 ], [ -99.40763, 36.01252 ], [ -99.41152, 36.01244 ], [ -99.42215, 36.01193 ], [ -99.42552, 36.01139 ], [ -99.43117, 36.00957 ], [ -99.43721, 36.00818 ], [ -99.44652, 36.00699 ], [ -99.45189, 36.00551 ], [ -99.45884, 36.00238 ], [ -99.46287, 36.00005 ], [ -99.46695, 35.99465 ], [ -99.46978, 35.99123 ], [ -99.47749, 35.98573 ], [ -99.47942, 35.98547 ], [ -99.4852, 35.98629 ], [ -99.48811, 35.98454 ], [ -99.49368, 35.97968 ], [ -99.49581, 35.97873 ], [ -99.49603, 35.97773 ], [ -99.49793, 35.97523 ], [ -99.49926, 35.97214 ], [ -99.49957, 35.96895 ], [ -99.50032, 35.96704 ], [ -99.5054, 35.95778 ], [ -99.50604, 35.9489 ], [ -99.50894, 35.94586 ], [ -99.50927, 35.94374 ], [ -99.50899, 35.94137 ], [ -99.50924, 35.93922 ], [ -99.51111, 35.93681 ], [ -99.5117, 35.93441 ], [ -99.5139, 35.92767 ], [ -99.51531, 35.9258 ], [ -99.5247, 35.91987 ], [ -99.52569, 35.91846 ], [ -99.53165, 35.91337 ], [ -99.53418, 35.9116 ], [ -99.53486, 35.90963 ], [ -99.53594, 35.90843 ], [ -99.53862, 35.90676 ], [ -99.54439, 35.90258 ], [ -99.54963, 35.90022 ], [ -99.55067, 35.89889 ], [ -99.5519, 35.89634 ], [ -99.55214, 35.8948 ], [ -99.54971, 35.88722 ], [ -99.54972, 35.88605 ], [ -99.55034, 35.88484 ], [ -99.55505, 35.87898 ], [ -99.55663, 35.87505 ], [ -99.55778, 35.86877 ], [ -99.55849, 35.86599 ], [ -99.56072, 35.86398 ], [ -99.56191, 35.86337 ], [ -99.56807, 35.86264 ], [ -99.57736, 35.85959 ], [ -99.58063, 35.85889 ], [ -99.58368, 35.85885 ], [ -99.58757, 35.85786 ], [ -99.59604, 35.85723 ], [ -99.60179, 35.8559 ], [ -99.60549, 35.85319 ], [ -99.60718, 35.85098 ], [ -99.61094, 35.84745 ], [ -99.61515, 35.84497 ], [ -99.61767, 35.84286 ], [ -99.62056, 35.84195 ], [ -99.6244, 35.84296 ], [ -99.62966, 35.84256 ], [ -99.63497, 35.8431 ], [ -99.64045, 35.84535 ], [ -99.64251, 35.84582 ], [ -99.64997, 35.84922 ], [ -99.65318, 35.85012 ], [ -99.66442, 35.8518 ], [ -99.67782, 35.85101 ], [ -99.68141, 35.85101 ], [ -99.68549, 35.85175 ], [ -99.68792, 35.85289 ], [ -99.69382, 35.8545 ], [ -99.70272, 35.85628 ], [ -99.7171, 35.85977 ], [ -99.72271, 35.86255 ], [ -99.72388, 35.86568 ], [ -99.72609, 35.86767 ], [ -99.7274, 35.87031 ], [ -99.72782, 35.86861 ], [ -99.72939, 35.87029 ], [ -99.73838, 35.87504 ], [ -99.74239, 35.87969 ], [ -99.74643, 35.88196 ], [ -99.75039, 35.88273 ], [ -99.75329, 35.88263 ], [ -99.75919, 35.88088 ], [ -99.76108, 35.88074 ], [ -99.76381, 35.88141 ], [ -99.767, 35.88264 ], [ -99.76822, 35.88384 ], [ -99.77234, 35.8863 ], [ -99.77495, 35.88733 ], [ -99.77699, 35.88906 ], [ -99.77866, 35.89364 ], [ -99.7791, 35.89639 ], [ -99.78155, 35.89859 ], [ -99.78535, 35.89949 ], [ -99.78653, 35.90028 ], [ -99.78695, 35.90186 ], [ -99.78977, 35.90425 ], [ -99.79647, 35.90687 ], [ -99.80139, 35.91065 ], [ -99.80201, 35.91272 ], [ -99.80231, 35.92039 ], [ -99.80306, 35.92203 ], [ -99.80496, 35.92461 ], [ -99.80914, 35.92748 ], [ -99.81022, 35.92891 ], [ -99.81071, 35.93184 ], [ -99.81044, 35.93414 ], [ -99.80721, 35.94087 ], [ -99.80784, 35.94263 ], [ -99.80922, 35.94368 ], [ -99.80977, 35.94549 ], [ -99.80976, 35.95334 ], [ -99.80792, 35.96034 ], [ -99.80578, 35.96256 ], [ -99.80487, 35.9641 ], [ -99.80335, 35.96909 ], [ -99.80229, 35.9716 ], [ -99.80441, 35.98017 ], [ -99.80594, 35.98382 ], [ -99.80566, 35.98627 ], [ -99.80492, 35.98845 ], [ -99.8074, 35.99136 ], [ -99.80724, 35.99363 ], [ -99.8089, 35.99772 ], [ -99.80944, 36.00004 ], [ -99.81036, 36.00004 ], [ -99.81184, 36.00188 ], [ -99.81381, 36.00308 ], [ -99.81734, 36.00435 ], [ -99.82356, 36.00553 ], [ -99.83046, 36.00633 ], [ -99.83795, 36.00679 ], [ -99.8473, 36.00608 ], [ -99.85154, 36.00513 ], [ -99.85501, 36.00368 ], [ -99.85983, 35.99945 ], [ -99.86005, 35.99883 ], [ -99.86452, 35.99519 ], [ -99.86889, 35.99093 ], [ -99.87227, 35.98871 ], [ -99.87405, 35.988 ], [ -99.87539, 35.9878 ], [ -99.88227, 35.98784 ], [ -99.88434, 35.98819 ], [ -99.88831, 35.98785 ], [ -99.89337, 35.9853 ], [ -99.89441, 35.98413 ], [ -99.89442, 35.97832 ], [ -99.89505, 35.97712 ], [ -99.90224, 35.9714 ], [ -99.90586, 35.96813 ], [ -99.90827, 35.96663 ], [ -99.91052, 35.96413 ], [ -99.91145, 35.96192 ], [ -99.91253, 35.95499 ], [ -99.91128, 35.94602 ], [ -99.91067, 35.94444 ], [ -99.90874, 35.94299 ], [ -99.90705, 35.94234 ], [ -99.9057, 35.93955 ], [ -99.9056, 35.93673 ], [ -99.90839, 35.92812 ], [ -99.90994, 35.92697 ], [ -99.91644, 35.92307 ], [ -99.91893, 35.92181 ], [ -99.92118, 35.91981 ], [ -99.92515, 35.91366 ], [ -99.92996, 35.91131 ], [ -99.93447, 35.90949 ], [ -99.94329, 35.90649 ], [ -99.94904, 35.90391 ], [ -99.95616, 35.9018 ], [ -99.95963, 35.90004 ], [ -99.96376, 35.89639 ], [ -99.96701, 35.8921 ], [ -99.96871, 35.89057 ], [ -99.97211, 35.88878 ], [ -99.97724, 35.88753 ], [ -99.98171, 35.88538 ], [ -99.98544, 35.88405 ], [ -99.9887, 35.8836 ], [ -99.99482, 35.88182 ], [ -100.0004, 35.88123 ], [ -100.0004, 36.04264 ], [ -100.0004, 36.05568 ], [ -100.0004, 36.16371 ], [ -100.0004, 36.20246 ], [ -100.0004, 36.26023 ], [ -100.0004, 36.27347 ], [ -100.00041, 36.4997 ], [ -100.00376, 36.4997 ], [ -100.00366, 36.50084 ], [ -100.00368, 36.51386 ], [ -100.00381, 36.52239 ], [ -100.00377, 36.52887 ] ] ] ] } },
{ "type": "Feature", "properties": { "GEOID": "40047", "NAME": "Garfield", "ALAND": 2741521326.0 }, "geometry": { "type": "MultiPolygon", "coordinates": [ [ [ [ -98.10443, 36.26037 ], [ -98.10443, 36.26759 ], [ -98.10442, 36.27486 ], [ -98.10445, 36.29651 ], [ -98.10448, 36.31828 ], [ -98.10444, 36.33977 ], [ -98.10448, 36.34728 ], [ -98.10451, 36.37629 ], [ -98.10452, 36.41969 ], [ -98.10449, 36.44136 ], [ -98.10443, 36.45567 ], [ -98.10445, 36.4595 ], [ -98.10443, 36.4631 ], [ -98.10438, 36.47031 ], [ -98.10432, 36.5138 ], [ -98.10432, 36.55732 ], [ -98.10431, 36.57093 ], [ -98.10438, 36.57176 ], [ -98.1043, 36.57892 ], [ -98.10429, 36.59358 ], [ -98.07787, 36.59353 ], [ -98.06885, 36.59351 ], [ -98.03742, 36.5935 ], [ -98.02839, 36.59353 ], [ -98.01867, 36.59356 ], [ -97.96177, 36.59355 ], [ -97.93855, 36.59359 ], [ -97.91286, 36.59355 ], [ -97.9116, 36.59355 ], [ -97.77415, 36.5933 ], [ -97.71063, 36.59338 ], [ -97.6421, 36.59346 ], [ -97.54255, 36.59349 ], [ -97.52555, 36.59351 ], [ -97.51625, 36.59355 ], [ -97.49846, 36.59355 ], [ -97.46246, 36.59363 ], [ -97.4616, 36.59364 ], [ -97.46152, 36.53498 ], [ -97.46142, 36.53365 ], [ -97.46156, 36.51544 ], [ -97.4614, 36.50597 ], [ -97.46156, 36.50492 ], [ -97.46152, 36.4843 ], [ -97.46132, 36.43373 ], [ -97.46121, 36.41926 ], [ -97.46119, 36.39037 ], [ -97.46117, 36.38358 ], [ -97.46114, 36.37595 ], [ -97.46109, 36.34708 ], [ -97.46112, 36.3398 ], [ -97.46119, 36.28935 ], [ -97.4612, 36.28845 ], [ -97.46127, 36.27537 ], [ -97.4613, 36.26759 ], [ -97.46128, 36.24638 ], [ -97.46052, 36.24506 ], [ -97.46062, 36.21746 ], [ -97.46065, 36.19564 ], [ -97.46079, 36.16446 ], [ -97.49644, 36.16457 ], [ -97.53238, 36.16459 ], [ -97.5861, 36.16475 ], [ -97.62182, 36.16478 ], [ -97.62765, 36.16469 ], [ -97.67562, 36.16466 ], [ -97.7197, 36.16474 ], [ -97.73833, 36.16474 ], [ -97.79027, 36.16462 ], [ -97.82706, 36.16463 ], [ -97.83593, 36.16463 ], [ -97.87177, 36.16463 ], [ -97.89286, 36.1647 ], [ -97.95738, 36.16452 ], [ -97.96124, 36.16479 ], [ -97.9791, 36.1648 ], [ -97.98824, 36.1648 ], [ -97.99715, 36.1648 ], [ -98.02399, 36.16493 ], [ -98.03296, 36.16499 ], [ -98.03753, 36.16495 ], [ -98.06861, 36.165 ], [ -98.07304, 36.165 ], [ -98.07748, 36.16501 ], [ -98.07752, 36.16501 ], [ -98.09517, 36.16504 ], [ -98.09523, 36.16504 ], [ -98.09735, 36.16504 ], [ -98.1039, 36.16488 ], [ -98.10392, 36.17359 ], [ -98.10373, 36.24592 ], [ -98.10457, 36.24592 ], [ -98.10443, 36.26037 ] ] ] ] } },
{ "type": "Feature", "properties": { "GEOID": "40049", "NAME": "Garvin", "ALAND": 2077546552.0 }, "geometry": { "type": "MultiPolygon", "coordinates": [ [ [ [ -97.66848, 34.69349 ], [ -97.66823, 34.79001 ], [ -97.66819, 34.80484 ], [ -97.66819, 34.8121 ], [ -97.6682, 34.81731 ], [ -97.66818, 34.82459 ], [ -97.66813, 34.83524 ], [ -97.66816, 34.84793 ], [ -97.6681, 34.85516 ], [ -97.63505, 34.85521 ], [ -97.62132, 34.85522 ], [ -97.62006, 34.85522 ], [ -97.60938, 34.85522 ], [ -97.60781, 34.85521 ], [ -97.60673, 34.85521 ], [ -97.56402, 34.85527 ], [ -97.49476, 34.85511 ], [ -97.49405, 34.85527 ], [ -97.48568, 34.85527 ], [ -97.48372, 34.85527 ], [ -97.42404, 34.85531 ], [ -97.40569, 34.85529 ], [ -97.40551, 34.85529 ], [ -97.38813, 34.85528 ], [ -97.35315, 34.85528 ], [ -97.35255, 34.85528 ], [ -97.33591, 34.85527 ], [ -97.32503, 34.85523 ], [ -97.30021, 34.85521 ], [ -97.28305, 34.85524 ], [ -97.26545, 34.85525 ], [ -97.26438, 34.85519 ], [ -97.24782, 34.85523 ], [ -97.23016, 34.85522 ], [ -97.19513, 34.85523 ], [ -97.14273, 34.85511 ], [ -97.10777, 34.85503 ], [ -97.09045, 34.85498 ], [ -97.05572, 34.85491 ], [ -97.03761, 34.85484 ], [ -96.98364, 34.85477 ], [ -96.9746, 34.85485 ], [ -96.97136, 34.85473 ], [ -96.93244, 34.85456 ], [ -96.93244, 34.8545 ], [ -96.9325, 34.85412 ], [ -96.93243, 34.81141 ], [ -96.93244, 34.81128 ], [ -96.93246, 34.78209 ], [ -96.93249, 34.7676 ], [ -96.93249, 34.69496 ], [ -96.93251, 34.68042 ], [ -96.93246, 34.63851 ], [ -96.93226, 34.6373 ], [ -96.93245, 34.63681 ], [ -97.00259, 34.6368 ], [ -97.00266, 34.6368 ], [ -97.00379, 34.63693 ], [ -97.01973, 34.63697 ], [ -97.07264, 34.637 ], [ -97.09019, 34.637 ], [ -97.14267, 34.63713 ], [ -97.1426, 34.62259 ], [ -97.16232, 34.62261 ], [ -97.20007, 34.62276 ], [ -97.19742, 34.62087 ], [ -97.19534, 34.61825 ], [ -97.19484, 34.61615 ], [ -97.19581, 34.61493 ], [ -97.19822, 34.61382 ], [ -97.19901, 34.61147 ], [ -97.19801, 34.60876 ], [ -97.19666, 34.60723 ], [ -97.19545, 34.60674 ], [ -97.19264, 34.6067 ], [ -97.19068, 34.60561 ], [ -97.19045, 34.60464 ], [ -97.19235, 34.60269 ], [ -97.19288, 34.60064 ], [ -97.19134, 34.59744 ], [ -97.19028, 34.59637 ], [ -97.18935, 34.59601 ], [ -97.18596, 34.5962 ], [ -97.18484, 34.5953 ], [ -97.18053, 34.59504 ], [ -97.17596, 34.59566 ], [ -97.17398, 34.59501 ], [ -97.17149, 34.59327 ], [ -97.17022, 34.59011 ], [ -97.16706, 34.58818 ], [ -97.16742, 34.58608 ], [ -97.16891, 34.58584 ], [ -97.17352, 34.58681 ], [ -97.1744, 34.5862 ], [ -97.1742, 34.58485 ], [ -97.17306, 34.58375 ], [ -97.173, 34.58107 ], [ -97.17161, 34.57858 ], [ -97.17022, 34.57728 ], [ -97.16796, 34.5761 ], [ -97.1643, 34.57503 ], [ -97.16431, 34.57364 ], [ -97.16519, 34.57251 ], [ -97.16747, 34.57238 ], [ -97.17193, 34.57421 ], [ -97.17434, 34.57431 ], [ -97.17602, 34.57159 ], [ -97.17547, 34.56955 ], [ -97.17413, 34.5682 ], [ -97.17317, 34.56507 ], [ -97.17156, 34.56371 ], [ -97.16962, 34.56315 ], [ -97.16411, 34.56312 ], [ -97.15842, 34.56469 ], [ -97.15731, 34.56399 ], [ -97.15744, 34.5628 ], [ -97.15937, 34.56143 ], [ -97.16431, 34.55976 ], [ -97.16477, 34.5592 ], [ -97.16253, 34.55647 ], [ -97.1584, 34.55339 ], [ -97.1575, 34.55216 ], [ -97.15845, 34.5501 ], [ -97.15951, 34.54944 ], [ -97.16334, 34.54851 ], [ -97.16369, 34.5474 ], [ -97.16243, 34.54277 ], [ -97.16196, 34.54087 ], [ -97.16064, 34.53802 ], [ -97.16021, 34.53487 ], [ -97.16202, 34.5327 ], [ -97.16481, 34.5329 ], [ -97.16571, 34.53169 ], [ -97.16486, 34.53064 ], [ -97.16167, 34.53025 ], [ -97.16035, 34.52972 ], [ -97.15918, 34.52805 ], [ -97.15908, 34.52505 ], [ -97.15805, 34.52271 ], [ -97.15679, 34.52178 ], [ -97.15329, 34.52123 ], [ -97.14981, 34.52142 ], [ -97.1465, 34.52251 ], [ -97.14428, 34.52202 ], [ -97.14374, 34.52072 ], [ -97.14522, 34.51896 ], [ -97.14807, 34.51829 ], [ -97.15015, 34.51836 ], [ -97.15309, 34.51679 ], [ -97.15033, 34.51329 ], [ -97.14876, 34.51219 ], [ -97.14402, 34.50991 ], [ -97.14337, 34.50883 ], [ -97.14397, 34.50661 ], [ -97.14939, 34.5066 ], [ -97.16981, 34.50665 ], [ -97.17414, 34.50666 ], [ -97.17622, 34.50665 ], [ -97.17738, 34.50666 ], [ -97.18649, 34.50665 ], [ -97.28124, 34.50681 ], [ -97.28229, 34.50685 ], [ -97.31717, 34.50687 ], [ -97.33506, 34.50686 ], [ -97.34136, 34.50682 ], [ -97.34144, 34.50684 ], [ -97.35218, 34.5068 ], [ -97.36093, 34.50687 ], [ -97.40506, 34.50688 ], [ -97.50935, 34.50699 ], [ -97.56232, 34.50704 ], [ -97.56318, 34.50703 ], [ -97.56294, 34.51153 ], [ -97.56329, 34.51552 ], [ -97.56308, 34.52864 ], [ -97.56286, 34.56518 ], [ -97.56289, 34.57257 ], [ -97.56286, 34.59416 ], [ -97.5629, 34.61609 ], [ -97.56284, 34.63034 ], [ -97.56283, 34.63149 ], [ -97.56296, 34.6328 ], [ -97.56301, 34.67759 ], [ -97.563, 34.68118 ], [ -97.59801, 34.68122 ], [ -97.59943, 34.68128 ], [ -97.66851, 34.68134 ], [ -97.66848, 34.69349 ] ] ] ] } },
{ "type": "Feature", "properties": { "GEOID": "40051", "NAME": "Grady", "ALAND": 2850386657.0 }, "geometry": { "type": "MultiPolygon", "coordinates": [ [ [ [ -98.09601, 35.37775 ], [ -98.02353, 35.37782 ], [ -98.02075, 35.37753 ], [ -98.01931, 35.37843 ], [ -98.01745, 35.37791 ], [ -98.01638, 35.37656 ], [ -98.01609, 35.37443 ], [ -98.01171, 35.37141 ], [ -98.00987, 35.36935 ], [ -98.00886, 35.3668 ], [ -98.011, 35.36552 ], [ -98.01208, 35.36372 ], [ -98.01197, 35.36206 ], [ -98.01084, 35.36077 ], [ -98.0064, 35.36038 ], [ -98.00397, 35.36215 ], [ -98.00346, 35.36407 ], [ -98.00149, 35.36436 ], [ -97.99918, 35.36248 ], [ -97.99694, 35.36169 ], [ -97.99526, 35.3617 ], [ -97.99167, 35.3604 ], [ -97.99092, 35.35975 ], [ -97.9859, 35.35857 ], [ -97.98376, 35.35724 ], [ -97.98141, 35.35634 ], [ -97.97898, 35.3562 ], [ -97.97386, 35.3571 ], [ -97.9728, 35.3563 ], [ -97.97227, 35.35361 ], [ -97.96955, 35.35148 ], [ -97.96455, 35.3502 ], [ -97.96318, 35.34939 ], [ -97.96012, 35.34594 ], [ -97.95517, 35.34605 ], [ -97.95255, 35.34775 ], [ -97.95227, 35.35059 ], [ -97.94896, 35.35271 ], [ -97.94684, 35.35641 ], [ -97.94664, 35.35988 ], [ -97.94595, 35.36247 ], [ -97.94655, 35.36809 ], [ -97.94633, 35.37103 ], [ -97.94721, 35.37296 ], [ -97.94721, 35.37485 ], [ -97.94398, 35.37641 ], [ -97.94341, 35.37719 ], [ -97.94026, 35.3769 ], [ -97.93634, 35.37575 ], [ -97.9348, 35.37535 ], [ -97.93225, 35.37338 ], [ -97.93026, 35.36778 ], [ -97.9305, 35.36411 ], [ -97.92977, 35.36287 ], [ -97.9279, 35.36049 ], [ -97.9245, 35.35864 ], [ -97.92083, 35.35352 ], [ -97.9183, 35.35256 ], [ -97.91458, 35.3524 ], [ -97.91137, 35.35314 ], [ -97.90701, 35.35587 ], [ -97.90483, 35.35608 ], [ -97.90313, 35.35557 ], [ -97.90157, 35.35344 ], [ -97.90212, 35.35095 ], [ -97.90352, 35.34914 ], [ -97.90309, 35.3454 ], [ -97.9012, 35.34432 ], [ -97.89966, 35.34411 ], [ -97.89734, 35.34487 ], [ -97.89409, 35.34703 ], [ -97.89006, 35.34706 ], [ -97.88712, 35.34739 ], [ -97.8841, 35.34901 ], [ -97.88496, 35.35582 ], [ -97.88361, 35.35645 ], [ -97.88192, 35.35598 ], [ -97.8797, 35.35619 ], [ -97.8767, 35.35548 ], [ -97.87569, 35.35587 ], [ -97.87392, 35.35598 ], [ -97.87333, 35.35684 ], [ -97.87317, 35.36087 ], [ -97.87166, 35.36203 ], [ -97.8699, 35.36252 ], [ -97.8656, 35.36234 ], [ -97.8628, 35.36183 ], [ -97.85965, 35.35952 ], [ -97.85775, 35.35626 ], [ -97.8571, 35.35426 ], [ -97.85682, 35.35127 ], [ -97.85715, 35.34616 ], [ -97.85685, 35.34495 ], [ -97.85367, 35.3411 ], [ -97.84842, 35.33771 ], [ -97.84391, 35.33538 ], [ -97.84133, 35.33453 ], [ -97.83773, 35.33477 ], [ -97.83367, 35.33536 ], [ -97.83235, 35.3347 ], [ -97.8287, 35.33436 ], [ -97.82744, 35.33438 ], [ -97.8256, 35.33376 ], [ -97.82496, 35.33374 ], [ -97.82181, 35.33518 ], [ -97.81983, 35.33535 ], [ -97.8147, 35.33394 ], [ -97.81213, 35.33379 ], [ -97.81211, 35.33825 ], [ -97.80994, 35.33996 ], [ -97.80719, 35.34085 ], [ -97.80316, 35.33966 ], [ -97.7993, 35.3391 ], [ -97.79672, 35.33911 ], [ -97.79468, 35.33663 ], [ -97.79382, 35.33491 ], [ -97.79202, 35.3327 ], [ -97.79043, 35.33292 ], [ -97.78963, 35.33335 ], [ -97.78832, 35.33664 ], [ -97.78608, 35.33716 ], [ -97.78359, 35.33629 ], [ -97.78119, 35.33611 ], [ -97.77757, 35.33709 ], [ -97.77471, 35.33942 ], [ -97.77391, 35.34335 ], [ -97.77241, 35.34558 ], [ -97.76927, 35.34565 ], [ -97.76784, 35.34508 ], [ -97.7639, 35.34085 ], [ -97.7615, 35.34035 ], [ -97.76087, 35.3403 ], [ -97.75664, 35.33876 ], [ -97.75198, 35.33428 ], [ -97.75108, 35.3313 ], [ -97.74867, 35.32936 ], [ -97.74631, 35.32835 ], [ -97.73731, 35.32376 ], [ -97.73628, 35.32384 ], [ -97.72471, 35.32583 ], [ -97.72382, 35.32652 ], [ -97.72356, 35.32659 ], [ -97.72153, 35.32714 ], [ -97.72003, 35.32852 ], [ -97.71843, 35.32853 ], [ -97.71806, 35.32818 ], [ -97.71561, 35.32828 ], [ -97.71379, 35.32793 ], [ -97.71311, 35.32546 ], [ -97.71135, 35.32485 ], [ -97.70816, 35.32473 ], [ -97.70629, 35.32497 ], [ -97.70527, 35.32533 ], [ -97.70186, 35.32624 ], [ -97.69648, 35.32744 ], [ -97.68974, 35.33224 ], [ -97.68672, 35.33384 ], [ -97.68505, 35.3343 ], [ -97.67933, 35.33481 ], [ -97.67847, 35.33497 ], [ -97.67141, 35.33595 ], [ -97.67082, 35.33238 ], [ -97.67087, 35.32011 ], [ -97.6708, 35.30553 ], [ -97.67083, 35.29101 ], [ -97.67082, 35.2837 ], [ -97.67082, 35.28292 ], [ -97.67084, 35.27647 ], [ -97.67085, 35.24742 ], [ -97.67089, 35.24129 ], [ -97.6709, 35.23589 ], [ -97.67089, 35.23284 ], [ -97.67088, 35.22557 ], [ -97.67088, 35.21833 ], [ -97.67091, 35.21393 ], [ -97.67089, 35.20378 ], [ -97.67039, 35.20378 ], [ -97.67042, 35.19669 ], [ -97.67044, 35.19009 ], [ -97.67044, 35.18231 ], [ -97.67044, 35.18208 ], [ -97.67046, 35.16034 ], [ -97.67044, 35.14583 ], [ -97.67057, 35.14456 ], [ -97.67047, 35.13126 ], [ -97.67052, 35.12694 ], [ -97.67051, 35.11669 ], [ -97.67053, 35.10279 ], [ -97.6705, 35.08909 ], [ -97.67048, 35.08046 ], [ -97.6705, 35.07336 ], [ -97.6705, 35.07318 ], [ -97.67053, 35.05961 ], [ -97.67052, 35.05873 ], [ -97.67051, 35.04418 ], [ -97.67051, 35.04389 ], [ -97.67055, 34.97149 ], [ -97.67052, 34.96405 ], [ -97.67047, 34.95692 ], [ -97.67055, 34.93501 ], [ -97.67064, 34.86974 ], [ -97.67049, 34.86605 ], [ -97.67044, 34.85522 ], [ -97.6681, 34.85516 ], [ -97.66816, 34.84793 ], [ -97.66813, 34.83524 ], [ -97.66818, 34.82459 ], [ -97.6682, 34.81731 ], [ -97.66819, 34.8121 ], [ -97.66819, 34.80484 ], [ -97.66823, 34.79001 ], [ -97.66848, 34.69349 ], [ -97.66851, 34.68134 ], [ -97.71978, 34.68132 ], [ -97.72119, 34.68143 ], [ -97.7563, 34.68149 ], [ -97.75667, 34.68148 ], [ -97.84426, 34.6815 ], [ -97.84515, 34.68157 ], [ -97.87897, 34.68162 ], [ -97.88771, 34.68155 ], [ -97.89674, 34.68159 ], [ -97.94046, 34.68168 ], [ -97.94931, 34.68172 ], [ -97.95816, 34.6817 ], [ -97.96694, 34.68182 ], [ -97.98425, 34.68176 ], [ -97.99284, 34.68179 ], [ -97.99679, 34.6818 ], [ -97.99711, 34.6818 ], [ -98.03703, 34.68152 ], [ -98.06314, 34.68138 ], [ -98.06366, 34.68139 ], [ -98.0891, 34.68116 ], [ -98.0891, 34.68839 ], [ -98.0891, 34.68849 ], [ -98.08908, 34.75364 ], [ -98.08909, 34.81144 ], [ -98.08908, 34.8116 ], [ -98.08901, 34.82624 ], [ -98.08901, 34.83481 ], [ -98.08904, 34.84072 ], [ -98.08956, 34.85493 ], [ -98.09313, 34.85499 ], [ -98.09308, 34.88393 ], [ -98.09302, 34.95436 ], [ -98.09298, 34.9547 ], [ -98.09305, 34.97069 ], [ -98.09306, 34.98523 ], [ -98.09301, 35.01415 ], [ -98.09306, 35.02882 ], [ -98.09296, 35.07646 ], [ -98.09291, 35.07726 ], [ -98.09288, 35.08321 ], [ -98.09293, 35.08689 ], [ -98.09239, 35.08865 ], [ -98.0911, 35.08918 ], [ -98.09115, 35.11666 ], [ -98.09131, 35.18921 ], [ -98.09134, 35.20373 ], [ -98.09498, 35.20372 ], [ -98.09497, 35.23279 ], [ -98.095, 35.24734 ], [ -98.09535, 35.30522 ], [ -98.09601, 35.37775 ] ] ] ] } },
{ "type": "Feature", "properties": { "GEOID": "40053", "NAME": "Grant", "ALAND": 2591904426.0 }, "geometry": { "type": "MultiPolygon", "coordinates": [ [ [ [ -98.11199, 36.99813 ], [ -98.04534, 36.99833 ], [ -98.03989, 36.99835 ], [ -98.03875, 36.99835 ], [ -98.03396, 36.99837 ], [ -98.0302, 36.99837 ], [ -97.96529, 36.99847 ], [ -97.87645, 36.9986 ], [ -97.80231, 36.99871 ], [ -97.8023, 36.99871 ], [ -97.78349, 36.99885 ], [ -97.78343, 36.99896 ], [ -97.7687, 36.99875 ], [ -97.6971, 36.99883 ], [ -97.69218, 36.99884 ], [ -97.65047, 36.999 ], [ -97.63714, 36.99909 ], [ -97.63684, 36.99909 ], [ -97.61479, 36.99879 ], [ -97.60655, 36.99868 ], [ -97.58238, 36.9987 ], [ -97.56454, 36.99871 ], [ -97.5465, 36.99875 ], [ -97.5459, 36.99871 ], [ -97.52729, 36.99875 ], [ -97.47286, 36.99872 ], [ -97.46235, 36.99869 ], [ -97.4623, 36.94172 ], [ -97.46247, 36.94026 ], [ -97.46238, 36.8978 ], [ -97.46241, 36.88332 ], [ -97.46242, 36.83977 ], [ -97.4623, 36.81077 ], [ -97.46232, 36.76782 ], [ -97.46222, 36.76731 ], [ -97.46231, 36.73838 ], [ -97.46233, 36.73479 ], [ -97.46236, 36.68776 ], [ -97.46238, 36.64358 ], [ -97.46236, 36.62981 ], [ -97.46248, 36.60074 ], [ -97.46246, 36.59363 ], [ -97.49846, 36.59355 ], [ -97.51625, 36.59355 ], [ -97.52555, 36.59351 ], [ -97.54255, 36.59349 ], [ -97.6421, 36.59346 ], [ -97.71063, 36.59338 ], [ -97.77415, 36.5933 ], [ -97.9116, 36.59355 ], [ -97.91286, 36.59355 ], [ -97.93855, 36.59359 ], [ -97.96177, 36.59355 ], [ -98.01867, 36.59356 ], [ -98.02839, 36.59353 ], [ -98.03742, 36.5935 ], [ -98.06885, 36.59351 ], [ -98.07787, 36.59353 ], [ -98.10429, 36.59358 ], [ -98.10931, 36.59359 ], [ -98.10943, 36.66498 ], [ -98.10965, 36.66608 ], [ -98.1102, 36.74919 ], [ -98.10985, 36.75086 ], [ -98.10992, 36.76433 ], [ -98.11002, 36.76489 ], [ -98.11047, 36.76765 ], [ -98.11018, 36.79671 ], [ -98.11019, 36.79757 ], [ -98.11017, 36.81122 ], [ -98.10976, 36.81403 ], [ -98.10965, 36.84082 ], [ -98.10961, 36.89828 ], [ -98.10958, 36.94204 ], [ -98.11148, 36.94204 ], [ -98.11154, 36.94933 ], [ -98.11199, 36.99813 ] ] ] ] } },
{ "type": "Feature", "properties": { "GEOID": "40055", "NAME": "Greer", "ALAND": 1655740225.0 }, "geometry": { "type": "MultiPolygon", "coordinates": [ [ [ [ -99.88844, 35.02989 ], [ -99.85288, 35.02998 ], [ -99.8528, 35.02998 ], [ -99.78295, 35.03011 ], [ -99.78285, 35.06939 ], [ -99.78282, 35.0803 ], [ -99.78271, 35.10509 ], [ -99.78291, 35.10904 ], [ -99.78273, 35.11694 ], [ -99.76512, 35.11694 ], [ -99.72969, 35.11691 ], [ -99.72099, 35.11691 ], [ -99.71212, 35.11691 ], [ -99.71143, 35.11692 ], [ -99.64226, 35.11684 ], [ -99.64141, 35.11684 ], [ -99.6105, 35.1168 ], [ -99.60672, 35.11701 ], [ -99.60393, 35.11679 ], [ -99.55978, 35.11675 ], [ -99.55721, 35.11699 ], [ -99.51868, 35.11693 ], [ -99.50099, 35.11693 ], [ -99.49237, 35.11701 ], [ -99.44044, 35.11686 ], [ -99.44086, 35.11654 ], [ -99.44371, 35.11405 ], [ -99.44383, 35.11285 ], [ -99.44041, 35.1094 ], [ -99.43795, 35.10884 ], [ -99.43288, 35.10882 ], [ -99.43066, 35.10822 ], [ -99.42817, 35.10929 ], [ -99.42606, 35.11121 ], [ -99.42395, 35.11406 ], [ -99.42137, 35.11413 ], [ -99.4198, 35.11246 ], [ -99.41587, 35.11177 ], [ -99.41258, 35.11275 ], [ -99.40929, 35.11451 ], [ -99.40804, 35.11456 ], [ -99.40693, 35.11071 ], [ -99.40422, 35.10938 ], [ -99.40353, 35.10851 ], [ -99.40559, 35.10739 ], [ -99.40473, 35.10583 ], [ -99.40205, 35.1051 ], [ -99.39938, 35.10688 ], [ -99.39845, 35.10601 ], [ -99.39765, 35.10448 ], [ -99.39798, 35.10269 ], [ -99.40072, 35.10081 ], [ -99.40138, 35.09951 ], [ -99.39996, 35.09846 ], [ -99.39832, 35.09903 ], [ -99.39732, 35.09765 ], [ -99.39835, 35.09571 ], [ -99.39818, 35.09419 ], [ -99.39431, 35.0925 ], [ -99.38843, 35.08876 ], [ -99.38679, 35.08885 ], [ -99.38559, 35.08975 ], [ -99.38614, 35.09289 ], [ -99.38545, 35.09343 ], [ -99.38224, 35.09366 ], [ -99.38032, 35.09336 ], [ -99.37648, 35.09176 ], [ -99.37568, 35.09061 ], [ -99.37581, 35.088 ], [ -99.37824, 35.08523 ], [ -99.37774, 35.08402 ], [ -99.37449, 35.08285 ], [ -99.37324, 35.08521 ], [ -99.37322, 35.08715 ], [ -99.37188, 35.08873 ], [ -99.37065, 35.08894 ], [ -99.36837, 35.08787 ], [ -99.36814, 35.0867 ], [ -99.36997, 35.07923 ], [ -99.36852, 35.07236 ], [ -99.36757, 35.07102 ], [ -99.3652, 35.06542 ], [ -99.36492, 35.06164 ], [ -99.36587, 35.05958 ], [ -99.36735, 35.05926 ], [ -99.36843, 35.06118 ], [ -99.37265, 35.06028 ], [ -99.3728, 35.05951 ], [ -99.37189, 35.05516 ], [ -99.36993, 35.05265 ], [ -99.36756, 35.05192 ], [ -99.36256, 35.05094 ], [ -99.35699, 35.05105 ], [ -99.35215, 35.05281 ], [ -99.35093, 35.05235 ], [ -99.34987, 35.05081 ], [ -99.3502, 35.0437 ], [ -99.34902, 35.0428 ], [ -99.34247, 35.04105 ], [ -99.33734, 35.0406 ], [ -99.33335, 35.04057 ], [ -99.32974, 35.04169 ], [ -99.32779, 35.0417 ], [ -99.32359, 35.03849 ], [ -99.32329, 35.03511 ], [ -99.32477, 35.03068 ], [ -99.32574, 35.02971 ], [ -99.32895, 35.02879 ], [ -99.33317, 35.02647 ], [ -99.33593, 35.02552 ], [ -99.33629, 35.02478 ], [ -99.336, 35.02321 ], [ -99.33433, 35.02254 ], [ -99.3295, 35.02256 ], [ -99.32799, 35.02132 ], [ -99.32676, 35.01891 ], [ -99.32686, 35.01559 ], [ -99.3288, 35.01183 ], [ -99.33249, 35.01028 ], [ -99.33321, 35.00726 ], [ -99.33545, 35.00006 ], [ -99.33641, 34.99762 ], [ -99.33486, 34.994 ], [ -99.33442, 34.99125 ], [ -99.33505, 34.98845 ], [ -99.34225, 34.98526 ], [ -99.34397, 34.98388 ], [ -99.34809, 34.98329 ], [ -99.347, 34.97983 ], [ -99.34506, 34.97552 ], [ -99.34408, 34.9711 ], [ -99.34155, 34.97154 ], [ -99.33801, 34.97318 ], [ -99.33558, 34.97355 ], [ -99.33433, 34.97277 ], [ -99.3325, 34.96505 ], [ -99.33125, 34.96083 ], [ -99.32975, 34.9581 ], [ -99.32891, 34.95203 ], [ -99.33082, 34.94476 ], [ -99.3281, 34.94434 ], [ -99.32458, 34.94125 ], [ -99.32292, 34.94074 ], [ -99.32078, 34.94167 ], [ -99.31501, 34.93683 ], [ -99.31091, 34.93497 ], [ -99.31019, 34.93265 ], [ -99.31538, 34.92776 ], [ -99.31529, 34.92635 ], [ -99.31296, 34.92526 ], [ -99.3095, 34.92505 ], [ -99.30537, 34.92447 ], [ -99.30285, 34.92563 ], [ -99.30033, 34.92548 ], [ -99.29839, 34.92407 ], [ -99.2978, 34.92094 ], [ -99.29681, 34.91924 ], [ -99.29727, 34.91733 ], [ -99.29565, 34.91397 ], [ -99.2937, 34.91112 ], [ -99.29268, 34.90848 ], [ -99.29047, 34.90548 ], [ -99.28952, 34.90236 ], [ -99.29117, 34.90235 ], [ -99.29622, 34.90115 ], [ -99.29811, 34.89976 ], [ -99.29846, 34.89912 ], [ -99.29728, 34.89697 ], [ -99.29379, 34.89645 ], [ -99.29282, 34.89566 ], [ -99.29255, 34.89139 ], [ -99.29152, 34.88952 ], [ -99.29094, 34.88668 ], [ -99.29247, 34.88605 ], [ -99.29517, 34.88673 ], [ -99.29743, 34.88675 ], [ -99.30063, 34.88801 ], [ -99.30644, 34.88911 ], [ -99.31097, 34.88874 ], [ -99.31586, 34.88563 ], [ -99.31772, 34.88224 ], [ -99.31817, 34.87793 ], [ -99.31717, 34.87426 ], [ -99.31728, 34.87149 ], [ -99.31528, 34.87023 ], [ -99.31117, 34.86608 ], [ -99.31101, 34.86558 ], [ -99.31092, 34.86517 ], [ -99.30975, 34.86393 ], [ -99.30797, 34.86109 ], [ -99.30622, 34.85763 ], [ -99.30497, 34.85637 ], [ -99.30269, 34.85548 ], [ -99.29644, 34.85142 ], [ -99.29475, 34.85115 ], [ -99.28791, 34.85213 ], [ -99.28633, 34.85167 ], [ -99.28224, 34.84897 ], [ -99.2816, 34.84792 ], [ -99.28116, 34.84494 ], [ -99.27794, 34.83937 ], [ -99.27591, 34.8394 ], [ -99.27408, 34.84061 ], [ -99.27013, 34.84109 ], [ -99.26622, 34.83916 ], [ -99.26086, 34.83831 ], [ -99.25608, 34.83634 ], [ -99.25547, 34.83481 ], [ -99.25236, 34.83077 ], [ -99.24972, 34.82899 ], [ -99.2485, 34.82697 ], [ -99.24758, 34.82358 ], [ -99.24646, 34.82211 ], [ -99.24642, 34.81199 ], [ -99.24912, 34.81201 ], [ -99.25036, 34.81274 ], [ -99.26399, 34.81268 ], [ -99.27269, 34.81264 ], [ -99.33411, 34.81289 ], [ -99.3969, 34.81305 ], [ -99.40582, 34.81304 ], [ -99.40577, 34.79839 ], [ -99.40575, 34.79104 ], [ -99.40574, 34.78373 ], [ -99.40571, 34.76902 ], [ -99.43214, 34.76912 ], [ -99.43732, 34.76913 ], [ -99.43689, 34.76577 ], [ -99.44066, 34.76147 ], [ -99.44067, 34.75905 ], [ -99.43952, 34.75602 ], [ -99.43995, 34.75336 ], [ -99.43851, 34.74811 ], [ -99.43967, 34.74124 ], [ -99.4382, 34.73925 ], [ -99.43704, 34.73646 ], [ -99.43877, 34.73416 ], [ -99.44133, 34.73344 ], [ -99.44236, 34.73202 ], [ -99.44222, 34.72865 ], [ -99.44092, 34.72693 ], [ -99.43981, 34.72657 ], [ -99.43789, 34.72789 ], [ -99.43482, 34.72886 ], [ -99.43262, 34.73062 ], [ -99.43007, 34.72865 ], [ -99.42497, 34.72778 ], [ -99.42508, 34.72627 ], [ -99.4232, 34.72502 ], [ -99.51036, 34.72504 ], [ -99.52797, 34.72507 ], [ -99.56192, 34.72507 ], [ -99.66685, 34.72456 ], [ -99.66706, 34.74647 ], [ -99.66715, 34.75374 ], [ -99.67578, 34.75374 ], [ -99.68471, 34.75374 ], [ -99.68484, 34.76838 ], [ -99.7198, 34.76845 ], [ -99.71985, 34.79544 ], [ -99.72026, 34.79909 ], [ -99.72011, 34.82637 ], [ -99.71985, 34.83157 ], [ -99.7198, 34.857 ], [ -99.72322, 34.85698 ], [ -99.73086, 34.85699 ], [ -99.73108, 34.86465 ], [ -99.73083, 34.86801 ], [ -99.73083, 34.89851 ], [ -99.73104, 34.90051 ], [ -99.73109, 34.94406 ], [ -99.79022, 34.944 ], [ -99.79244, 34.94411 ], [ -99.83567, 34.94396 ], [ -99.88822, 34.9439 ], [ -99.88811, 34.99449 ], [ -99.88809, 35.0 ], [ -99.88811, 35.01613 ], [ -99.88815, 35.01793 ], [ -99.88844, 35.02989 ] ] ] ] } },
{ "type": "Feature", "properties": { "GEOID": "40057", "NAME": "Harmon", "ALAND": 1391491971.0 }, "geometry": { "type": "MultiPolygon", "coordinates": [ [ [ [ -100.00038, 35.02993 ], [ -99.94974, 35.02994 ], [ -99.88845, 35.03026 ], [ -99.88844, 35.02989 ], [ -99.88815, 35.01793 ], [ -99.88811, 35.01613 ], [ -99.88809, 35.0 ], [ -99.88811, 34.99449 ], [ -99.88822, 34.9439 ], [ -99.83567, 34.94396 ], [ -99.79244, 34.94411 ], [ -99.79022, 34.944 ], [ -99.73109, 34.94406 ], [ -99.73104, 34.90051 ], [ -99.73083, 34.89851 ], [ -99.73083, 34.86801 ], [ -99.73108, 34.86465 ], [ -99.73086, 34.85699 ], [ -99.72322, 34.85698 ], [ -99.7198, 34.857 ], [ -99.71985, 34.83157 ], [ -99.72011, 34.82637 ], [ -99.72026, 34.79909 ], [ -99.71985, 34.79544 ], [ -99.7198, 34.76845 ], [ -99.68484, 34.76838 ], [ -99.68471, 34.75374 ], [ -99.67578, 34.75374 ], [ -99.66715, 34.75374 ], [ -99.66706, 34.74647 ], [ -99.66685, 34.72456 ], [ -99.66665, 34.69215 ], [ -99.66622, 34.68928 ], [ -99.6666, 34.68814 ], [ -99.66663, 34.64475 ], [ -99.66656, 34.57957 ], [ -99.66645, 34.55034 ], [ -99.66651, 34.50712 ], [ -99.67357, 34.50711 ], [ -99.84458, 34.50691 ], [ -99.84466, 34.50679 ], [ -99.85307, 34.51159 ], [ -99.86895, 34.52761 ], [ -99.87236, 34.5321 ], [ -99.87325, 34.53535 ], [ -99.87362, 34.5359 ], [ -99.8744, 34.5371 ], [ -99.88715, 34.54905 ], [ -99.89376, 34.55422 ], [ -99.89601, 34.55553 ], [ -99.89894, 34.5558 ], [ -99.91577, 34.56598 ], [ -99.9218, 34.57025 ], [ -99.92321, 34.57455 ], [ -99.92933, 34.57671 ], [ -99.94572, 34.57927 ], [ -99.95457, 34.5782 ], [ -99.95652, 34.57668 ], [ -99.95672, 34.57652 ], [ -99.95755, 34.57417 ], [ -99.95754, 34.57271 ], [ -99.9589, 34.57127 ], [ -99.96561, 34.56584 ], [ -99.97155, 34.56218 ], [ -99.97476, 34.56132 ], [ -99.98583, 34.56008 ], [ -99.9975, 34.56042 ], [ -100.00038, 34.56051 ], [ -100.00038, 34.57043 ], [ -100.00038, 34.6163 ], [ -100.00038, 34.74636 ], [ -100.00038, 34.74646 ], [ -100.00038, 34.85331 ], [ -100.00038, 35.02993 ] ] ] ] } },
{ "type": "Feature", "properties": { "GEOID": "40059", "NAME": "Harper", "ALAND": 2689919590.0 }, "geometry": { "type": "MultiPolygon", "coordinates": [ [ [ [ -100.00375, 36.77615 ], [ -100.00371, 36.79697 ], [ -100.00262, 36.94401 ], [ -100.00275, 36.9972 ], [ -100.00292, 36.99918 ], [ -100.00256, 37.00171 ], [ -100.00129, 37.0017 ], [ -99.9952, 37.00163 ], [ -99.9049, 37.00165 ], [ -99.87541, 37.00166 ], [ -99.82864, 37.00128 ], [ -99.78602, 37.00093 ], [ -99.77482, 37.00084 ], [ -99.77425, 37.00084 ], [ -99.77417, 37.00084 ], [ -99.72259, 37.00055 ], [ -99.65766, 37.0002 ], [ -99.64865, 36.9996 ], [ -99.6254, 36.99967 ], [ -99.55807, 36.99953 ], [ -99.54112, 36.99957 ], [ -99.50857, 36.99966 ], [ -99.50409, 36.99965 ], [ -99.50266, 36.99965 ], [ -99.50039, 36.99964 ], [ -99.50039, 36.99958 ], [ -99.48433, 36.99963 ], [ -99.4562, 36.99947 ], [ -99.45593, 36.99858 ], [ -99.45288, 36.99555 ], [ -99.45148, 36.9948 ], [ -99.45006, 36.99473 ], [ -99.44663, 36.99558 ], [ -99.44342, 36.99549 ], [ -99.44234, 36.99475 ], [ -99.44119, 36.99343 ], [ -99.43995, 36.99073 ], [ -99.43997, 36.98727 ], [ -99.43889, 36.98385 ], [ -99.43919, 36.98038 ], [ -99.43558, 36.97486 ], [ -99.43405, 36.97006 ], [ -99.42995, 36.96421 ], [ -99.42843, 36.96309 ], [ -99.42722, 36.95995 ], [ -99.42822, 36.95533 ], [ -99.42657, 36.95094 ], [ -99.42479, 36.9477 ], [ -99.42324, 36.94579 ], [ -99.42052, 36.94114 ], [ -99.41606, 36.93756 ], [ -99.41399, 36.93546 ], [ -99.41049, 36.93062 ], [ -99.40744, 36.92733 ], [ -99.4049, 36.92514 ], [ -99.39809, 36.92154 ], [ -99.39629, 36.91771 ], [ -99.393, 36.91273 ], [ -99.39101, 36.91104 ], [ -99.38698, 36.90587 ], [ -99.38814, 36.90365 ], [ -99.38831, 36.90158 ], [ -99.38632, 36.8967 ], [ -99.3855, 36.89393 ], [ -99.38368, 36.89109 ], [ -99.37771, 36.88595 ], [ -99.37653, 36.88429 ], [ -99.37586, 36.88178 ], [ -99.37422, 36.8796 ], [ -99.37111, 36.87796 ], [ -99.3679, 36.8783 ], [ -99.36531, 36.87757 ], [ -99.36169, 36.87503 ], [ -99.35641, 36.87201 ], [ -99.35013, 36.87023 ], [ -99.33898, 36.86616 ], [ -99.337, 36.86497 ], [ -99.33307, 36.86405 ], [ -99.33025, 36.86297 ], [ -99.32659, 36.8593 ], [ -99.32478, 36.85812 ], [ -99.32211, 36.85721 ], [ -99.31429, 36.85619 ], [ -99.31375, 36.85549 ], [ -99.31342, 36.85392 ], [ -99.31594, 36.85183 ], [ -99.31825, 36.85002 ], [ -99.31883, 36.84813 ], [ -99.31804, 36.84572 ], [ -99.31742, 36.84233 ], [ -99.31655, 36.84052 ], [ -99.31374, 36.83718 ], [ -99.31075, 36.83472 ], [ -99.30976, 36.83012 ], [ -99.30843, 36.82888 ], [ -99.30351, 36.8264 ], [ -99.29908, 36.82391 ], [ -99.29685, 36.82196 ], [ -99.29519, 36.81957 ], [ -99.29494, 36.77232 ], [ -99.2954, 36.68153 ], [ -99.29528, 36.63822 ], [ -99.29534, 36.59645 ], [ -99.29519, 36.59512 ], [ -99.29992, 36.59499 ], [ -99.35371, 36.59464 ], [ -99.40371, 36.59416 ], [ -99.42173, 36.59411 ], [ -99.43026, 36.59402 ], [ -99.43998, 36.59392 ], [ -99.4404, 36.59417 ], [ -99.44839, 36.59412 ], [ -99.44914, 36.59406 ], [ -99.49808, 36.59401 ], [ -99.59273, 36.59393 ], [ -99.60564, 36.59393 ], [ -99.60563, 36.59275 ], [ -99.67408, 36.59323 ], [ -99.67713, 36.59306 ], [ -99.68825, 36.59299 ], [ -99.69285, 36.59316 ], [ -99.73953, 36.59325 ], [ -99.74639, 36.59327 ], [ -99.83784, 36.59329 ], [ -99.91014, 36.59319 ], [ -99.91086, 36.59329 ], [ -100.00316, 36.59325 ], [ -100.00386, 36.7755 ], [ -100.00375, 36.77615 ] ] ] ] } },
{ "type": "Feature", "properties": { "GEOID": "40061", "NAME": "Haskell", "ALAND": 1493711222.0 }, "geometry": { "type": "MultiPolygon", "coordinates": [ [ [ [ -95.45519, 35.20268 ], [ -95.45099, 35.20279 ], [ -95.45102, 35.22843 ], [ -95.45111, 35.26596 ], [ -95.45094, 35.26825 ], [ -95.45102, 35.26852 ], [ -95.45125, 35.29602 ], [ -95.45088, 35.29615 ], [ -95.44455, 35.2977 ], [ -95.43765, 35.2999 ], [ -95.43265, 35.3018 ], [ -95.43045, 35.303 ], [ -95.42705, 35.3055 ], [ -95.42145, 35.3117 ], [ -95.41685, 35.3183 ], [ -95.41607, 35.31912 ], [ -95.41345, 35.3218 ], [ -95.41115, 35.3234 ], [ -95.40715, 35.3244 ], [ -95.40225, 35.3262 ], [ -95.39755, 35.3272 ], [ -95.39375, 35.3276 ], [ -95.39025, 35.3275 ], [ -95.38755, 35.327 ], [ -95.38575, 35.3261 ], [ -95.38025, 35.3213 ], [ -95.37695, 35.3188 ], [ -95.37525, 35.3166 ], [ -95.36955, 35.313 ], [ -95.36665, 35.312 ], [ -95.3583, 35.30663 ], [ -95.35565, 35.3047 ], [ -95.35325, 35.3017 ], [ -95.35275, 35.2989 ], [ -95.35265, 35.2922 ], [ -95.35158, 35.29023 ], [ -95.34882, 35.29087 ], [ -95.34477, 35.29304 ], [ -95.34085, 35.2949 ], [ -95.33645, 35.2974 ], [ -95.33195, 35.2988 ], [ -95.31995, 35.30125 ], [ -95.31667, 35.30209 ], [ -95.31175, 35.3027 ], [ -95.30545, 35.3023 ], [ -95.30095, 35.3014 ], [ -95.28765, 35.2948 ], [ -95.28575, 35.2934 ], [ -95.28045, 35.2887 ], [ -95.27915, 35.288 ], [ -95.27369, 35.28294 ], [ -95.27065, 35.2796 ], [ -95.26565, 35.2733 ], [ -95.26356, 35.27111 ], [ -95.26215, 35.26899 ], [ -95.25698, 35.26577 ], [ -95.25025, 35.2632 ], [ -95.24843, 35.26288 ], [ -95.24592, 35.26181 ], [ -95.24381, 35.26164 ], [ -95.24072, 35.26231 ], [ -95.23755, 35.26362 ], [ -95.23134, 35.26593 ], [ -95.22609, 35.2692 ], [ -95.22261, 35.27172 ], [ -95.22136, 35.27282 ], [ -95.21844, 35.27583 ], [ -95.21134, 35.28198 ], [ -95.20941, 35.28382 ], [ -95.20616, 35.28807 ], [ -95.20539, 35.28942 ], [ -95.20407, 35.29339 ], [ -95.20286, 35.29915 ], [ -95.20068, 35.30249 ], [ -95.19919, 35.30359 ], [ -95.1941, 35.30531 ], [ -95.19116, 35.30533 ], [ -95.18794, 35.30495 ], [ -95.18573, 35.30422 ], [ -95.18031, 35.30127 ], [ -95.17647, 35.30134 ], [ -95.17496, 35.3022 ], [ -95.17176, 35.30555 ], [ -95.17046, 35.31011 ], [ -95.17057, 35.31271 ], [ -95.17118, 35.31543 ], [ -95.17243, 35.31883 ], [ -95.17679, 35.32754 ], [ -95.17992, 35.33317 ], [ -95.18255, 35.33686 ], [ -95.18289, 35.33871 ], [ -95.18185, 35.34188 ], [ -95.17952, 35.3457 ], [ -95.17721, 35.34857 ], [ -95.17496, 35.35055 ], [ -95.17212, 35.35217 ], [ -95.17038, 35.35273 ], [ -95.16566, 35.35307 ], [ -95.16328, 35.35258 ], [ -95.15783, 35.35094 ], [ -95.15427, 35.34892 ], [ -95.1505, 35.34587 ], [ -95.14802, 35.34595 ], [ -95.14606, 35.34676 ], [ -95.14423, 35.34863 ], [ -95.1413, 35.35556 ], [ -95.14167, 35.35707 ], [ -95.1428, 35.35831 ], [ -95.14746, 35.36116 ], [ -95.15121, 35.36231 ], [ -95.15415, 35.36235 ], [ -95.15578, 35.36283 ], [ -95.15961, 35.36522 ], [ -95.16158, 35.36698 ], [ -95.16177, 35.36792 ], [ -95.15981, 35.37013 ], [ -95.15775, 35.37151 ], [ -95.15234, 35.37368 ], [ -95.14834, 35.3758 ], [ -95.14604, 35.3767 ], [ -95.14434, 35.3779 ], [ -95.13924, 35.38 ], [ -95.13544, 35.3804 ], [ -95.13274, 35.38 ], [ -95.12994, 35.3788 ], [ -95.12684, 35.3766 ], [ -95.12488, 35.37367 ], [ -95.12328, 35.37232 ], [ -95.12124, 35.37221 ], [ -95.12007, 35.37307 ], [ -95.11491, 35.37861 ], [ -95.11284, 35.3814 ], [ -95.11044, 35.3859 ], [ -95.10784, 35.3894 ], [ -95.10484, 35.3944 ], [ -95.10264, 35.3969 ], [ -95.10184, 35.3976 ], [ -95.09134, 35.4034 ], [ -95.08784, 35.4044 ], [ -95.08524, 35.4072 ], [ -95.08334, 35.4115 ], [ -95.08204, 35.4165 ], [ -95.08103, 35.4231 ], [ -95.08064, 35.4272 ], [ -95.08064, 35.4308 ], [ -95.07994, 35.433 ], [ -95.07862, 35.43486 ], [ -95.07654, 35.438 ], [ -95.07394, 35.4426 ], [ -95.07054, 35.4471 ], [ -95.06884, 35.4489 ], [ -95.06347, 35.45257 ], [ -95.05763, 35.45569 ], [ -95.04993, 35.45889 ], [ -95.04623, 35.4575 ], [ -95.04343, 35.45699 ], [ -95.03593, 35.45699 ], [ -95.03203, 35.45629 ], [ -95.02773, 35.45479 ], [ -95.02493, 35.45309 ], [ -95.02353, 35.45079 ], [ -95.02333, 35.4485 ], [ -95.02443, 35.44219 ], [ -95.02463, 35.4352 ], [ -95.02443, 35.43239 ], [ -95.02373, 35.4303 ], [ -95.02153, 35.42679 ], [ -95.01993, 35.425 ], [ -95.01443, 35.42099 ], [ -95.01176, 35.41842 ], [ -95.00651, 35.4146 ], [ -95.00435, 35.41347 ], [ -95.00023, 35.41202 ], [ -94.99634, 35.41115 ], [ -94.99196, 35.4095 ], [ -94.98683, 35.40838 ], [ -94.97897, 35.40826 ], [ -94.97496, 35.40796 ], [ -94.97147, 35.4071 ], [ -94.96596, 35.40672 ], [ -94.95915, 35.40827 ], [ -94.95516, 35.40869 ], [ -94.95133, 35.40833 ], [ -94.94886, 35.40727 ], [ -94.94624, 35.40454 ], [ -94.94522, 35.40309 ], [ -94.94461, 35.40246 ], [ -94.94065, 35.39826 ], [ -94.93852, 35.39659 ], [ -94.93424, 35.39551 ], [ -94.92889, 35.39342 ], [ -94.92575, 35.39285 ], [ -94.9205, 35.3931 ], [ -94.91705, 35.39376 ], [ -94.91114, 35.39718 ], [ -94.90815, 35.39838 ], [ -94.90469, 35.39884 ], [ -94.90183, 35.39794 ], [ -94.89948, 35.39561 ], [ -94.89628, 35.39177 ], [ -94.89393, 35.3881 ], [ -94.8923, 35.38435 ], [ -94.8923, 35.37968 ], [ -94.89352, 35.37515 ], [ -94.89474, 35.37309 ], [ -94.90244, 35.36719 ], [ -94.90869, 35.36289 ], [ -94.91323, 35.36035 ], [ -94.91531, 35.35865 ], [ -94.91927, 35.35414 ], [ -94.91958, 35.35332 ], [ -94.91871, 35.35041 ], [ -94.91445, 35.34752 ], [ -94.91192, 35.34665 ], [ -94.90469, 35.34642 ], [ -94.90198, 35.34671 ], [ -94.89552, 35.34919 ], [ -94.88671, 35.35159 ], [ -94.88454, 35.35193 ], [ -94.87691, 35.35413 ], [ -94.87242, 35.35453 ], [ -94.86589, 35.3566 ], [ -94.86237, 35.35827 ], [ -94.85952, 35.36002 ], [ -94.85406, 35.36412 ], [ -94.84968, 35.36857 ], [ -94.84518, 35.37078 ], [ -94.84214, 35.37109 ], [ -94.83707, 35.36945 ], [ -94.83495, 35.36837 ], [ -94.83123, 35.36555 ], [ -94.82918, 35.36192 ], [ -94.82895, 35.35612 ], [ -94.82915, 35.35143 ], [ -94.82901, 35.3468 ], [ -94.82746, 35.33741 ], [ -94.82591, 35.3334 ], [ -94.82379, 35.32939 ], [ -94.82068, 35.32589 ], [ -94.81726, 35.32387 ], [ -94.81363, 35.32334 ], [ -94.81399, 35.31861 ], [ -94.81416, 35.26039 ], [ -94.81424, 35.24572 ], [ -94.81427, 35.21477 ], [ -94.81428, 35.20233 ], [ -94.89304, 35.2025 ], [ -94.92777, 35.20261 ], [ -94.92781, 35.18101 ], [ -94.9279, 35.18039 ], [ -94.92787, 35.15413 ], [ -94.92797, 35.15265 ], [ -94.92785, 35.15211 ], [ -94.92786, 35.05825 ], [ -95.05957, 35.05766 ], [ -95.17898, 35.05773 ], [ -95.20846, 35.05778 ], [ -95.2439, 35.05785 ], [ -95.32336, 35.05824 ], [ -95.34854, 35.05847 ], [ -95.34941, 35.05852 ], [ -95.34947, 35.10291 ], [ -95.3495, 35.12604 ], [ -95.34952, 35.14566 ], [ -95.34952, 35.16002 ], [ -95.39368, 35.16018 ], [ -95.45246, 35.16051 ], [ -95.45362, 35.16038 ], [ -95.45502, 35.16038 ], [ -95.45505, 35.18962 ], [ -95.45519, 35.20268 ] ] ] ] } },
{ "type": "Feature", "properties": { "GEOID": "40063", "NAME": "Hughes", "ALAND": 2083575253.0 }, "geometry": { "type": "MultiPolygon", "coordinates": [ [ [ [ -96.49065, 34.96609 ], [ -96.49058, 35.02129 ], [ -96.49053, 35.0499 ], [ -96.49053, 35.05773 ], [ -96.49052, 35.06141 ], [ -96.49049, 35.07233 ], [ -96.49048, 35.08681 ], [ -96.49047, 35.09406 ], [ -96.49043, 35.11586 ], [ -96.47224, 35.11579 ], [ -96.4413, 35.11577 ], [ -96.44128, 35.13531 ], [ -96.44123, 35.15928 ], [ -96.44119, 35.17392 ], [ -96.44125, 35.20289 ], [ -96.44134, 35.2319 ], [ -96.44137, 35.29012 ], [ -96.40591, 35.29018 ], [ -96.2821, 35.29005 ], [ -96.24462, 35.29005 ], [ -96.22566, 35.29005 ], [ -96.17573, 35.29003 ], [ -96.1415, 35.28999 ], [ -96.12283, 35.28996 ], [ -96.09622, 35.28989 ], [ -96.06624, 35.28984 ], [ -96.06464, 35.28977 ], [ -95.98151, 35.28978 ], [ -95.98149, 35.22433 ], [ -95.9812, 35.21607 ], [ -95.98142, 35.21387 ], [ -95.9814, 35.20479 ], [ -95.9814, 35.20285 ], [ -95.98313, 35.20274 ], [ -95.9831, 35.18895 ], [ -95.98308, 35.15169 ], [ -95.98338, 35.1516 ], [ -95.99028, 35.15084 ], [ -96.0051, 35.14877 ], [ -96.00913, 35.14722 ], [ -96.01026, 35.14663 ], [ -96.01229, 35.14506 ], [ -96.01364, 35.14179 ], [ -96.01303, 35.13692 ], [ -96.01117, 35.13181 ], [ -96.00888, 35.1222 ], [ -96.00921, 35.11876 ], [ -96.01036, 35.11744 ], [ -96.01231, 35.11671 ], [ -96.01387, 35.11656 ], [ -96.02624, 35.12058 ], [ -96.02892, 35.12082 ], [ -96.02997, 35.12034 ], [ -96.03521, 35.11393 ], [ -96.03794, 35.10939 ], [ -96.04186, 35.10435 ], [ -96.04739, 35.10133 ], [ -96.05493, 35.0973 ], [ -96.05657, 35.0961 ], [ -96.06094, 35.09158 ], [ -96.06271, 35.08807 ], [ -96.06331, 35.08327 ], [ -96.06384, 35.07463 ], [ -96.0643, 35.07113 ], [ -96.06562, 35.06619 ], [ -96.0669, 35.0625 ], [ -96.06821, 35.05976 ], [ -96.06924, 35.05658 ], [ -96.0701, 35.05551 ], [ -96.07244, 35.05382 ], [ -96.07324, 35.05341 ], [ -96.08013, 35.05167 ], [ -96.08879, 35.04988 ], [ -96.08908, 34.95128 ], [ -96.08891, 34.94898 ], [ -96.08899, 34.93208 ], [ -96.08891, 34.93117 ], [ -96.08894, 34.9117 ], [ -96.08901, 34.85474 ], [ -96.09188, 34.85454 ], [ -96.09191, 34.8111 ], [ -96.092, 34.76748 ], [ -96.09282, 34.76758 ], [ -96.16193, 34.76724 ], [ -96.17949, 34.76717 ], [ -96.25743, 34.76684 ], [ -96.25821, 34.76688 ], [ -96.29267, 34.76687 ], [ -96.29284, 34.76687 ], [ -96.40648, 34.76733 ], [ -96.40626, 34.85242 ], [ -96.40619, 34.85296 ], [ -96.40618, 34.86912 ], [ -96.4062, 34.87272 ], [ -96.40621, 34.8764 ], [ -96.40619, 34.87794 ], [ -96.40617, 34.88 ], [ -96.40617, 34.8836 ], [ -96.40617, 34.8981 ], [ -96.40626, 34.89887 ], [ -96.40616, 34.90045 ], [ -96.40614, 34.93419 ], [ -96.40957, 34.92945 ], [ -96.40976, 34.92609 ], [ -96.40928, 34.92508 ], [ -96.41083, 34.92369 ], [ -96.41069, 34.92214 ], [ -96.41367, 34.91638 ], [ -96.41378, 34.91562 ], [ -96.4178, 34.91173 ], [ -96.41747, 34.90965 ], [ -96.41841, 34.90785 ], [ -96.42093, 34.90744 ], [ -96.4247, 34.90369 ], [ -96.42687, 34.90313 ], [ -96.43101, 34.90347 ], [ -96.43155, 34.90258 ], [ -96.43559, 34.90228 ], [ -96.4372, 34.90305 ], [ -96.43721, 34.90477 ], [ -96.44259, 34.9064 ], [ -96.44473, 34.90763 ], [ -96.44486, 34.90909 ], [ -96.44968, 34.91068 ], [ -96.4521, 34.91212 ], [ -96.45663, 34.91526 ], [ -96.46037, 34.9165 ], [ -96.46108, 34.91564 ], [ -96.46389, 34.9159 ], [ -96.46572, 34.91522 ], [ -96.47594, 34.91638 ], [ -96.47809, 34.91635 ], [ -96.48648, 34.91299 ], [ -96.49079, 34.91058 ], [ -96.49065, 34.96609 ] ] ] ] } },
{ "type": "Feature", "properties": { "GEOID": "40065", "NAME": "Jackson", "ALAND": 2078860497.0 }, "geometry": { "type": "MultiPolygon", "coordinates": [ [ [ [ -99.84458, 34.50691 ], [ -99.67357, 34.50711 ], [ -99.66651, 34.50712 ], [ -99.66645, 34.55034 ], [ -99.66656, 34.57957 ], [ -99.66663, 34.64475 ], [ -99.6666, 34.68814 ], [ -99.66622, 34.68928 ], [ -99.66665, 34.69215 ], [ -99.66685, 34.72456 ], [ -99.56192, 34.72507 ], [ -99.52797, 34.72507 ], [ -99.51036, 34.72504 ], [ -99.4232, 34.72502 ], [ -99.42508, 34.72627 ], [ -99.42497, 34.72778 ], [ -99.43007, 34.72865 ], [ -99.43262, 34.73062 ], [ -99.43482, 34.72886 ], [ -99.43789, 34.72789 ], [ -99.43981, 34.72657 ], [ -99.44092, 34.72693 ], [ -99.44222, 34.72865 ], [ -99.44236, 34.73202 ], [ -99.44133, 34.73344 ], [ -99.43877, 34.73416 ], [ -99.43704, 34.73646 ], [ -99.4382, 34.73925 ], [ -99.43967, 34.74124 ], [ -99.43851, 34.74811 ], [ -99.43995, 34.75336 ], [ -99.43952, 34.75602 ], [ -99.44067, 34.75905 ], [ -99.44066, 34.76147 ], [ -99.43689, 34.76577 ], [ -99.43732, 34.76913 ], [ -99.43214, 34.76912 ], [ -99.40571, 34.76902 ], [ -99.40574, 34.78373 ], [ -99.40575, 34.79104 ], [ -99.40577, 34.79839 ], [ -99.40582, 34.81304 ], [ -99.3969, 34.81305 ], [ -99.33411, 34.81289 ], [ -99.27269, 34.81264 ], [ -99.26399, 34.81268 ], [ -99.25036, 34.81274 ], [ -99.24912, 34.81201 ], [ -99.24642, 34.81199 ], [ -99.24646, 34.82211 ], [ -99.24299, 34.81827 ], [ -99.24124, 34.81697 ], [ -99.23866, 34.81607 ], [ -99.23574, 34.81587 ], [ -99.23349, 34.81642 ], [ -99.23188, 34.81857 ], [ -99.23149, 34.82393 ], [ -99.23083, 34.82542 ], [ -99.22814, 34.82783 ], [ -99.22628, 34.82872 ], [ -99.22072, 34.82955 ], [ -99.21716, 34.82849 ], [ -99.21458, 34.82666 ], [ -99.21205, 34.82673 ], [ -99.21103, 34.82877 ], [ -99.21164, 34.83124 ], [ -99.2143, 34.83367 ], [ -99.2148, 34.83667 ], [ -99.21333, 34.83846 ], [ -99.21125, 34.83954 ], [ -99.20917, 34.83979 ], [ -99.20397, 34.8378 ], [ -99.2015, 34.83745 ], [ -99.19972, 34.8383 ], [ -99.19844, 34.84036 ], [ -99.19322, 34.84375 ], [ -99.19222, 34.84504 ], [ -99.19175, 34.8473 ], [ -99.19305, 34.84959 ], [ -99.1935, 34.85262 ], [ -99.19316, 34.85653 ], [ -99.19066, 34.85818 ], [ -99.18711, 34.8582 ], [ -99.18191, 34.85956 ], [ -99.17799, 34.85864 ], [ -99.17508, 34.8572 ], [ -99.17313, 34.8553 ], [ -99.17149, 34.85133 ], [ -99.1713, 34.84891 ], [ -99.16894, 34.84787 ], [ -99.16494, 34.84748 ], [ -99.15915, 34.84774 ], [ -99.15402, 34.84817 ], [ -99.14943, 34.85005 ], [ -99.14727, 34.85039 ], [ -99.14457, 34.84954 ], [ -99.14432, 34.84711 ], [ -99.14663, 34.84494 ], [ -99.15046, 34.84327 ], [ -99.15155, 34.84157 ], [ -99.15341, 34.83571 ], [ -99.15324, 34.83349 ], [ -99.15205, 34.83195 ], [ -99.15002, 34.83117 ], [ -99.14683, 34.83085 ], [ -99.14516, 34.83016 ], [ -99.14428, 34.82835 ], [ -99.14494, 34.82682 ], [ -99.14625, 34.82606 ], [ -99.14889, 34.82565 ], [ -99.15203, 34.82792 ], [ -99.15367, 34.82767 ], [ -99.153, 34.82281 ], [ -99.15192, 34.8175 ], [ -99.1527, 34.8142 ], [ -99.15312, 34.80907 ], [ -99.15373, 34.80504 ], [ -99.15151, 34.80098 ], [ -99.14898, 34.79821 ], [ -99.14896, 34.79631 ], [ -99.14987, 34.79395 ], [ -99.15368, 34.79201 ], [ -99.15651, 34.79201 ], [ -99.16259, 34.79311 ], [ -99.16384, 34.79233 ], [ -99.16543, 34.78841 ], [ -99.16484, 34.7831 ], [ -99.16482, 34.77829 ], [ -99.16557, 34.77368 ], [ -99.16343, 34.7686 ], [ -99.16149, 34.7667 ], [ -99.15813, 34.76493 ], [ -99.15175, 34.76383 ], [ -99.15047, 34.76326 ], [ -99.15028, 34.762 ], [ -99.15203, 34.76044 ], [ -99.15602, 34.76017 ], [ -99.15916, 34.76127 ], [ -99.1626, 34.76044 ], [ -99.16438, 34.7587 ], [ -99.16399, 34.75749 ], [ -99.16238, 34.7565 ], [ -99.16097, 34.75431 ], [ -99.16116, 34.75247 ], [ -99.16391, 34.75112 ], [ -99.16627, 34.75128 ], [ -99.16818, 34.75261 ], [ -99.16996, 34.75626 ], [ -99.1726, 34.7561 ], [ -99.17304, 34.75529 ], [ -99.17246, 34.74661 ], [ -99.17163, 34.74485 ], [ -99.16855, 34.74265 ], [ -99.16599, 34.7421 ], [ -99.1623, 34.74235 ], [ -99.16125, 34.74175 ], [ -99.16228, 34.73907 ], [ -99.16233, 34.736 ], [ -99.16103, 34.73151 ], [ -99.15798, 34.72743 ], [ -99.15557, 34.72519 ], [ -99.15413, 34.72263 ], [ -99.15454, 34.71859 ], [ -99.1564, 34.71603 ], [ -99.15937, 34.71349 ], [ -99.15873, 34.71033 ], [ -99.1568, 34.70767 ], [ -99.15322, 34.70462 ], [ -99.14911, 34.70235 ], [ -99.1452, 34.70139 ], [ -99.14068, 34.70095 ], [ -99.12959, 34.702 ], [ -99.12346, 34.70117 ], [ -99.11422, 34.69866 ], [ -99.11186, 34.69846 ], [ -99.10845, 34.69903 ], [ -99.10573, 34.69866 ], [ -99.10365, 34.69598 ], [ -99.1024, 34.69544 ], [ -99.09858, 34.69523 ], [ -99.09417, 34.69608 ], [ -99.08712, 34.69663 ], [ -99.08144, 34.69833 ], [ -99.06951, 34.70059 ], [ -99.06793, 34.70112 ], [ -99.06422, 34.70103 ], [ -99.06169, 34.70149 ], [ -99.05692, 34.70133 ], [ -99.05492, 34.70176 ], [ -99.05251, 34.70156 ], [ -99.04824, 34.69682 ], [ -99.0483, 34.69434 ], [ -99.04575, 34.69228 ], [ -99.03962, 34.69166 ], [ -99.03793, 34.69088 ], [ -99.03709, 34.68939 ], [ -99.03723, 34.68669 ], [ -99.04314, 34.68385 ], [ -99.04436, 34.68266 ], [ -99.04469, 34.68135 ], [ -99.04242, 34.68016 ], [ -99.04189, 34.67892 ], [ -99.04334, 34.67725 ], [ -99.04894, 34.67581 ], [ -99.05157, 34.67581 ], [ -99.05612, 34.67515 ], [ -99.06857, 34.67529 ], [ -99.07201, 34.6748 ], [ -99.07824, 34.67334 ], [ -99.08019, 34.67338 ], [ -99.08379, 34.67551 ], [ -99.08645, 34.67563 ], [ -99.09161, 34.67294 ], [ -99.0938, 34.67134 ], [ -99.09532, 34.66891 ], [ -99.09559, 34.66548 ], [ -99.09572, 34.66002 ], [ -99.09559, 34.65272 ], [ -99.09703, 34.64578 ], [ -99.09905, 34.64305 ], [ -99.10229, 34.63996 ], [ -99.10315, 34.63795 ], [ -99.10251, 34.63602 ], [ -99.09819, 34.63552 ], [ -99.09606, 34.63407 ], [ -99.0937, 34.62876 ], [ -99.09187, 34.62656 ], [ -99.09001, 34.62556 ], [ -99.08272, 34.62432 ], [ -99.08028, 34.62235 ], [ -99.07962, 34.62052 ], [ -99.0792, 34.61811 ], [ -99.08001, 34.61534 ], [ -99.08183, 34.61381 ], [ -99.08502, 34.61335 ], [ -99.08846, 34.61525 ], [ -99.09076, 34.61451 ], [ -99.09178, 34.61307 ], [ -99.09175, 34.61174 ], [ -99.0866, 34.60936 ], [ -99.08488, 34.60673 ], [ -99.08502, 34.60357 ], [ -99.0836, 34.60027 ], [ -99.08255, 34.59605 ], [ -99.0831, 34.59044 ], [ -99.08457, 34.58914 ], [ -99.08665, 34.58826 ], [ -99.09066, 34.58742 ], [ -99.09396, 34.58709 ], [ -99.09665, 34.58812 ], [ -99.09828, 34.58975 ], [ -99.09892, 34.59316 ], [ -99.09967, 34.59413 ], [ -99.10288, 34.59371 ], [ -99.10479, 34.59231 ], [ -99.10784, 34.59172 ], [ -99.11155, 34.59222 ], [ -99.11462, 34.59069 ], [ -99.1193, 34.58938 ], [ -99.1218, 34.58789 ], [ -99.12459, 34.58298 ], [ -99.12712, 34.58337 ], [ -99.12926, 34.58436 ], [ -99.13103, 34.58695 ], [ -99.13257, 34.58808 ], [ -99.13324, 34.59022 ], [ -99.13221, 34.59208 ], [ -99.13543, 34.5921 ], [ -99.13839, 34.59261 ], [ -99.14099, 34.59254 ], [ -99.14476, 34.59181 ], [ -99.15144, 34.58945 ], [ -99.15637, 34.58797 ], [ -99.16005, 34.58746 ], [ -99.16332, 34.58804 ], [ -99.16689, 34.58384 ], [ -99.16778, 34.58231 ], [ -99.1711, 34.57823 ], [ -99.1734, 34.57418 ], [ -99.17465, 34.57097 ], [ -99.17775, 34.56648 ], [ -99.18149, 34.56355 ], [ -99.18451, 34.56231 ], [ -99.18484, 34.56003 ], [ -99.1834, 34.55746 ], [ -99.17989, 34.55473 ], [ -99.17933, 34.55361 ], [ -99.17983, 34.55036 ], [ -99.1777, 34.5485 ], [ -99.17576, 34.54807 ], [ -99.17391, 34.54914 ], [ -99.17249, 34.54926 ], [ -99.17103, 34.54793 ], [ -99.17111, 34.54715 ], [ -99.17183, 34.54639 ], [ -99.17623, 34.54479 ], [ -99.17776, 34.54268 ], [ -99.17798, 34.5401 ], [ -99.17961, 34.53971 ], [ -99.18221, 34.54055 ], [ -99.18861, 34.54062 ], [ -99.19007, 34.54111 ], [ -99.19331, 34.54454 ], [ -99.19567, 34.545 ], [ -99.1968, 34.54239 ], [ -99.19733, 34.53751 ], [ -99.19719, 34.53526 ], [ -99.1984, 34.53075 ], [ -99.20126, 34.52793 ], [ -99.20366, 34.52287 ], [ -99.20673, 34.51767 ], [ -99.2087, 34.51307 ], [ -99.20856, 34.50984 ], [ -99.20784, 34.50535 ], [ -99.20839, 34.5037 ], [ -99.21011, 34.50166 ], [ -99.21571, 34.49837 ], [ -99.21739, 34.49507 ], [ -99.22071, 34.49448 ], [ -99.22208, 34.49277 ], [ -99.22205, 34.49112 ], [ -99.22042, 34.48789 ], [ -99.22108, 34.48482 ], [ -99.2233, 34.48283 ], [ -99.22459, 34.48104 ], [ -99.22302, 34.4791 ], [ -99.22028, 34.47795 ], [ -99.21809, 34.47974 ], [ -99.21798, 34.48308 ], [ -99.21591, 34.48395 ], [ -99.21486, 34.48102 ], [ -99.21688, 34.47534 ], [ -99.21726, 34.47106 ], [ -99.21878, 34.46771 ], [ -99.22116, 34.46418 ], [ -99.22099, 34.46295 ], [ -99.21928, 34.46182 ], [ -99.21601, 34.46121 ], [ -99.21341, 34.45938 ], [ -99.21305, 34.45699 ], [ -99.21441, 34.45505 ], [ -99.21626, 34.45447 ], [ -99.22287, 34.45376 ], [ -99.22383, 34.45179 ], [ -99.22519, 34.45126 ], [ -99.22674, 34.45197 ], [ -99.22854, 34.45135 ], [ -99.22989, 34.44787 ], [ -99.23077, 34.44137 ], [ -99.2303, 34.43834 ], [ -99.22911, 34.43559 ], [ -99.22789, 34.4339 ], [ -99.2243, 34.43379 ], [ -99.22297, 34.43285 ], [ -99.22195, 34.42829 ], [ -99.22164, 34.4254 ], [ -99.22355, 34.42149 ], [ -99.22611, 34.41981 ], [ -99.22802, 34.41956 ], [ -99.23001, 34.42029 ], [ -99.23084, 34.42121 ], [ -99.23115, 34.42304 ], [ -99.23073, 34.42439 ], [ -99.23151, 34.42595 ], [ -99.23403, 34.42851 ], [ -99.23671, 34.42856 ], [ -99.23762, 34.42753 ], [ -99.23806, 34.42501 ], [ -99.23775, 34.4199 ], [ -99.23656, 34.41715 ], [ -99.23667, 34.41532 ], [ -99.23601, 34.41321 ], [ -99.23614, 34.41168 ], [ -99.23529, 34.40868 ], [ -99.23523, 34.4057 ], [ -99.23575, 34.40293 ], [ -99.23514, 34.40107 ], [ -99.23357, 34.40016 ], [ -99.23141, 34.40027 ], [ -99.23017, 34.40121 ], [ -99.22804, 34.40167 ], [ -99.22663, 34.40128 ], [ -99.22599, 34.39998 ], [ -99.22646, 34.39904 ], [ -99.22682, 34.39542 ], [ -99.22743, 34.39377 ], [ -99.22936, 34.39093 ], [ -99.22886, 34.3877 ], [ -99.22765, 34.38703 ], [ -99.22312, 34.38717 ], [ -99.21955, 34.38862 ], [ -99.21759, 34.38995 ], [ -99.21386, 34.39473 ], [ -99.21019, 34.39341 ], [ -99.209, 34.39178 ], [ -99.20872, 34.38974 ], [ -99.20916, 34.38862 ], [ -99.21134, 34.38679 ], [ -99.21621, 34.38126 ], [ -99.21927, 34.37918 ], [ -99.22054, 34.37693 ], [ -99.22025, 34.37508 ], [ -99.21897, 34.37369 ], [ -99.21562, 34.37316 ], [ -99.20996, 34.37454 ], [ -99.20764, 34.37424 ], [ -99.2041, 34.37149 ], [ -99.20278, 34.36989 ], [ -99.20272, 34.36515 ], [ -99.20167, 34.36265 ], [ -99.19913, 34.36013 ], [ -99.19507, 34.3586 ], [ -99.19399, 34.35756 ], [ -99.19275, 34.35486 ], [ -99.19211, 34.35172 ], [ -99.19232, 34.34672 ], [ -99.19541, 34.34148 ], [ -99.19828, 34.33962 ], [ -99.2011, 34.33927 ], [ -99.20343, 34.33859 ], [ -99.20691, 34.33828 ], [ -99.21313, 34.34037 ], [ -99.21734, 34.34152 ], [ -99.22198, 34.34002 ], [ -99.22925, 34.33652 ], [ -99.23426, 34.34087 ], [ -99.22864, 34.34856 ], [ -99.23425, 34.35346 ], [ -99.23474, 34.35498 ], [ -99.23484, 34.35644 ], [ -99.23542, 34.35709 ], [ -99.23652, 34.35857 ], [ -99.23723, 34.36272 ], [ -99.23644, 34.3636 ], [ -99.23618, 34.36517 ], [ -99.23756, 34.3667 ], [ -99.24148, 34.36454 ], [ -99.24322, 34.36403 ], [ -99.24445, 34.3637 ], [ -99.24701, 34.36478 ], [ -99.24737, 34.36599 ], [ -99.24812, 34.36743 ], [ -99.24794, 34.36849 ], [ -99.24623, 34.3699 ], [ -99.24354, 34.37071 ], [ -99.24302, 34.37114 ], [ -99.24286, 34.37268 ], [ -99.2467, 34.37469 ], [ -99.24758, 34.37555 ], [ -99.24897, 34.37598 ], [ -99.25071, 34.37545 ], [ -99.25463, 34.37242 ], [ -99.2565, 34.37223 ], [ -99.25861, 34.37265 ], [ -99.25933, 34.37362 ], [ -99.25914, 34.37681 ], [ -99.26044, 34.37808 ], [ -99.26496, 34.37876 ], [ -99.27128, 34.3816 ], [ -99.27292, 34.38355 ], [ -99.27486, 34.38492 ], [ -99.27534, 34.3866 ], [ -99.27389, 34.38758 ], [ -99.27165, 34.38769 ], [ -99.26451, 34.38808 ], [ -99.26113, 34.38956 ], [ -99.25898, 34.39124 ], [ -99.25881, 34.39208 ], [ -99.26182, 34.39504 ], [ -99.26183, 34.39868 ], [ -99.26099, 34.40175 ], [ -99.26132, 34.4035 ], [ -99.26417, 34.40515 ], [ -99.26631, 34.40548 ], [ -99.26775, 34.40496 ], [ -99.26957, 34.40191 ], [ -99.27526, 34.4001 ], [ -99.27883, 34.40026 ], [ -99.28151, 34.40146 ], [ -99.28317, 34.40295 ], [ -99.28281, 34.40546 ], [ -99.28284, 34.40748 ], [ -99.28377, 34.40956 ], [ -99.28644, 34.41302 ], [ -99.28791, 34.41403 ], [ -99.28992, 34.41473 ], [ -99.29465, 34.41537 ], [ -99.2991, 34.41423 ], [ -99.30827, 34.41001 ], [ -99.315, 34.40851 ], [ -99.31637, 34.40821 ], [ -99.31961, 34.40887 ], [ -99.32422, 34.41446 ], [ -99.32867, 34.42238 ], [ -99.33404, 34.42754 ], [ -99.34134, 34.43106 ], [ -99.35041, 34.43708 ], [ -99.35671, 34.44214 ], [ -99.35677, 34.44654 ], [ -99.35579, 34.44902 ], [ -99.35467, 34.45186 ], [ -99.3588, 34.45586 ], [ -99.36961, 34.4587 ], [ -99.37537, 34.45884 ], [ -99.38101, 34.45694 ], [ -99.39496, 34.4421 ], [ -99.39561, 34.44038 ], [ -99.39611, 34.43497 ], [ -99.39463, 34.4327 ], [ -99.39305, 34.43192 ], [ -99.3938, 34.42901 ], [ -99.39331, 34.42761 ], [ -99.39682, 34.4247 ], [ -99.39738, 34.42326 ], [ -99.39666, 34.4212 ], [ -99.39714, 34.41941 ], [ -99.39649, 34.41729 ], [ -99.39392, 34.41527 ], [ -99.38765, 34.41198 ], [ -99.39149, 34.40563 ], [ -99.39592, 34.39573 ], [ -99.39684, 34.37942 ], [ -99.40296, 34.37348 ], [ -99.40717, 34.37261 ], [ -99.41304, 34.37701 ], [ -99.42071, 34.38039 ], [ -99.42191, 34.3842 ], [ -99.42368, 34.38566 ], [ -99.4249, 34.38582 ], [ -99.4275, 34.38514 ], [ -99.42915, 34.38285 ], [ -99.43001, 34.38102 ], [ -99.43028, 34.3788 ], [ -99.42932, 34.37583 ], [ -99.43061, 34.37443 ], [ -99.43112, 34.37399 ], [ -99.4309, 34.372 ], [ -99.43104, 34.37112 ], [ -99.43346, 34.37022 ], [ -99.43497, 34.3707 ], [ -99.43647, 34.37054 ], [ -99.43757, 34.37126 ], [ -99.43827, 34.37116 ], [ -99.44067, 34.37277 ], [ -99.44106, 34.37404 ], [ -99.44194, 34.37441 ], [ -99.44239, 34.37545 ], [ -99.44367, 34.37646 ], [ -99.44534, 34.37977 ], [ -99.45265, 34.38825 ], [ -99.45423, 34.38876 ], [ -99.45473, 34.38841 ], [ -99.45547, 34.3861 ], [ -99.455, 34.38178 ], [ -99.45508, 34.38126 ], [ -99.45633, 34.38039 ], [ -99.4594, 34.38012 ], [ -99.46105, 34.38067 ], [ -99.46183, 34.38241 ], [ -99.46205, 34.3844 ], [ -99.46185, 34.38724 ], [ -99.46246, 34.39114 ], [ -99.46404, 34.39363 ], [ -99.46638, 34.3959 ], [ -99.46843, 34.39663 ], [ -99.47031, 34.39675 ], [ -99.47097, 34.39647 ], [ -99.47227, 34.3956 ], [ -99.47379, 34.39535 ], [ -99.47508, 34.396 ], [ -99.47585, 34.39639 ], [ -99.47755, 34.39635 ], [ -99.48722, 34.39796 ], [ -99.49043, 34.39969 ], [ -99.4941, 34.40476 ], [ -99.4964, 34.40649 ], [ -99.49709, 34.40773 ], [ -99.49988, 34.40961 ], [ -99.50284, 34.40933 ], [ -99.5069, 34.40952 ], [ -99.50762, 34.40989 ], [ -99.50911, 34.41127 ], [ -99.5111, 34.41271 ], [ -99.51428, 34.41403 ], [ -99.51762, 34.41449 ], [ -99.52365, 34.41221 ], [ -99.52979, 34.41145 ], [ -99.54924, 34.41271 ], [ -99.55599, 34.41464 ], [ -99.5622, 34.41732 ], [ -99.5697, 34.41842 ], [ -99.57437, 34.41828 ], [ -99.58006, 34.41665 ], [ -99.58448, 34.40767 ], [ -99.58531, 34.39812 ], [ -99.58453, 34.3912 ], [ -99.58544, 34.38891 ], [ -99.58675, 34.38706 ], [ -99.5876, 34.38587 ], [ -99.58967, 34.38479 ], [ -99.59298, 34.38241 ], [ -99.59619, 34.37902 ], [ -99.59632, 34.37714 ], [ -99.60003, 34.37469 ], [ -99.60478, 34.37633 ], [ -99.60726, 34.37693 ], [ -99.61014, 34.37656 ], [ -99.61157, 34.37564 ], [ -99.61679, 34.37539 ], [ -99.61956, 34.37463 ], [ -99.62151, 34.3737 ], [ -99.6242, 34.37358 ], [ -99.6309, 34.37601 ], [ -99.63118, 34.37706 ], [ -99.63184, 34.3777 ], [ -99.63386, 34.37876 ], [ -99.63532, 34.37917 ], [ -99.63966, 34.37991 ], [ -99.64176, 34.38109 ], [ -99.64275, 34.38155 ], [ -99.64369, 34.38146 ], [ -99.64458, 34.38167 ], [ -99.64651, 34.38254 ], [ -99.64814, 34.38231 ], [ -99.64858, 34.3819 ], [ -99.64966, 34.37989 ], [ -99.65419, 34.37652 ], [ -99.65936, 34.37439 ], [ -99.66271, 34.37368 ], [ -99.66599, 34.37418 ], [ -99.67138, 34.37771 ], [ -99.67485, 34.37896 ], [ -99.67828, 34.3798 ], [ -99.68248, 34.37982 ], [ -99.68436, 34.3795 ], [ -99.68723, 34.37859 ], [ -99.6906, 34.37822 ], [ -99.69497, 34.37833 ], [ -99.69557, 34.3789 ], [ -99.69646, 34.38104 ], [ -99.69842, 34.38307 ], [ -99.70119, 34.3852 ], [ -99.70273, 34.3855 ], [ -99.704, 34.38598 ], [ -99.70525, 34.38578 ], [ -99.70666, 34.38598 ], [ -99.7079, 34.38754 ], [ -99.71268, 34.39093 ], [ -99.71484, 34.39452 ], [ -99.71423, 34.39782 ], [ -99.71509, 34.40075 ], [ -99.71642, 34.40281 ], [ -99.72026, 34.4063 ], [ -99.73035, 34.41124 ], [ -99.74091, 34.41476 ], [ -99.75425, 34.42129 ], [ -99.76723, 34.4305 ], [ -99.76765, 34.43185 ], [ -99.76488, 34.43527 ], [ -99.76483, 34.43643 ], [ -99.7656, 34.43749 ], [ -99.77305, 34.44159 ], [ -99.77399, 34.44306 ], [ -99.77574, 34.44423 ], [ -99.78299, 34.44436 ], [ -99.78376, 34.44501 ], [ -99.78544, 34.45005 ], [ -99.78661, 34.45151 ], [ -99.78777, 34.45181 ], [ -99.78879, 34.45149 ], [ -99.79158, 34.45252 ], [ -99.79368, 34.45389 ], [ -99.81431, 34.4762 ], [ -99.81454, 34.47664 ], [ -99.81874, 34.48498 ], [ -99.81819, 34.48784 ], [ -99.81672, 34.48972 ], [ -99.81938, 34.49494 ], [ -99.82228, 34.4981 ], [ -99.82533, 34.4976 ], [ -99.8329, 34.50007 ], [ -99.84466, 34.50679 ], [ -99.84458, 34.50691 ] ] ] ] } },
{ "type": "Feature", "properties": { "GEOID": "40067", "NAME": "Jefferson", "ALAND": 1965685985.0 }, "geometry": { "type": "MultiPolygon", "coordinates": [ [ [ [ -98.1393, 34.18107 ], [ -98.13923, 34.28982 ], [ -98.09549, 34.28989 ], [ -98.09525, 34.28988 ], [ -98.08675, 34.28989 ], [ -98.06015, 34.2897 ], [ -98.05915, 34.28969 ], [ -98.01672, 34.28949 ], [ -98.00823, 34.28947 ], [ -98.00784, 34.28947 ], [ -98.00567, 34.28948 ], [ -98.00032, 34.28948 ], [ -97.99985, 34.2895 ], [ -97.99896, 34.28908 ], [ -97.98217, 34.2891 ], [ -97.95377, 34.28914 ], [ -97.92958, 34.28917 ], [ -97.89468, 34.28919 ], [ -97.81595, 34.28923 ], [ -97.7722, 34.28924 ], [ -97.75482, 34.28926 ], [ -97.64159, 34.28912 ], [ -97.56251, 34.28918 ], [ -97.56254, 34.28184 ], [ -97.56255, 34.26722 ], [ -97.56252, 34.24566 ], [ -97.56251, 34.22438 ], [ -97.56257, 34.22363 ], [ -97.56257, 34.21657 ], [ -97.56251, 34.21599 ], [ -97.56251, 34.2092 ], [ -97.56251, 34.202 ], [ -97.56251, 34.17292 ], [ -97.56239, 34.1159 ], [ -97.56256, 34.11482 ], [ -97.56254, 34.10194 ], [ -97.56237, 34.09889 ], [ -97.56234, 34.07115 ], [ -97.56076, 34.07115 ], [ -97.56087, 34.00298 ], [ -97.55642, 34.00199 ], [ -97.55375, 34.00272 ], [ -97.55172, 34.001 ], [ -97.5537, 34.00043 ], [ -97.55521, 33.99888 ], [ -97.55485, 33.99826 ], [ -97.5518, 33.99778 ], [ -97.55194, 33.9959 ], [ -97.55081, 33.99531 ], [ -97.55078, 33.99425 ], [ -97.5496, 33.99471 ], [ -97.54924, 33.99377 ], [ -97.55106, 33.99194 ], [ -97.54905, 33.99109 ], [ -97.54759, 33.99173 ], [ -97.54693, 33.9905 ], [ -97.54583, 33.9894 ], [ -97.5471, 33.98798 ], [ -97.54515, 33.98759 ], [ -97.54465, 33.9866 ], [ -97.54284, 33.98583 ], [ -97.54223, 33.98798 ], [ -97.54149, 33.98853 ], [ -97.54036, 33.98681 ], [ -97.5413, 33.98532 ], [ -97.5394, 33.98516 ], [ -97.53753, 33.98653 ], [ -97.53682, 33.98388 ], [ -97.56074, 33.98396 ], [ -97.5609, 33.89959 ], [ -97.56279, 33.90093 ], [ -97.56696, 33.90158 ], [ -97.56871, 33.90138 ], [ -97.57238, 33.89932 ], [ -97.5725, 33.89926 ], [ -97.57808, 33.89922 ], [ -97.58107, 33.89968 ], [ -97.58108, 33.89968 ], [ -97.58278, 33.90042 ], [ -97.5858, 33.90175 ], [ -97.58593, 33.90181 ], [ -97.58744, 33.90248 ], [ -97.58925, 33.90392 ], [ -97.58917, 33.90488 ], [ -97.58967, 33.9066 ], [ -97.59093, 33.9096 ], [ -97.59203, 33.91014 ], [ -97.59368, 33.91011 ], [ -97.59629, 33.91377 ], [ -97.59712, 33.91787 ], [ -97.59698, 33.92023 ], [ -97.59615, 33.92211 ], [ -97.59508, 33.92295 ], [ -97.59151, 33.9282 ], [ -97.59121, 33.93124 ], [ -97.5933, 33.93392 ], [ -97.59542, 33.93892 ], [ -97.59542, 33.94144 ], [ -97.59405, 33.9446 ], [ -97.59174, 33.94661 ], [ -97.59141, 33.94806 ], [ -97.58883, 33.95188 ], [ -97.59042, 33.9541 ], [ -97.5962, 33.95452 ], [ -97.59947, 33.95632 ], [ -97.6009, 33.95889 ], [ -97.60097, 33.96066 ], [ -97.60433, 33.96276 ], [ -97.60439, 33.96381 ], [ -97.60604, 33.965 ], [ -97.60909, 33.96809 ], [ -97.61555, 33.96956 ], [ -97.62301, 33.97395 ], [ -97.62457, 33.97585 ], [ -97.63067, 33.97943 ], [ -97.63378, 33.98126 ], [ -97.65621, 33.98949 ], [ -97.66149, 33.99082 ], [ -97.67177, 33.99137 ], [ -97.67297, 33.99102 ], [ -97.68802, 33.98661 ], [ -97.69311, 33.9837 ], [ -97.69792, 33.97733 ], [ -97.70416, 33.96334 ], [ -97.70968, 33.955 ], [ -97.71677, 33.94767 ], [ -97.72096, 33.94441 ], [ -97.72529, 33.94105 ], [ -97.72607, 33.94056 ], [ -97.73227, 33.93669 ], [ -97.73372, 33.93639 ], [ -97.73655, 33.93657 ], [ -97.73848, 33.93742 ], [ -97.75296, 33.93705 ], [ -97.76277, 33.9344 ], [ -97.76266, 33.93085 ], [ -97.75983, 33.92521 ], [ -97.7594, 33.91882 ], [ -97.76022, 33.91719 ], [ -97.76377, 33.91424 ], [ -97.77267, 33.91438 ], [ -97.77553, 33.91811 ], [ -97.7797, 33.91972 ], [ -97.78218, 33.91909 ], [ -97.7851, 33.91681 ], [ -97.78607, 33.91487 ], [ -97.78607, 33.91324 ], [ -97.78034, 33.90483 ], [ -97.77968, 33.89924 ], [ -97.78007, 33.89539 ], [ -97.78234, 33.89231 ], [ -97.7847, 33.89064 ], [ -97.78802, 33.89182 ], [ -97.78981, 33.89474 ], [ -97.79078, 33.89831 ], [ -97.79369, 33.89966 ], [ -97.79776, 33.89929 ], [ -97.80114, 33.89659 ], [ -97.80198, 33.89425 ], [ -97.80166, 33.89003 ], [ -97.80144, 33.88631 ], [ -97.80263, 33.87997 ], [ -97.80542, 33.87717 ], [ -97.8075, 33.8764 ], [ -97.80977, 33.8777 ], [ -97.81251, 33.88115 ], [ -97.81399, 33.88176 ], [ -97.81643, 33.88208 ], [ -97.81924, 33.87909 ], [ -97.8192, 33.87219 ], [ -97.81902, 33.86991 ], [ -97.82211, 33.86796 ], [ -97.82618, 33.86454 ], [ -97.83087, 33.86179 ], [ -97.83433, 33.85767 ], [ -97.8388, 33.85693 ], [ -97.84158, 33.85627 ], [ -97.84326, 33.85684 ], [ -97.8495, 33.85432 ], [ -97.8537, 33.85295 ], [ -97.86093, 33.85059 ], [ -97.86576, 33.84939 ], [ -97.87145, 33.849 ], [ -97.87739, 33.85024 ], [ -97.8832, 33.85436 ], [ -97.88938, 33.85643 ], [ -97.89674, 33.85798 ], [ -97.90547, 33.86353 ], [ -97.93674, 33.8792 ], [ -97.9388, 33.87989 ], [ -97.94273, 33.87985 ], [ -97.94646, 33.87888 ], [ -97.95122, 33.87842 ], [ -97.95844, 33.87918 ], [ -97.96778, 33.88243 ], [ -97.97418, 33.88664 ], [ -97.97781, 33.88988 ], [ -97.97786, 33.88993 ], [ -97.9797, 33.89219 ], [ -97.98377, 33.8972 ], [ -97.98443, 33.89876 ], [ -97.98457, 33.89908 ], [ -97.98454, 33.9007 ], [ -97.98355, 33.904 ], [ -97.97998, 33.9114 ], [ -97.9788, 33.91255 ], [ -97.97696, 33.91255 ], [ -97.97314, 33.90801 ], [ -97.96987, 33.906 ], [ -97.96446, 33.9074 ], [ -97.96062, 33.91035 ], [ -97.95716, 33.91445 ], [ -97.95369, 33.92437 ], [ -97.95268, 33.92948 ], [ -97.9534, 33.93644 ], [ -97.95447, 33.93777 ], [ -97.95551, 33.93819 ], [ -97.96343, 33.93624 ], [ -97.96595, 33.93619 ], [ -97.97118, 33.93713 ], [ -97.97249, 33.93791 ], [ -97.97406, 33.94029 ], [ -97.97417, 33.94283 ], [ -97.97334, 33.94377 ], [ -97.97266, 33.94453 ], [ -97.96574, 33.94739 ], [ -97.96035, 33.95193 ], [ -97.95692, 33.9585 ], [ -97.94595, 33.9884 ], [ -97.94573, 33.98984 ], [ -97.94647, 33.99073 ], [ -97.94757, 33.99105 ], [ -97.95269, 33.99011 ], [ -97.95585, 33.99014 ], [ -97.95833, 33.99085 ], [ -97.96303, 33.99424 ], [ -97.96834, 34.00053 ], [ -97.97167, 34.00543 ], [ -97.97417, 34.00672 ], [ -97.97824, 34.00539 ], [ -97.98281, 34.00195 ], [ -97.98739, 33.99982 ], [ -97.9997, 33.99722 ], [ -98.00567, 33.99596 ], [ -98.01949, 33.9938 ], [ -98.02767, 33.99336 ], [ -98.04112, 33.99346 ], [ -98.0552, 33.99584 ], [ -98.08284, 34.00241 ], [ -98.08526, 34.00326 ], [ -98.0882, 34.00548 ], [ -98.08268, 34.0108 ], [ -98.08956, 34.01927 ], [ -98.09844, 34.02392 ], [ -98.10626, 34.03415 ], [ -98.10354, 34.03853 ], [ -98.098, 34.03824 ], [ -98.09237, 34.03393 ], [ -98.08381, 34.03666 ], [ -98.08384, 34.04117 ], [ -98.08384, 34.04172 ], [ -98.0991, 34.04864 ], [ -98.11459, 34.06228 ], [ -98.11803, 34.06706 ], [ -98.12021, 34.07213 ], [ -98.1209, 34.07977 ], [ -98.12104, 34.08127 ], [ -98.11942, 34.08447 ], [ -98.10431, 34.0982 ], [ -98.09933, 34.1043 ], [ -98.09512, 34.11119 ], [ -98.09324, 34.11517 ], [ -98.09242, 34.11692 ], [ -98.09066, 34.12198 ], [ -98.08975, 34.12821 ], [ -98.09202, 34.13194 ], [ -98.0936, 34.13184 ], [ -98.09766, 34.13156 ], [ -98.1005, 34.13137 ], [ -98.10317, 34.13519 ], [ -98.10056, 34.14214 ], [ -98.10194, 34.14683 ], [ -98.10946, 34.15411 ], [ -98.11451, 34.15473 ], [ -98.12338, 34.15454 ], [ -98.13082, 34.15053 ], [ -98.13677, 34.14499 ], [ -98.13898, 34.14181 ], [ -98.13916, 34.15924 ], [ -98.1393, 34.18098 ], [ -98.1393, 34.18107 ] ] ] ] } },
{ "type": "Feature", "properties": { "GEOID": "40069", "NAME": "Johnston", "ALAND": 1665492483.0 }, "geometry": { "type": "MultiPolygon", "coordinates": [ [ [ [ -96.93349, 34.17999 ], [ -96.93348, 34.19094 ], [ -96.93347, 34.2019 ], [ -96.93345, 34.21452 ], [ -96.93344, 34.21457 ], [ -96.93326, 34.22697 ], [ -96.93341, 34.24566 ], [ -96.93331, 34.33256 ], [ -96.93301, 34.33266 ], [ -96.88101, 34.33298 ], [ -96.8808, 34.43375 ], [ -96.88081, 34.4555 ], [ -96.88079, 34.50605 ], [ -96.86138, 34.50602 ], [ -96.85951, 34.50613 ], [ -96.82927, 34.50606 ], [ -96.82734, 34.50606 ], [ -96.75837, 34.50584 ], [ -96.75754, 34.50595 ], [ -96.74038, 34.5059 ], [ -96.69503, 34.50581 ], [ -96.67637, 34.50578 ], [ -96.62901, 34.50569 ], [ -96.6284, 34.50572 ], [ -96.56598, 34.50548 ], [ -96.51379, 34.5054 ], [ -96.51377, 34.46319 ], [ -96.51377, 34.41957 ], [ -96.50065, 34.41949 ], [ -96.49855, 34.41944 ], [ -96.49633, 34.41949 ], [ -96.48757, 34.41952 ], [ -96.48716, 34.41958 ], [ -96.45422, 34.41955 ], [ -96.45348, 34.41932 ], [ -96.45305, 34.41838 ], [ -96.40707, 34.41839 ], [ -96.40709, 34.39682 ], [ -96.40713, 34.37215 ], [ -96.40703, 34.37075 ], [ -96.40712, 34.31733 ], [ -96.40716, 34.31723 ], [ -96.40712, 34.30949 ], [ -96.40713, 34.30942 ], [ -96.40716, 34.30231 ], [ -96.4072, 34.28426 ], [ -96.40726, 34.24424 ], [ -96.40744, 34.20801 ], [ -96.4075, 34.16985 ], [ -96.40752, 34.15732 ], [ -96.41058, 34.15733 ], [ -96.41354, 34.15734 ], [ -96.4539, 34.15735 ], [ -96.45381, 34.15672 ], [ -96.45397, 34.1251 ], [ -96.45384, 34.1141 ], [ -96.47889, 34.1142 ], [ -96.56324, 34.11427 ], [ -96.57226, 34.11429 ], [ -96.58383, 34.11431 ], [ -96.58536, 34.11446 ], [ -96.58705, 34.11738 ], [ -96.58685, 34.11802 ], [ -96.58309, 34.11783 ], [ -96.58205, 34.1191 ], [ -96.58179, 34.12143 ], [ -96.58225, 34.12533 ], [ -96.58457, 34.12685 ], [ -96.58857, 34.12674 ], [ -96.59079, 34.12804 ], [ -96.59475, 34.13143 ], [ -96.59909, 34.13391 ], [ -96.60088, 34.13558 ], [ -96.60083, 34.13796 ], [ -96.59869, 34.1404 ], [ -96.60032, 34.14328 ], [ -96.603, 34.14563 ], [ -96.60497, 34.14456 ], [ -96.60553, 34.14122 ], [ -96.60682, 34.13987 ], [ -96.61064, 34.13977 ], [ -96.61327, 34.14138 ], [ -96.6138, 34.14198 ], [ -96.61278, 34.14441 ], [ -96.6092, 34.14424 ], [ -96.60779, 34.14618 ], [ -96.60978, 34.14689 ], [ -96.61107, 34.14841 ], [ -96.61313, 34.15198 ], [ -96.61919, 34.15404 ], [ -96.62017, 34.15536 ], [ -96.61945, 34.15711 ], [ -96.61978, 34.16119 ], [ -96.62078, 34.16204 ], [ -96.62198, 34.16224 ], [ -96.62528, 34.16053 ], [ -96.62739, 34.1577 ], [ -96.62728, 34.15463 ], [ -96.62864, 34.1537 ], [ -96.63227, 34.15465 ], [ -96.63527, 34.15643 ], [ -96.63763, 34.15651 ], [ -96.64116, 34.1584 ], [ -96.64148, 34.15972 ], [ -96.64031, 34.16295 ], [ -96.63676, 34.16443 ], [ -96.63638, 34.16588 ], [ -96.6386, 34.1681 ], [ -96.6419, 34.16824 ], [ -96.64338, 34.16807 ], [ -96.64945, 34.16278 ], [ -96.65373, 34.1614 ], [ -96.65614, 34.16119 ], [ -96.6597, 34.16378 ], [ -96.66186, 34.16569 ], [ -96.66329, 34.16788 ], [ -96.66548, 34.16881 ], [ -96.66775, 34.16676 ], [ -96.66971, 34.1691 ], [ -96.66996, 34.17252 ], [ -96.71324, 34.17255 ], [ -96.75235, 34.17255 ], [ -96.83772, 34.17255 ], [ -96.8456, 34.17257 ], [ -96.88708, 34.17254 ], [ -96.88779, 34.17237 ], [ -96.88954, 34.17247 ], [ -96.9335, 34.17275 ], [ -96.93349, 34.17999 ] ] ] ] } },
{ "type": "Feature", "properties": { "GEOID": "40071", "NAME": "Kay", "ALAND": 2381778880.0 }, "geometry": { "type": "MultiPolygon", "coordinates": [ [ [ [ -97.46248, 36.60074 ], [ -97.46236, 36.62981 ], [ -97.46238, 36.64358 ], [ -97.46236, 36.68776 ], [ -97.46233, 36.73479 ], [ -97.46231, 36.73838 ], [ -97.46222, 36.76731 ], [ -97.46232, 36.76782 ], [ -97.4623, 36.81077 ], [ -97.46242, 36.83977 ], [ -97.46241, 36.88332 ], [ -97.46238, 36.8978 ], [ -97.46247, 36.94026 ], [ -97.4623, 36.94172 ], [ -97.46235, 36.99869 ], [ -97.46228, 36.99869 ], [ -97.41449, 36.99878 ], [ -97.4009, 36.99881 ], [ -97.38492, 36.99884 ], [ -97.37242, 36.99886 ], [ -97.36487, 36.99887 ], [ -97.34276, 36.99889 ], [ -97.34274, 36.99889 ], [ -97.25577, 36.99899 ], [ -97.21988, 36.99903 ], [ -97.20147, 36.99905 ], [ -97.15624, 36.9991 ], [ -97.14772, 36.99911 ], [ -97.1226, 36.99904 ], [ -97.12028, 36.99901 ], [ -97.11141, 36.99902 ], [ -97.10428, 36.99902 ], [ -97.10065, 36.999 ], [ -97.04591, 36.999 ], [ -97.03978, 36.999 ], [ -97.03969, 36.999 ], [ -97.03008, 36.99893 ], [ -96.97556, 36.99902 ], [ -96.96737, 36.99907 ], [ -96.93464, 36.99907 ], [ -96.92529, 36.99913 ], [ -96.92191, 36.99915 ], [ -96.91709, 36.99918 ], [ -96.90375, 36.99913 ], [ -96.90351, 36.99913 ], [ -96.90208, 36.99916 ], [ -96.87629, 36.99923 ], [ -96.86752, 36.99922 ], [ -96.86747, 36.99922 ], [ -96.8229, 36.99918 ], [ -96.82279, 36.99918 ], [ -96.7952, 36.99886 ], [ -96.79206, 36.99918 ], [ -96.74984, 36.99899 ], [ -96.75003, 36.94124 ], [ -96.75215, 36.94123 ], [ -96.75229, 36.89886 ], [ -96.75224, 36.84298 ], [ -96.75258, 36.8428 ], [ -96.75266, 36.83843 ], [ -96.75232, 36.83546 ], [ -96.75238, 36.78209 ], [ -96.78865, 36.78201 ], [ -96.78869, 36.7676 ], [ -96.82259, 36.76756 ], [ -96.82066, 36.76588 ], [ -96.81883, 36.76366 ], [ -96.81879, 36.76178 ], [ -96.81806, 36.75899 ], [ -96.82014, 36.75278 ], [ -96.82167, 36.75004 ], [ -96.82467, 36.74669 ], [ -96.82664, 36.74534 ], [ -96.83038, 36.74417 ], [ -96.8341, 36.74344 ], [ -96.83897, 36.74371 ], [ -96.84367, 36.74439 ], [ -96.84834, 36.74601 ], [ -96.85012, 36.74634 ], [ -96.85363, 36.74611 ], [ -96.86168, 36.75004 ], [ -96.86637, 36.75294 ], [ -96.86869, 36.75354 ], [ -96.87181, 36.75365 ], [ -96.87878, 36.75185 ], [ -96.88222, 36.75157 ], [ -96.88734, 36.75213 ], [ -96.88858, 36.75179 ], [ -96.89571, 36.74582 ], [ -96.90359, 36.7386 ], [ -96.90586, 36.73713 ], [ -96.90743, 36.73584 ], [ -96.9086, 36.73015 ], [ -96.90974, 36.7271 ], [ -96.9132, 36.72272 ], [ -96.91809, 36.7188 ], [ -96.92055, 36.71775 ], [ -96.92091, 36.7171 ], [ -96.92189, 36.70637 ], [ -96.9226, 36.70287 ], [ -96.92679, 36.69781 ], [ -96.92809, 36.69559 ], [ -96.92852, 36.69368 ], [ -96.92741, 36.68842 ], [ -96.93101, 36.6865 ], [ -96.93194, 36.6861 ], [ -96.9411, 36.68469 ], [ -96.94373, 36.68388 ], [ -96.94768, 36.68353 ], [ -96.95018, 36.68363 ], [ -96.959, 36.68623 ], [ -96.96571, 36.68793 ], [ -96.96709, 36.68854 ], [ -96.9729, 36.68827 ], [ -96.97841, 36.68867 ], [ -96.98574, 36.68811 ], [ -96.98976, 36.68824 ], [ -96.99204, 36.6876 ], [ -96.99536, 36.68812 ], [ -96.99541, 36.68814 ], [ -96.99568, 36.68821 ], [ -97.00303, 36.69345 ], [ -97.00539, 36.694 ], [ -97.00694, 36.69228 ], [ -97.01202, 36.69404 ], [ -97.01522, 36.6944 ], [ -97.01925, 36.69307 ], [ -97.02106, 36.69286 ], [ -97.02419, 36.6934 ], [ -97.02756, 36.69916 ], [ -97.03068, 36.70159 ], [ -97.03253, 36.70196 ], [ -97.03635, 36.70108 ], [ -97.03848, 36.69929 ], [ -97.04306, 36.69702 ], [ -97.04487, 36.69634 ], [ -97.04714, 36.69544 ], [ -97.04878, 36.69467 ], [ -97.0502, 36.69386 ], [ -97.05324, 36.69221 ], [ -97.05702, 36.68899 ], [ -97.06141, 36.68686 ], [ -97.06411, 36.68421 ], [ -97.06448, 36.68076 ], [ -97.06447, 36.68048 ], [ -97.06438, 36.67588 ], [ -97.06386, 36.67211 ], [ -97.06405, 36.66531 ], [ -97.06344, 36.66423 ], [ -97.06253, 36.66035 ], [ -97.06323, 36.65792 ], [ -97.06307, 36.65574 ], [ -97.06216, 36.6531 ], [ -97.06199, 36.65073 ], [ -97.06101, 36.64909 ], [ -97.05793, 36.64775 ], [ -97.0546, 36.64545 ], [ -97.05301, 36.64393 ], [ -97.05152, 36.64122 ], [ -97.05098, 36.63744 ], [ -97.0511, 36.62995 ], [ -97.0509, 36.62881 ], [ -97.04884, 36.62504 ], [ -97.04856, 36.62323 ], [ -97.04962, 36.62018 ], [ -97.05176, 36.61627 ], [ -97.05211, 36.61258 ], [ -97.05171, 36.61111 ], [ -97.04944, 36.6081 ], [ -97.04469, 36.60272 ], [ -97.04391, 36.59993 ], [ -97.04689, 36.59744 ], [ -97.04897, 36.59718 ], [ -97.05414, 36.59812 ], [ -97.0571, 36.59783 ], [ -97.05815, 36.59653 ], [ -97.05756, 36.59387 ], [ -97.06207, 36.59387 ], [ -97.06747, 36.59381 ], [ -97.06887, 36.59385 ], [ -97.10308, 36.59397 ], [ -97.12283, 36.59402 ], [ -97.12288, 36.59402 ], [ -97.13943, 36.59403 ], [ -97.18408, 36.59399 ], [ -97.18857, 36.59399 ], [ -97.211, 36.59398 ], [ -97.24677, 36.59396 ], [ -97.24804, 36.59389 ], [ -97.26839, 36.5939 ], [ -97.28288, 36.59383 ], [ -97.35469, 36.59387 ], [ -97.36317, 36.59385 ], [ -97.4616, 36.59364 ], [ -97.46246, 36.59363 ], [ -97.46248, 36.60074 ] ] ] ] } },
{ "type": "Feature", "properties": { "GEOID": "40073", "NAME": "Kingfisher", "ALAND": 2326031241.0 }, "geometry": { "type": "MultiPolygon", "coordinates": [ [ [ [ -98.2104, 36.16489 ], [ -98.17531, 36.16478 ], [ -98.16685, 36.16477 ], [ -98.15233, 36.1649 ], [ -98.14865, 36.16472 ], [ -98.14858, 36.16472 ], [ -98.13971, 36.1648 ], [ -98.12535, 36.16492 ], [ -98.12181, 36.16479 ], [ -98.1039, 36.16488 ], [ -98.09735, 36.16504 ], [ -98.09523, 36.16504 ], [ -98.09517, 36.16504 ], [ -98.07752, 36.16501 ], [ -98.07748, 36.16501 ], [ -98.07304, 36.165 ], [ -98.06861, 36.165 ], [ -98.03753, 36.16495 ], [ -98.03296, 36.16499 ], [ -98.02399, 36.16493 ], [ -97.99715, 36.1648 ], [ -97.98824, 36.1648 ], [ -97.9791, 36.1648 ], [ -97.96124, 36.16479 ], [ -97.95738, 36.16452 ], [ -97.89286, 36.1647 ], [ -97.87177, 36.16463 ], [ -97.83593, 36.16463 ], [ -97.82706, 36.16463 ], [ -97.79027, 36.16462 ], [ -97.73833, 36.16474 ], [ -97.7197, 36.16474 ], [ -97.67562, 36.16466 ], [ -97.67573, 36.14992 ], [ -97.67553, 36.07278 ], [ -97.67556, 36.07266 ], [ -97.67563, 36.04402 ], [ -97.67568, 36.04377 ], [ -97.67569, 36.00018 ], [ -97.67568, 35.95657 ], [ -97.67541, 35.8985 ], [ -97.67453, 35.8985 ], [ -97.67451, 35.87116 ], [ -97.67439, 35.86101 ], [ -97.67439, 35.86043 ], [ -97.67435, 35.84224 ], [ -97.67422, 35.82052 ], [ -97.67415, 35.80573 ], [ -97.67414, 35.79843 ], [ -97.67412, 35.79385 ], [ -97.6741, 35.7839 ], [ -97.67403, 35.72597 ], [ -97.69147, 35.72592 ], [ -97.70042, 35.7259 ], [ -97.7277, 35.72582 ], [ -97.76297, 35.72572 ], [ -97.7675, 35.72572 ], [ -97.78056, 35.72572 ], [ -97.78958, 35.7257 ], [ -97.80731, 35.72578 ], [ -97.81621, 35.72584 ], [ -97.82536, 35.72587 ], [ -97.8341, 35.7259 ], [ -97.86985, 35.726 ], [ -97.95899, 35.72607 ], [ -97.96892, 35.7259 ], [ -97.98616, 35.72563 ], [ -98.09215, 35.72537 ], [ -98.11845, 35.72532 ], [ -98.12078, 35.72532 ], [ -98.14484, 35.72531 ], [ -98.16253, 35.72509 ], [ -98.19355, 35.72513 ], [ -98.2071, 35.72514 ], [ -98.2071, 35.72519 ], [ -98.20709, 35.75409 ], [ -98.20693, 35.79758 ], [ -98.20684, 35.8986 ], [ -98.20999, 35.89859 ], [ -98.21014, 35.99258 ], [ -98.21013, 35.99994 ], [ -98.21016, 36.05063 ], [ -98.21034, 36.14756 ], [ -98.2104, 36.16489 ] ] ] ] } },
{ "type": "Feature", "properties": { "GEOID": "40075", "NAME": "Kiowa", "ALAND": 2629039887.0 }, "geometry": { "type": "MultiPolygon", "coordinates": [ [ [ [ -99.40928, 35.11693 ], [ -99.40834, 35.11691 ], [ -99.36023, 35.11674 ], [ -99.18527, 35.1166 ], [ -99.14872, 35.11669 ], [ -99.13135, 35.11665 ], [ -99.06066, 35.1166 ], [ -98.99041, 35.11647 ], [ -98.95506, 35.11643 ], [ -98.94436, 35.11643 ], [ -98.79699, 35.11641 ], [ -98.74916, 35.11635 ], [ -98.7454, 35.11322 ], [ -98.74468, 35.11201 ], [ -98.74247, 35.11112 ], [ -98.74225, 35.11034 ], [ -98.74359, 35.10844 ], [ -98.74191, 35.10755 ], [ -98.74038, 35.10851 ], [ -98.73837, 35.10686 ], [ -98.74002, 35.10594 ], [ -98.73714, 35.10301 ], [ -98.73692, 35.10155 ], [ -98.73586, 35.10104 ], [ -98.73469, 35.10185 ], [ -98.73458, 35.10336 ], [ -98.73355, 35.10494 ], [ -98.73333, 35.10835 ], [ -98.73171, 35.10911 ], [ -98.72948, 35.10806 ], [ -98.72887, 35.10945 ], [ -98.7299, 35.11023 ], [ -98.7316, 35.11012 ], [ -98.73311, 35.11089 ], [ -98.73177, 35.11396 ], [ -98.73021, 35.11371 ], [ -98.73049, 35.11218 ], [ -98.72444, 35.11129 ], [ -98.72291, 35.11197 ], [ -98.7228, 35.11333 ], [ -98.72163, 35.11385 ], [ -98.719, 35.11305 ], [ -98.71638, 35.11301 ], [ -98.71811, 35.11154 ], [ -98.72009, 35.10913 ], [ -98.71928, 35.10776 ], [ -98.71772, 35.10893 ], [ -98.71535, 35.10836 ], [ -98.71371, 35.10696 ], [ -98.71245, 35.10476 ], [ -98.70746, 35.1065 ], [ -98.70351, 35.11051 ], [ -98.69985, 35.11083 ], [ -98.69631, 35.11191 ], [ -98.69436, 35.11111 ], [ -98.6918, 35.10884 ], [ -98.68779, 35.10893 ], [ -98.68494, 35.10708 ], [ -98.68363, 35.10737 ], [ -98.68322, 35.10786 ], [ -98.68408, 35.11147 ], [ -98.6855, 35.11312 ], [ -98.68478, 35.1142 ], [ -98.68171, 35.11376 ], [ -98.68032, 35.11003 ], [ -98.67814, 35.10793 ], [ -98.67594, 35.10845 ], [ -98.6743, 35.10966 ], [ -98.67494, 35.11118 ], [ -98.67499, 35.11395 ], [ -98.67254, 35.11727 ], [ -98.67326, 35.11814 ], [ -98.67223, 35.11901 ], [ -98.66839, 35.11887 ], [ -98.66493, 35.11821 ], [ -98.66409, 35.11809 ], [ -98.6622, 35.11832 ], [ -98.66078, 35.1194 ], [ -98.65924, 35.12187 ], [ -98.65734, 35.12256 ], [ -98.65548, 35.12162 ], [ -98.6533, 35.12159 ], [ -98.65227, 35.12398 ], [ -98.65093, 35.12393 ], [ -98.65001, 35.12262 ], [ -98.64734, 35.12134 ], [ -98.64608, 35.11912 ], [ -98.6428, 35.1201 ], [ -98.64246, 35.11903 ], [ -98.64447, 35.11701 ], [ -98.64575, 35.11818 ], [ -98.64778, 35.11772 ], [ -98.65044, 35.11484 ], [ -98.64564, 35.1116 ], [ -98.6438, 35.11154 ], [ -98.64121, 35.11328 ], [ -98.63942, 35.1193 ], [ -98.63989, 35.12285 ], [ -98.63892, 35.12317 ], [ -98.6351, 35.12134 ], [ -98.62998, 35.11639 ], [ -98.62897, 35.11286 ], [ -98.62934, 35.11036 ], [ -98.6275, 35.10926 ], [ -98.62591, 35.10919 ], [ -98.62493, 35.10688 ], [ -98.62534, 35.10238 ], [ -98.62231, 35.09724 ], [ -98.62069, 35.09777 ], [ -98.62077, 35.0974 ], [ -98.62036, 35.01494 ], [ -98.62026, 34.96252 ], [ -98.62018, 34.94233 ], [ -98.62002, 34.94157 ], [ -98.61995, 34.91328 ], [ -98.62017, 34.91217 ], [ -98.62015, 34.88434 ], [ -98.61982, 34.85534 ], [ -98.61982, 34.85495 ], [ -98.62534, 34.8548 ], [ -98.65921, 34.85538 ], [ -98.66768, 34.85538 ], [ -98.69004, 34.85538 ], [ -98.71982, 34.85538 ], [ -98.74841, 34.8554 ], [ -98.75034, 34.85548 ], [ -98.78737, 34.8556 ], [ -98.78999, 34.85543 ], [ -98.79567, 34.85542 ], [ -98.82604, 34.85512 ], [ -98.82592, 34.79316 ], [ -98.8261, 34.79031 ], [ -98.82611, 34.78356 ], [ -98.8263, 34.78192 ], [ -98.82628, 34.73977 ], [ -98.82621, 34.68144 ], [ -98.8261, 34.6306 ], [ -98.82617, 34.60224 ], [ -98.82601, 34.59441 ], [ -98.83496, 34.59441 ], [ -98.84364, 34.59441 ], [ -99.00111, 34.59437 ], [ -99.00102, 34.63787 ], [ -99.10315, 34.63795 ], [ -99.10229, 34.63996 ], [ -99.09905, 34.64305 ], [ -99.09703, 34.64578 ], [ -99.09559, 34.65272 ], [ -99.09572, 34.66002 ], [ -99.09559, 34.66548 ], [ -99.09532, 34.66891 ], [ -99.0938, 34.67134 ], [ -99.09161, 34.67294 ], [ -99.08645, 34.67563 ], [ -99.08379, 34.67551 ], [ -99.08019, 34.67338 ], [ -99.07824, 34.67334 ], [ -99.07201, 34.6748 ], [ -99.06857, 34.67529 ], [ -99.05612, 34.67515 ], [ -99.05157, 34.67581 ], [ -99.04894, 34.67581 ], [ -99.04334, 34.67725 ], [ -99.04189, 34.67892 ], [ -99.04242, 34.68016 ], [ -99.04469, 34.68135 ], [ -99.04436, 34.68266 ], [ -99.04314, 34.68385 ], [ -99.03723, 34.68669 ], [ -99.03709, 34.68939 ], [ -99.03793, 34.69088 ], [ -99.03962, 34.69166 ], [ -99.04575, 34.69228 ], [ -99.0483, 34.69434 ], [ -99.04824, 34.69682 ], [ -99.05251, 34.70156 ], [ -99.05492, 34.70176 ], [ -99.05692, 34.70133 ], [ -99.06169, 34.70149 ], [ -99.06422, 34.70103 ], [ -99.06793, 34.70112 ], [ -99.06951, 34.70059 ], [ -99.08144, 34.69833 ], [ -99.08712, 34.69663 ], [ -99.09417, 34.69608 ], [ -99.09858, 34.69523 ], [ -99.1024, 34.69544 ], [ -99.10365, 34.69598 ], [ -99.10573, 34.69866 ], [ -99.10845, 34.69903 ], [ -99.11186, 34.69846 ], [ -99.11422, 34.69866 ], [ -99.12346, 34.70117 ], [ -99.12959, 34.702 ], [ -99.14068, 34.70095 ], [ -99.1452, 34.70139 ], [ -99.14911, 34.70235 ], [ -99.15322, 34.70462 ], [ -99.1568, 34.70767 ], [ -99.15873, 34.71033 ], [ -99.15937, 34.71349 ], [ -99.1564, 34.71603 ], [ -99.15454, 34.71859 ], [ -99.15413, 34.72263 ], [ -99.15557, 34.72519 ], [ -99.15798, 34.72743 ], [ -99.16103, 34.73151 ], [ -99.16233, 34.736 ], [ -99.16228, 34.73907 ], [ -99.16125, 34.74175 ], [ -99.1623, 34.74235 ], [ -99.16599, 34.7421 ], [ -99.16855, 34.74265 ], [ -99.17163, 34.74485 ], [ -99.17246, 34.74661 ], [ -99.17304, 34.75529 ], [ -99.1726, 34.7561 ], [ -99.16996, 34.75626 ], [ -99.16818, 34.75261 ], [ -99.16627, 34.75128 ], [ -99.16391, 34.75112 ], [ -99.16116, 34.75247 ], [ -99.16097, 34.75431 ], [ -99.16238, 34.7565 ], [ -99.16399, 34.75749 ], [ -99.16438, 34.7587 ], [ -99.1626, 34.76044 ], [ -99.15916, 34.76127 ], [ -99.15602, 34.76017 ], [ -99.15203, 34.76044 ], [ -99.15028, 34.762 ], [ -99.15047, 34.76326 ], [ -99.15175, 34.76383 ], [ -99.15813, 34.76493 ], [ -99.16149, 34.7667 ], [ -99.16343, 34.7686 ], [ -99.16557, 34.77368 ], [ -99.16482, 34.77829 ], [ -99.16484, 34.7831 ], [ -99.16543, 34.78841 ], [ -99.16384, 34.79233 ], [ -99.16259, 34.79311 ], [ -99.15651, 34.79201 ], [ -99.15368, 34.79201 ], [ -99.14987, 34.79395 ], [ -99.14896, 34.79631 ], [ -99.14898, 34.79821 ], [ -99.15151, 34.80098 ], [ -99.15373, 34.80504 ], [ -99.15312, 34.80907 ], [ -99.1527, 34.8142 ], [ -99.15192, 34.8175 ], [ -99.153, 34.82281 ], [ -99.15367, 34.82767 ], [ -99.15203, 34.82792 ], [ -99.14889, 34.82565 ], [ -99.14625, 34.82606 ], [ -99.14494, 34.82682 ], [ -99.14428, 34.82835 ], [ -99.14516, 34.83016 ], [ -99.14683, 34.83085 ], [ -99.15002, 34.83117 ], [ -99.15205, 34.83195 ], [ -99.15324, 34.83349 ], [ -99.15341, 34.83571 ], [ -99.15155, 34.84157 ], [ -99.15046, 34.84327 ], [ -99.14663, 34.84494 ], [ -99.14432, 34.84711 ], [ -99.14457, 34.84954 ], [ -99.14727, 34.85039 ], [ -99.14943, 34.85005 ], [ -99.15402, 34.84817 ], [ -99.15915, 34.84774 ], [ -99.16494, 34.84748 ], [ -99.16894, 34.84787 ], [ -99.1713, 34.84891 ], [ -99.17149, 34.85133 ], [ -99.17313, 34.8553 ], [ -99.17508, 34.8572 ], [ -99.17799, 34.85864 ], [ -99.18191, 34.85956 ], [ -99.18711, 34.8582 ], [ -99.19066, 34.85818 ], [ -99.19316, 34.85653 ], [ -99.1935, 34.85262 ], [ -99.19305, 34.84959 ], [ -99.19175, 34.8473 ], [ -99.19222, 34.84504 ], [ -99.19322, 34.84375 ], [ -99.19844, 34.84036 ], [ -99.19972, 34.8383 ], [ -99.2015, 34.83745 ], [ -99.20397, 34.8378 ], [ -99.20917, 34.83979 ], [ -99.21125, 34.83954 ], [ -99.21333, 34.83846 ], [ -99.2148, 34.83667 ], [ -99.2143, 34.83367 ], [ -99.21164, 34.83124 ], [ -99.21103, 34.82877 ], [ -99.21205, 34.82673 ], [ -99.21458, 34.82666 ], [ -99.21716, 34.82849 ], [ -99.22072, 34.82955 ], [ -99.22628, 34.82872 ], [ -99.22814, 34.82783 ], [ -99.23083, 34.82542 ], [ -99.23149, 34.82393 ], [ -99.23188, 34.81857 ], [ -99.23349, 34.81642 ], [ -99.23574, 34.81587 ], [ -99.23866, 34.81607 ], [ -99.24124, 34.81697 ], [ -99.24299, 34.81827 ], [ -99.24646, 34.82211 ], [ -99.24758, 34.82358 ], [ -99.2485, 34.82697 ], [ -99.24972, 34.82899 ], [ -99.25236, 34.83077 ], [ -99.25547, 34.83481 ], [ -99.25608, 34.83634 ], [ -99.26086, 34.83831 ], [ -99.26622, 34.83916 ], [ -99.27013, 34.84109 ], [ -99.27408, 34.84061 ], [ -99.27591, 34.8394 ], [ -99.27794, 34.83937 ], [ -99.28116, 34.84494 ], [ -99.2816, 34.84792 ], [ -99.28224, 34.84897 ], [ -99.28633, 34.85167 ], [ -99.28791, 34.85213 ], [ -99.29475, 34.85115 ], [ -99.29644, 34.85142 ], [ -99.30269, 34.85548 ], [ -99.30497, 34.85637 ], [ -99.30622, 34.85763 ], [ -99.30797, 34.86109 ], [ -99.30975, 34.86393 ], [ -99.31092, 34.86517 ], [ -99.31101, 34.86558 ], [ -99.31117, 34.86608 ], [ -99.31528, 34.87023 ], [ -99.31728, 34.87149 ], [ -99.31717, 34.87426 ], [ -99.31817, 34.87793 ], [ -99.31772, 34.88224 ], [ -99.31586, 34.88563 ], [ -99.31097, 34.88874 ], [ -99.30644, 34.88911 ], [ -99.30063, 34.88801 ], [ -99.29743, 34.88675 ], [ -99.29517, 34.88673 ], [ -99.29247, 34.88605 ], [ -99.29094, 34.88668 ], [ -99.29152, 34.88952 ], [ -99.29255, 34.89139 ], [ -99.29282, 34.89566 ], [ -99.29379, 34.89645 ], [ -99.29728, 34.89697 ], [ -99.29846, 34.89912 ], [ -99.29811, 34.89976 ], [ -99.29622, 34.90115 ], [ -99.29117, 34.90235 ], [ -99.28952, 34.90236 ], [ -99.29047, 34.90548 ], [ -99.29268, 34.90848 ], [ -99.2937, 34.91112 ], [ -99.29565, 34.91397 ], [ -99.29727, 34.91733 ], [ -99.29681, 34.91924 ], [ -99.2978, 34.92094 ], [ -99.29839, 34.92407 ], [ -99.30033, 34.92548 ], [ -99.30285, 34.92563 ], [ -99.30537, 34.92447 ], [ -99.3095, 34.92505 ], [ -99.31296, 34.92526 ], [ -99.31529, 34.92635 ], [ -99.31538, 34.92776 ], [ -99.31019, 34.93265 ], [ -99.31091, 34.93497 ], [ -99.31501, 34.93683 ], [ -99.32078, 34.94167 ], [ -99.32292, 34.94074 ], [ -99.32458, 34.94125 ], [ -99.3281, 34.94434 ], [ -99.33082, 34.94476 ], [ -99.32891, 34.95203 ], [ -99.32975, 34.9581 ], [ -99.33125, 34.96083 ], [ -99.3325, 34.96505 ], [ -99.33433, 34.97277 ], [ -99.33558, 34.97355 ], [ -99.33801, 34.97318 ], [ -99.34155, 34.97154 ], [ -99.34408, 34.9711 ], [ -99.34506, 34.97552 ], [ -99.347, 34.97983 ], [ -99.34809, 34.98329 ], [ -99.34397, 34.98388 ], [ -99.34225, 34.98526 ], [ -99.33505, 34.98845 ], [ -99.33442, 34.99125 ], [ -99.33486, 34.994 ], [ -99.33641, 34.99762 ], [ -99.33545, 35.00006 ], [ -99.33321, 35.00726 ], [ -99.33249, 35.01028 ], [ -99.3288, 35.01183 ], [ -99.32686, 35.01559 ], [ -99.32676, 35.01891 ], [ -99.32799, 35.02132 ], [ -99.3295, 35.02256 ], [ -99.33433, 35.02254 ], [ -99.336, 35.02321 ], [ -99.33629, 35.02478 ], [ -99.33593, 35.02552 ], [ -99.33317, 35.02647 ], [ -99.32895, 35.02879 ], [ -99.32574, 35.02971 ], [ -99.32477, 35.03068 ], [ -99.32329, 35.03511 ], [ -99.32359, 35.03849 ], [ -99.32779, 35.0417 ], [ -99.32974, 35.04169 ], [ -99.33335, 35.04057 ], [ -99.33734, 35.0406 ], [ -99.34247, 35.04105 ], [ -99.34902, 35.0428 ], [ -99.3502, 35.0437 ], [ -99.34987, 35.05081 ], [ -99.35093, 35.05235 ], [ -99.35215, 35.05281 ], [ -99.35699, 35.05105 ], [ -99.36256, 35.05094 ], [ -99.36756, 35.05192 ], [ -99.36993, 35.05265 ], [ -99.37189, 35.05516 ], [ -99.3728, 35.05951 ], [ -99.37265, 35.06028 ], [ -99.36843, 35.06118 ], [ -99.36735, 35.05926 ], [ -99.36587, 35.05958 ], [ -99.36492, 35.06164 ], [ -99.3652, 35.06542 ], [ -99.36757, 35.07102 ], [ -99.36852, 35.07236 ], [ -99.36997, 35.07923 ], [ -99.36814, 35.0867 ], [ -99.36837, 35.08787 ], [ -99.37065, 35.08894 ], [ -99.37188, 35.08873 ], [ -99.37322, 35.08715 ], [ -99.37324, 35.08521 ], [ -99.37449, 35.08285 ], [ -99.37774, 35.08402 ], [ -99.37824, 35.08523 ], [ -99.37581, 35.088 ], [ -99.37568, 35.09061 ], [ -99.37648, 35.09176 ], [ -99.38032, 35.09336 ], [ -99.38224, 35.09366 ], [ -99.38545, 35.09343 ], [ -99.38614, 35.09289 ], [ -99.38559, 35.08975 ], [ -99.38679, 35.08885 ], [ -99.38843, 35.08876 ], [ -99.39431, 35.0925 ], [ -99.39818, 35.09419 ], [ -99.39835, 35.09571 ], [ -99.39732, 35.09765 ], [ -99.39832, 35.09903 ], [ -99.39996, 35.09846 ], [ -99.40138, 35.09951 ], [ -99.40072, 35.10081 ], [ -99.39798, 35.10269 ], [ -99.39765, 35.10448 ], [ -99.39845, 35.10601 ], [ -99.39938, 35.10688 ], [ -99.40205, 35.1051 ], [ -99.40473, 35.10583 ], [ -99.40559, 35.10739 ], [ -99.40353, 35.10851 ], [ -99.40422, 35.10938 ], [ -99.40693, 35.11071 ], [ -99.40804, 35.11456 ], [ -99.40929, 35.11451 ], [ -99.40928, 35.11693 ] ] ] ] } },
{ "type": "Feature", "properties": { "GEOID": "40077", "NAME": "Latimer", "ALAND": 1870249270.0 }, "geometry": { "type": "MultiPolygon", "coordinates": [ [ [ [ -95.51432, 34.72416 ], [ -95.51421, 34.75315 ], [ -95.51416, 34.76759 ], [ -95.51418, 34.83198 ], [ -95.51412, 34.84016 ], [ -95.5141, 34.85493 ], [ -95.50747, 34.85494 ], [ -95.50751, 34.87656 ], [ -95.50753, 34.89997 ], [ -95.50759, 34.94898 ], [ -95.5076, 34.95636 ], [ -95.50768, 35.00059 ], [ -95.50774, 35.02927 ], [ -95.45447, 35.02932 ], [ -95.34944, 35.0293 ], [ -95.34941, 35.05852 ], [ -95.34854, 35.05847 ], [ -95.32336, 35.05824 ], [ -95.2439, 35.05785 ], [ -95.20846, 35.05778 ], [ -95.17898, 35.05773 ], [ -95.05957, 35.05766 ], [ -94.92786, 35.05825 ], [ -94.92786, 35.05821 ], [ -94.92767, 35.02058 ], [ -94.92771, 35.01479 ], [ -94.92776, 35.00522 ], [ -94.92768, 34.97319 ], [ -94.92767, 34.97092 ], [ -94.92766, 34.94203 ], [ -94.93632, 34.94202 ], [ -94.94513, 34.94202 ], [ -94.98033, 34.94197 ], [ -94.99813, 34.94196 ], [ -94.99796, 34.93076 ], [ -94.99796, 34.92578 ], [ -94.99786, 34.8764 ], [ -94.99784, 34.86561 ], [ -94.99756, 34.86305 ], [ -94.99783, 34.85939 ], [ -94.99783, 34.85491 ], [ -95.05951, 34.85502 ], [ -95.05965, 34.83518 ], [ -95.05983, 34.79646 ], [ -95.05993, 34.76783 ], [ -95.05996, 34.75393 ], [ -95.05996, 34.75363 ], [ -95.05996, 34.75321 ], [ -95.05996, 34.73893 ], [ -95.05973, 34.69556 ], [ -95.05962, 34.68074 ], [ -95.09969, 34.68078 ], [ -95.1014, 34.68066 ], [ -95.13209, 34.68059 ], [ -95.18208, 34.68054 ], [ -95.2001, 34.68054 ], [ -95.30466, 34.68086 ], [ -95.30566, 34.68092 ], [ -95.31407, 34.68098 ], [ -95.31516, 34.68093 ], [ -95.44481, 34.68083 ], [ -95.51448, 34.68072 ], [ -95.51432, 34.72416 ] ] ] ] } },
{ "type": "Feature", "properties": { "GEOID": "40079", "NAME": "Le Flore", "ALAND": 4116561528.0 }, "geometry": { "type": "MultiPolygon", "coordinates": [ [ [ [ -95.05996, 34.75321 ], [ -95.05996, 34.75363 ], [ -95.05996, 34.75393 ], [ -95.05993, 34.76783 ], [ -95.05983, 34.79646 ], [ -95.05965, 34.83518 ], [ -95.05951, 34.85502 ], [ -94.99783, 34.85491 ], [ -94.99783, 34.85939 ], [ -94.99756, 34.86305 ], [ -94.99784, 34.86561 ], [ -94.99786, 34.8764 ], [ -94.99796, 34.92578 ], [ -94.99796, 34.93076 ], [ -94.99813, 34.94196 ], [ -94.98033, 34.94197 ], [ -94.94513, 34.94202 ], [ -94.93632, 34.94202 ], [ -94.92766, 34.94203 ], [ -94.92767, 34.97092 ], [ -94.92768, 34.97319 ], [ -94.92776, 35.00522 ], [ -94.92771, 35.01479 ], [ -94.92767, 35.02058 ], [ -94.92786, 35.05821 ], [ -94.92786, 35.05825 ], [ -94.92785, 35.15211 ], [ -94.92797, 35.15265 ], [ -94.92787, 35.15413 ], [ -94.9279, 35.18039 ], [ -94.92781, 35.18101 ], [ -94.92777, 35.20261 ], [ -94.89304, 35.2025 ], [ -94.81428, 35.20233 ], [ -94.81427, 35.21477 ], [ -94.81424, 35.24572 ], [ -94.81416, 35.26039 ], [ -94.81399, 35.31861 ], [ -94.81363, 35.32334 ], [ -94.81172, 35.32307 ], [ -94.80605, 35.32386 ], [ -94.80091, 35.32495 ], [ -94.79629, 35.32646 ], [ -94.79437, 35.32709 ], [ -94.79271, 35.32835 ], [ -94.79053, 35.33133 ], [ -94.79009, 35.33338 ], [ -94.78858, 35.33557 ], [ -94.785, 35.34219 ], [ -94.78162, 35.34715 ], [ -94.77844, 35.3509 ], [ -94.77776, 35.35137 ], [ -94.77766, 35.35144 ], [ -94.77525, 35.35318 ], [ -94.76973, 35.35532 ], [ -94.76384, 35.35569 ], [ -94.75641, 35.35681 ], [ -94.75022, 35.35697 ], [ -94.74338, 35.35601 ], [ -94.73782, 35.35465 ], [ -94.73001, 35.35195 ], [ -94.7257, 35.3497 ], [ -94.72056, 35.34593 ], [ -94.71459, 35.33969 ], [ -94.70958, 35.33599 ], [ -94.704, 35.33248 ], [ -94.70228, 35.33201 ], [ -94.69523, 35.33099 ], [ -94.69086, 35.32987 ], [ -94.68488, 35.32729 ], [ -94.68346, 35.32625 ], [ -94.68044, 35.32266 ], [ -94.67889, 35.31841 ], [ -94.67838, 35.31557 ], [ -94.67819, 35.31189 ], [ -94.67856, 35.3071 ], [ -94.67834, 35.3048 ], [ -94.6756, 35.30053 ], [ -94.6738, 35.29876 ], [ -94.6688, 35.29503 ], [ -94.66313, 35.29256 ], [ -94.65743, 35.29158 ], [ -94.65182, 35.29121 ], [ -94.64797, 35.29123 ], [ -94.64351, 35.29178 ], [ -94.63343, 35.29377 ], [ -94.6295, 35.29527 ], [ -94.62522, 35.29752 ], [ -94.62116, 35.30075 ], [ -94.61588, 35.30411 ], [ -94.61298, 35.30763 ], [ -94.60997, 35.31299 ], [ -94.60386, 35.32168 ], [ -94.59882, 35.32644 ], [ -94.5948, 35.32797 ], [ -94.58896, 35.32853 ], [ -94.58318, 35.32829 ], [ -94.57906, 35.32878 ], [ -94.57647, 35.32887 ], [ -94.56915, 35.32564 ], [ -94.5652, 35.32263 ], [ -94.56355, 35.31986 ], [ -94.559, 35.31503 ], [ -94.55463, 35.31022 ], [ -94.54765, 35.30635 ], [ -94.54273, 35.30496 ], [ -94.53846, 35.30435 ], [ -94.53353, 35.30433 ], [ -94.52865, 35.3052 ], [ -94.51913, 35.30819 ], [ -94.51696, 35.30952 ], [ -94.5152, 35.30869 ], [ -94.51522, 35.30657 ], [ -94.51117, 35.30452 ], [ -94.5057, 35.30494 ], [ -94.50413, 35.30592 ], [ -94.50109, 35.30584 ], [ -94.49831, 35.30454 ], [ -94.49624, 35.30184 ], [ -94.49456, 35.30113 ], [ -94.49144, 35.30223 ], [ -94.49018, 35.30318 ], [ -94.48533, 35.30479 ], [ -94.48237, 35.30725 ], [ -94.48115, 35.30951 ], [ -94.48206, 35.31537 ], [ -94.4833, 35.31811 ], [ -94.48774, 35.32251 ], [ -94.49201, 35.32541 ], [ -94.4948, 35.32981 ], [ -94.49474, 35.33228 ], [ -94.49438, 35.33714 ], [ -94.49477, 35.34257 ], [ -94.49235, 35.34428 ], [ -94.48905, 35.34513 ], [ -94.48637, 35.34683 ], [ -94.48246, 35.34907 ], [ -94.48154, 35.34999 ], [ -94.48052, 35.35229 ], [ -94.48327, 35.35508 ], [ -94.48586, 35.36036 ], [ -94.48669, 35.36488 ], [ -94.48622, 35.36606 ], [ -94.4836, 35.36942 ], [ -94.48178, 35.37012 ], [ -94.48003, 35.37216 ], [ -94.47691, 35.37412 ], [ -94.4728, 35.37578 ], [ -94.46684, 35.377 ], [ -94.46826, 35.3764 ], [ -94.46062, 35.37864 ], [ -94.45479, 35.3785 ], [ -94.44875, 35.37937 ], [ -94.44601, 35.3801 ], [ -94.44114, 35.38215 ], [ -94.43559, 35.38612 ], [ -94.43309, 35.3783 ], [ -94.43341, 35.37629 ], [ -94.4316, 35.36954 ], [ -94.43312, 35.36592 ], [ -94.43302, 35.36566 ], [ -94.43224, 35.36357 ], [ -94.43256, 35.35381 ], [ -94.43262, 35.35213 ], [ -94.43281, 35.34645 ], [ -94.43304, 35.33942 ], [ -94.43339, 35.32848 ], [ -94.43367, 35.31996 ], [ -94.43376, 35.3174 ], [ -94.43386, 35.31422 ], [ -94.43387, 35.31401 ], [ -94.43392, 35.31242 ], [ -94.43402, 35.30935 ], [ -94.43412, 35.30649 ], [ -94.43443, 35.30198 ], [ -94.43514, 35.29193 ], [ -94.43517, 35.29149 ], [ -94.43528, 35.28748 ], [ -94.4353, 35.28031 ], [ -94.43531, 35.27876 ], [ -94.43532, 35.27589 ], [ -94.43548, 35.27523 ], [ -94.43571, 35.27427 ], [ -94.43579, 35.27183 ], [ -94.43581, 35.2713 ], [ -94.4363, 35.25814 ], [ -94.43659, 35.25009 ], [ -94.43701, 35.24675 ], [ -94.43747, 35.24311 ], [ -94.43758, 35.2422 ], [ -94.43776, 35.23946 ], [ -94.43777, 35.23927 ], [ -94.43758, 35.23094 ], [ -94.43783, 35.22334 ], [ -94.4379, 35.22147 ], [ -94.43825, 35.21099 ], [ -94.43847, 35.20859 ], [ -94.43883, 35.20192 ], [ -94.43908, 35.1973 ], [ -94.43906, 35.19359 ], [ -94.43886, 35.18718 ], [ -94.43892, 35.18564 ], [ -94.43951, 35.17181 ], [ -94.43955, 35.16904 ], [ -94.43972, 35.16345 ], [ -94.43972, 35.16344 ], [ -94.44075, 35.12881 ], [ -94.44123, 35.11972 ], [ -94.44154, 35.1112 ], [ -94.44154, 35.1112 ], [ -94.44265, 35.08021 ], [ -94.44328, 35.06249 ], [ -94.44449, 35.02866 ], [ -94.44547, 35.00147 ], [ -94.4456, 34.99786 ], [ -94.4463, 34.97823 ], [ -94.4476, 34.94192 ], [ -94.44788, 34.93408 ], [ -94.44925, 34.89587 ], [ -94.44909, 34.89415 ], [ -94.44906, 34.89056 ], [ -94.44911, 34.88921 ], [ -94.44963, 34.87536 ], [ -94.44963, 34.87525 ], [ -94.45006, 34.86133 ], [ -94.45014, 34.85869 ], [ -94.45023, 34.85541 ], [ -94.45032, 34.85279 ], [ -94.45076, 34.84013 ], [ -94.45108, 34.8307 ], [ -94.45119, 34.8276 ], [ -94.4533, 34.76611 ], [ -94.45458, 34.72895 ], [ -94.45475, 34.72399 ], [ -94.45534, 34.70672 ], [ -94.45579, 34.69351 ], [ -94.45602, 34.68694 ], [ -94.4562, 34.68156 ], [ -94.45626, 34.68004 ], [ -94.45626, 34.67981 ], [ -94.45751, 34.64349 ], [ -94.45753, 34.64296 ], [ -94.4575, 34.63495 ], [ -94.4587, 34.59402 ], [ -94.46005, 34.54787 ], [ -94.46006, 34.54526 ], [ -94.46036, 34.53468 ], [ -94.46108, 34.50975 ], [ -94.46115, 34.50746 ], [ -94.6743, 34.50726 ], [ -94.7851, 34.50728 ], [ -94.9376, 34.5073 ], [ -94.93757, 34.53794 ], [ -94.93748, 34.53846 ], [ -94.93756, 34.59359 ], [ -94.93756, 34.59433 ], [ -94.9375, 34.6251 ], [ -94.93749, 34.6662 ], [ -94.93751, 34.66668 ], [ -94.93756, 34.68079 ], [ -95.02514, 34.6808 ], [ -95.05962, 34.68074 ], [ -95.05973, 34.69556 ], [ -95.05996, 34.73893 ], [ -95.05996, 34.75321 ] ] ] ] } },
{ "type": "Feature", "properties": { "GEOID": "40081", "NAME": "Lincoln", "ALAND": 2466629763.0 }, "geometry": { "type": "MultiPolygon", "coordinates": [ [ [ [ -97.14169, 35.47183 ], [ -97.14134, 35.49254 ], [ -97.14144, 35.55018 ], [ -97.14092, 35.5511 ], [ -97.1408, 35.56498 ], [ -97.14081, 35.56527 ], [ -97.1409, 35.57422 ], [ -97.14123, 35.57951 ], [ -97.14113, 35.60848 ], [ -97.14128, 35.60947 ], [ -97.14129, 35.61575 ], [ -97.1413, 35.63751 ], [ -97.14128, 35.64469 ], [ -97.14129, 35.65172 ], [ -97.14129, 35.65934 ], [ -97.14114, 35.68097 ], [ -97.14097, 35.70616 ], [ -97.14097, 35.70626 ], [ -97.14107, 35.7244 ], [ -97.141, 35.73166 ], [ -97.14111, 35.78215 ], [ -97.14114, 35.78918 ], [ -97.14094, 35.80384 ], [ -97.14102, 35.81092 ], [ -97.14125, 35.8319 ], [ -97.14143, 35.85451 ], [ -97.14151, 35.8691 ], [ -97.14141, 35.89851 ], [ -97.14053, 35.8985 ], [ -97.14058, 35.94199 ], [ -97.1248, 35.942 ], [ -97.1207, 35.94222 ], [ -97.01642, 35.94207 ], [ -96.96634, 35.94193 ], [ -96.96271, 35.94217 ], [ -96.94504, 35.94215 ], [ -96.94159, 35.9419 ], [ -96.92704, 35.94204 ], [ -96.92607, 35.94189 ], [ -96.91803, 35.94183 ], [ -96.90953, 35.94154 ], [ -96.90626, 35.94166 ], [ -96.87935, 35.94178 ], [ -96.87377, 35.94214 ], [ -96.86488, 35.94215 ], [ -96.82029, 35.94229 ], [ -96.78477, 35.94219 ], [ -96.76726, 35.94213 ], [ -96.75786, 35.94214 ], [ -96.73153, 35.94218 ], [ -96.6959, 35.94208 ], [ -96.67787, 35.94207 ], [ -96.66504, 35.94193 ], [ -96.66012, 35.94167 ], [ -96.65105, 35.94176 ], [ -96.64851, 35.94181 ], [ -96.64703, 35.94196 ], [ -96.64248, 35.94192 ], [ -96.63783, 35.94169 ], [ -96.63318, 35.9415 ], [ -96.61965, 35.94157 ], [ -96.6204, 35.93044 ], [ -96.62014, 35.9272 ], [ -96.62012, 35.92208 ], [ -96.61976, 35.91557 ], [ -96.62001, 35.91163 ], [ -96.61949, 35.86431 ], [ -96.61935, 35.85552 ], [ -96.61949, 35.85434 ], [ -96.61964, 35.82022 ], [ -96.61964, 35.81972 ], [ -96.61959, 35.81193 ], [ -96.61959, 35.81109 ], [ -96.61961, 35.78478 ], [ -96.61961, 35.78439 ], [ -96.61972, 35.77037 ], [ -96.6198, 35.75707 ], [ -96.62008, 35.74563 ], [ -96.62009, 35.74543 ], [ -96.62037, 35.70976 ], [ -96.62036, 35.7035 ], [ -96.62006, 35.70192 ], [ -96.62019, 35.68893 ], [ -96.62081, 35.6571 ], [ -96.62084, 35.65538 ], [ -96.62083, 35.639 ], [ -96.62107, 35.61509 ], [ -96.62169, 35.55177 ], [ -96.62188, 35.55002 ], [ -96.62167, 35.54945 ], [ -96.62198, 35.54269 ], [ -96.62278, 35.52067 ], [ -96.62373, 35.49166 ], [ -96.62468, 35.46271 ], [ -96.67284, 35.46274 ], [ -96.67446, 35.46274 ], [ -96.73582, 35.46293 ], [ -96.80656, 35.46325 ], [ -96.82389, 35.46333 ], [ -96.84161, 35.46339 ], [ -96.87695, 35.46341 ], [ -96.8785, 35.46337 ], [ -96.88582, 35.46346 ], [ -96.90325, 35.46348 ], [ -96.9297, 35.46346 ], [ -96.96516, 35.46355 ], [ -96.9737, 35.46348 ], [ -97.00056, 35.46354 ], [ -97.02689, 35.46347 ], [ -97.027, 35.46347 ], [ -97.08888, 35.46356 ], [ -97.10885, 35.46352 ], [ -97.1155, 35.4641 ], [ -97.12936, 35.46401 ], [ -97.13253, 35.46397 ], [ -97.14149, 35.46398 ], [ -97.14134, 35.46885 ], [ -97.1414, 35.46933 ], [ -97.14169, 35.47183 ] ] ] ] } },
{ "type": "Feature", "properties": { "GEOID": "40083", "NAME": "Logan", "ALAND": 1926268077.0 }, "geometry": { "type": "MultiPolygon", "coordinates": [ [ [ [ -97.67562, 36.16466 ], [ -97.62765, 36.16469 ], [ -97.62182, 36.16478 ], [ -97.5861, 36.16475 ], [ -97.53238, 36.16459 ], [ -97.49644, 36.16457 ], [ -97.46079, 36.16446 ], [ -97.35395, 36.1643 ], [ -97.35367, 36.16211 ], [ -97.35413, 36.15907 ], [ -97.35381, 36.11637 ], [ -97.3538, 36.11628 ], [ -97.3538, 36.11607 ], [ -97.3538, 36.11599 ], [ -97.3538, 36.11567 ], [ -97.3538, 36.1143 ], [ -97.35383, 36.11201 ], [ -97.3539, 36.11136 ], [ -97.35397, 36.05805 ], [ -97.35397, 36.05799 ], [ -97.35396, 36.05782 ], [ -97.35396, 36.05777 ], [ -97.35395, 36.01266 ], [ -97.35383, 36.01241 ], [ -97.35387, 35.98493 ], [ -97.35325, 35.98533 ], [ -97.34706, 35.98841 ], [ -97.33975, 35.99367 ], [ -97.33661, 35.99917 ], [ -97.33662, 36.00006 ], [ -97.33404, 36.00467 ], [ -97.3314, 36.00673 ], [ -97.32828, 36.00691 ], [ -97.32626, 36.00817 ], [ -97.32362, 36.01088 ], [ -97.31676, 36.0113 ], [ -97.31195, 36.01031 ], [ -97.30861, 36.01099 ], [ -97.30045, 36.00927 ], [ -97.2971, 36.00769 ], [ -97.2946, 36.00556 ], [ -97.28747, 35.99668 ], [ -97.28536, 35.99179 ], [ -97.28454, 35.98714 ], [ -97.28453, 35.98545 ], [ -97.28588, 35.98049 ], [ -97.28426, 35.97882 ], [ -97.28223, 35.97797 ], [ -97.27756, 35.97378 ], [ -97.27532, 35.97315 ], [ -97.2704, 35.9728 ], [ -97.26539, 35.97279 ], [ -97.26362, 35.97339 ], [ -97.25791, 35.97328 ], [ -97.25181, 35.97257 ], [ -97.24685, 35.97237 ], [ -97.24317, 35.97218 ], [ -97.23429, 35.9696 ], [ -97.23205, 35.96804 ], [ -97.22626, 35.96637 ], [ -97.22119, 35.96457 ], [ -97.21911, 35.96266 ], [ -97.21762, 35.96034 ], [ -97.21217, 35.95472 ], [ -97.20955, 35.95143 ], [ -97.20806, 35.94776 ], [ -97.20584, 35.94596 ], [ -97.20359, 35.94479 ], [ -97.1981, 35.94303 ], [ -97.19264, 35.94164 ], [ -97.18955, 35.94116 ], [ -97.18059, 35.94069 ], [ -97.17238, 35.94101 ], [ -97.16687, 35.94282 ], [ -97.16186, 35.94385 ], [ -97.15823, 35.94515 ], [ -97.15141, 35.94842 ], [ -97.14411, 35.95312 ], [ -97.14289, 35.95422 ], [ -97.14046, 35.95906 ], [ -97.14058, 35.94199 ], [ -97.14053, 35.8985 ], [ -97.14141, 35.89851 ], [ -97.14151, 35.8691 ], [ -97.14143, 35.85451 ], [ -97.14125, 35.8319 ], [ -97.14102, 35.81092 ], [ -97.14094, 35.80384 ], [ -97.14114, 35.78918 ], [ -97.14111, 35.78215 ], [ -97.141, 35.73166 ], [ -97.14107, 35.7244 ], [ -97.21076, 35.72472 ], [ -97.21201, 35.72478 ], [ -97.22081, 35.72492 ], [ -97.22438, 35.72479 ], [ -97.24713, 35.72487 ], [ -97.24714, 35.7248 ], [ -97.24819, 35.72489 ], [ -97.30064, 35.72512 ], [ -97.31788, 35.72511 ], [ -97.31845, 35.72521 ], [ -97.33632, 35.72522 ], [ -97.35521, 35.72536 ], [ -97.35967, 35.72534 ], [ -97.37158, 35.72529 ], [ -97.38948, 35.72527 ], [ -97.41303, 35.72529 ], [ -97.41616, 35.72503 ], [ -97.41937, 35.72525 ], [ -97.44306, 35.72528 ], [ -97.45195, 35.72531 ], [ -97.46051, 35.72534 ], [ -97.47836, 35.72537 ], [ -97.48371, 35.72541 ], [ -97.49544, 35.72546 ], [ -97.49622, 35.72547 ], [ -97.51405, 35.72556 ], [ -97.51995, 35.72559 ], [ -97.53186, 35.72565 ], [ -97.54967, 35.72576 ], [ -97.56716, 35.72582 ], [ -97.58466, 35.72579 ], [ -97.62063, 35.72587 ], [ -97.63847, 35.72591 ], [ -97.6651, 35.72596 ], [ -97.67403, 35.72597 ], [ -97.6741, 35.7839 ], [ -97.67412, 35.79385 ], [ -97.67414, 35.79843 ], [ -97.67415, 35.80573 ], [ -97.67422, 35.82052 ], [ -97.67435, 35.84224 ], [ -97.67439, 35.86043 ], [ -97.67439, 35.86101 ], [ -97.67451, 35.87116 ], [ -97.67453, 35.8985 ], [ -97.67541, 35.8985 ], [ -97.67568, 35.95657 ], [ -97.67569, 36.00018 ], [ -97.67568, 36.04377 ], [ -97.67563, 36.04402 ], [ -97.67556, 36.07266 ], [ -97.67553, 36.07278 ], [ -97.67573, 36.14992 ], [ -97.67562, 36.16466 ] ] ] ] } },
{ "type": "Feature", "properties": { "GEOID": "40085", "NAME": "Love", "ALAND": 1331031195.0 }, "geometry": { "type": "MultiPolygon", "coordinates": [ [ [ [ -97.56074, 33.98396 ], [ -97.53682, 33.98388 ], [ -97.53753, 33.98653 ], [ -97.5394, 33.98516 ], [ -97.5413, 33.98532 ], [ -97.54036, 33.98681 ], [ -97.54149, 33.98853 ], [ -97.54223, 33.98798 ], [ -97.54284, 33.98583 ], [ -97.54465, 33.9866 ], [ -97.54515, 33.98759 ], [ -97.5471, 33.98798 ], [ -97.54583, 33.9894 ], [ -97.54693, 33.9905 ], [ -97.54759, 33.99173 ], [ -97.54905, 33.99109 ], [ -97.55106, 33.99194 ], [ -97.54924, 33.99377 ], [ -97.5496, 33.99471 ], [ -97.55078, 33.99425 ], [ -97.55081, 33.99531 ], [ -97.55194, 33.9959 ], [ -97.5518, 33.99778 ], [ -97.55485, 33.99826 ], [ -97.55521, 33.99888 ], [ -97.5537, 34.00043 ], [ -97.55172, 34.001 ], [ -97.55375, 34.00272 ], [ -97.55642, 34.00199 ], [ -97.56087, 34.00298 ], [ -97.56076, 34.07115 ], [ -97.47407, 34.07115 ], [ -97.46651, 34.07119 ], [ -97.42204, 34.07119 ], [ -97.37012, 34.07115 ], [ -97.36971, 34.07108 ], [ -97.29418, 34.07108 ], [ -97.2651, 34.07106 ], [ -97.23848, 34.07105 ], [ -97.22979, 34.07104 ], [ -97.16713, 34.07099 ], [ -97.15019, 34.07099 ], [ -97.14946, 34.07099 ], [ -97.08773, 34.07096 ], [ -97.06392, 34.07095 ], [ -97.05551, 34.07095 ], [ -97.05276, 34.07077 ], [ -97.0515, 34.07087 ], [ -96.96963, 34.07102 ], [ -96.96974, 34.01295 ], [ -96.93483, 34.01293 ], [ -96.93482, 33.98398 ], [ -96.93479, 33.95436 ], [ -96.94461, 33.94922 ], [ -96.95231, 33.94458 ], [ -96.97254, 33.93579 ], [ -96.97381, 33.9357 ], [ -96.97696, 33.93745 ], [ -96.97982, 33.94159 ], [ -96.98103, 33.94916 ], [ -96.98068, 33.95181 ], [ -96.97935, 33.95513 ], [ -96.97942, 33.95618 ], [ -96.98134, 33.95638 ], [ -96.98789, 33.95467 ], [ -96.99084, 33.9527 ], [ -96.99429, 33.94921 ], [ -96.99537, 33.9473 ], [ -96.99618, 33.94173 ], [ -96.99502, 33.93203 ], [ -96.994, 33.92898 ], [ -96.98874, 33.91847 ], [ -96.98494, 33.90487 ], [ -96.98383, 33.89095 ], [ -96.98804, 33.88601 ], [ -96.9919, 33.87962 ], [ -96.99709, 33.87102 ], [ -97.00986, 33.85976 ], [ -97.02144, 33.84638 ], [ -97.02905, 33.84283 ], [ -97.03886, 33.83826 ], [ -97.04125, 33.83776 ], [ -97.04613, 33.83956 ], [ -97.05095, 33.84657 ], [ -97.05584, 33.85574 ], [ -97.05983, 33.8584 ], [ -97.06807, 33.86046 ], [ -97.07562, 33.85866 ], [ -97.08672, 33.85368 ], [ -97.08725, 33.85345 ], [ -97.08946, 33.84985 ], [ -97.09048, 33.84484 ], [ -97.08773, 33.84196 ], [ -97.08345, 33.84046 ], [ -97.06949, 33.83941 ], [ -97.05834, 33.83676 ], [ -97.05302, 33.83388 ], [ -97.04932, 33.82979 ], [ -97.04815, 33.81746 ], [ -97.05269, 33.81676 ], [ -97.05493, 33.81641 ], [ -97.06263, 33.81608 ], [ -97.06798, 33.81448 ], [ -97.07859, 33.81276 ], [ -97.088, 33.80875 ], [ -97.09211, 33.8041 ], [ -97.09477, 33.79853 ], [ -97.09524, 33.79414 ], [ -97.09392, 33.78905 ], [ -97.08785, 33.7741 ], [ -97.08522, 33.76551 ], [ -97.08461, 33.75999 ], [ -97.08469, 33.75315 ], [ -97.08596, 33.74535 ], [ -97.0862, 33.74393 ], [ -97.09107, 33.73512 ], [ -97.09409, 33.73099 ], [ -97.09715, 33.72781 ], [ -97.10045, 33.72548 ], [ -97.10452, 33.72261 ], [ -97.10894, 33.72029 ], [ -97.11326, 33.7188 ], [ -97.1211, 33.71717 ], [ -97.1261, 33.71694 ], [ -97.13753, 33.71866 ], [ -97.14939, 33.72197 ], [ -97.15507, 33.72444 ], [ -97.16281, 33.72912 ], [ -97.16315, 33.72932 ], [ -97.17219, 33.73754 ], [ -97.18184, 33.75587 ], [ -97.18533, 33.7555 ], [ -97.19282, 33.76117 ], [ -97.18772, 33.76983 ], [ -97.19081, 33.78177 ], [ -97.20049, 33.7932 ], [ -97.2057, 33.80291 ], [ -97.20494, 33.81523 ], [ -97.20351, 33.82182 ], [ -97.1997, 33.82732 ], [ -97.19369, 33.83131 ], [ -97.18625, 33.83089 ], [ -97.18137, 33.83138 ], [ -97.17163, 33.83534 ], [ -97.16682, 33.8404 ], [ -97.16663, 33.84731 ], [ -97.17255, 33.8678 ], [ -97.17961, 33.89225 ], [ -97.18085, 33.8952 ], [ -97.18149, 33.89597 ], [ -97.18546, 33.9007 ], [ -97.18985, 33.90359 ], [ -97.20614, 33.91428 ], [ -97.21092, 33.91606 ], [ -97.22652, 33.91464 ], [ -97.24209, 33.90628 ], [ -97.24398, 33.90417 ], [ -97.24495, 33.90309 ], [ -97.24618, 33.90034 ], [ -97.24921, 33.8751 ], [ -97.25423, 33.86532 ], [ -97.25662, 33.86329 ], [ -97.26509, 33.86241 ], [ -97.27031, 33.85822 ], [ -97.27561, 33.85817 ], [ -97.27535, 33.86322 ], [ -97.27911, 33.86456 ], [ -97.28598, 33.86853 ], [ -97.29423, 33.87641 ], [ -97.30557, 33.88643 ], [ -97.31014, 33.88853 ], [ -97.30985, 33.883 ], [ -97.30995, 33.87445 ], [ -97.31441, 33.86699 ], [ -97.31504, 33.86669 ], [ -97.31824, 33.86512 ], [ -97.32395, 33.85899 ], [ -97.32873, 33.85543 ], [ -97.32982, 33.85577 ], [ -97.33462, 33.85723 ], [ -97.33338, 33.86415 ], [ -97.32345, 33.87846 ], [ -97.32581, 33.88389 ], [ -97.33246, 33.88425 ], [ -97.33591, 33.87917 ], [ -97.3392, 33.86206 ], [ -97.34834, 33.84388 ], [ -97.35851, 33.83002 ], [ -97.36551, 33.82376 ], [ -97.37294, 33.81945 ], [ -97.40333, 33.81896 ], [ -97.41039, 33.81885 ], [ -97.42649, 33.8194 ], [ -97.44419, 33.82377 ], [ -97.45306, 33.82854 ], [ -97.45907, 33.83458 ], [ -97.46286, 33.84177 ], [ -97.46149, 33.84956 ], [ -97.45762, 33.85513 ], [ -97.45147, 33.87093 ], [ -97.45095, 33.8914 ], [ -97.45807, 33.90163 ], [ -97.46038, 33.90395 ], [ -97.46113, 33.90432 ], [ -97.48404, 33.91576 ], [ -97.4865, 33.91699 ], [ -97.49486, 33.91926 ], [ -97.50096, 33.91964 ], [ -97.50993, 33.91669 ], [ -97.51744, 33.91421 ], [ -97.51917, 33.91364 ], [ -97.52528, 33.91175 ], [ -97.53272, 33.90658 ], [ -97.54325, 33.90129 ], [ -97.55154, 33.89795 ], [ -97.555, 33.89728 ], [ -97.55827, 33.8971 ], [ -97.55992, 33.8976 ], [ -97.56055, 33.89934 ], [ -97.5609, 33.89959 ], [ -97.56074, 33.98396 ] ] ] ] } },
{ "type": "Feature", "properties": { "GEOID": "40093", "NAME": "Major", "ALAND": 2473438558.0 }, "geometry": { "type": "MultiPolygon", "coordinates": [ [ [ [ -98.96089, 36.34794 ], [ -98.96086, 36.36161 ], [ -98.96062, 36.36244 ], [ -98.96054, 36.39116 ], [ -98.96077, 36.39384 ], [ -98.96071, 36.42029 ], [ -98.96054, 36.49249 ], [ -98.96053, 36.49594 ], [ -98.96033, 36.50691 ], [ -98.8437, 36.50632 ], [ -98.83847, 36.50003 ], [ -98.83819, 36.49925 ], [ -98.8337, 36.49106 ], [ -98.82913, 36.48416 ], [ -98.82319, 36.47763 ], [ -98.81946, 36.471 ], [ -98.80782, 36.46074 ], [ -98.80275, 36.4588 ], [ -98.79247, 36.45326 ], [ -98.78534, 36.45055 ], [ -98.7777, 36.44844 ], [ -98.76446, 36.44667 ], [ -98.75651, 36.44746 ], [ -98.75037, 36.44834 ], [ -98.74334, 36.44862 ], [ -98.73664, 36.44753 ], [ -98.72681, 36.44533 ], [ -98.72304, 36.44267 ], [ -98.71854, 36.4375 ], [ -98.70922, 36.42196 ], [ -98.70492, 36.419 ], [ -98.69949, 36.41601 ], [ -98.69387, 36.41409 ], [ -98.6934, 36.41393 ], [ -98.68747, 36.41203 ], [ -98.68055, 36.41042 ], [ -98.66917, 36.40673 ], [ -98.66546, 36.40528 ], [ -98.66278, 36.40457 ], [ -98.64427, 36.39717 ], [ -98.62536, 36.3926 ], [ -98.6222, 36.39236 ], [ -98.61688, 36.39238 ], [ -98.60281, 36.39085 ], [ -98.59982, 36.39109 ], [ -98.59345, 36.39203 ], [ -98.58688, 36.39372 ], [ -98.58166, 36.39552 ], [ -98.57607, 36.39654 ], [ -98.57333, 36.39778 ], [ -98.56403, 36.40018 ], [ -98.55975, 36.40191 ], [ -98.55254, 36.40232 ], [ -98.5473, 36.40079 ], [ -98.54449, 36.40096 ], [ -98.53366, 36.39787 ], [ -98.53362, 36.46323 ], [ -98.37246, 36.46318 ], [ -98.3632, 36.46323 ], [ -98.28321, 36.46333 ], [ -98.24745, 36.46335 ], [ -98.22044, 36.46338 ], [ -98.16689, 36.4632 ], [ -98.16641, 36.4632 ], [ -98.1502, 36.46318 ], [ -98.12202, 36.46319 ], [ -98.11354, 36.46314 ], [ -98.10443, 36.4631 ], [ -98.10445, 36.4595 ], [ -98.10443, 36.45567 ], [ -98.10449, 36.44136 ], [ -98.10452, 36.41969 ], [ -98.10451, 36.37629 ], [ -98.10448, 36.34728 ], [ -98.10444, 36.33977 ], [ -98.10448, 36.31828 ], [ -98.10445, 36.29651 ], [ -98.10442, 36.27486 ], [ -98.10443, 36.26759 ], [ -98.10443, 36.26037 ], [ -98.10457, 36.24592 ], [ -98.10373, 36.24592 ], [ -98.10392, 36.17359 ], [ -98.1039, 36.16488 ], [ -98.12181, 36.16479 ], [ -98.12535, 36.16492 ], [ -98.13971, 36.1648 ], [ -98.14858, 36.16472 ], [ -98.14865, 36.16472 ], [ -98.15233, 36.1649 ], [ -98.16685, 36.16477 ], [ -98.17531, 36.16478 ], [ -98.2104, 36.16489 ], [ -98.23032, 36.16495 ], [ -98.31724, 36.16488 ], [ -98.35302, 36.16491 ], [ -98.37102, 36.16493 ], [ -98.37976, 36.1649 ], [ -98.3887, 36.1649 ], [ -98.43266, 36.16491 ], [ -98.44159, 36.16493 ], [ -98.47716, 36.16494 ], [ -98.61907, 36.16537 ], [ -98.6369, 36.16489 ], [ -98.66333, 36.16455 ], [ -98.72578, 36.16326 ], [ -98.72618, 36.1633 ], [ -98.72645, 36.16324 ], [ -98.89476, 36.16122 ], [ -98.92044, 36.16127 ], [ -98.92307, 36.16127 ], [ -98.92513, 36.16129 ], [ -98.92958, 36.16132 ], [ -98.93752, 36.16137 ], [ -98.93846, 36.16137 ], [ -98.95585, 36.16158 ], [ -98.95585, 36.16598 ], [ -98.95586, 36.17138 ], [ -98.95589, 36.18833 ], [ -98.95596, 36.2309 ], [ -98.95594, 36.24675 ], [ -98.96057, 36.2467 ], [ -98.96077, 36.30465 ], [ -98.96072, 36.31908 ], [ -98.96087, 36.31975 ], [ -98.96089, 36.34794 ] ] ] ] } },
{ "type": "Feature", "properties": { "GEOID": "40095", "NAME": "Marshall", "ALAND": 962153977.0 }, "geometry": { "type": "MultiPolygon", "coordinates": [ [ [ [ -96.96963, 34.07102 ], [ -96.96807, 34.071 ], [ -96.96822, 34.09999 ], [ -96.9683, 34.10094 ], [ -96.96839, 34.11187 ], [ -96.96828, 34.1145 ], [ -96.96842, 34.17268 ], [ -96.9335, 34.17275 ], [ -96.88954, 34.17247 ], [ -96.88779, 34.17237 ], [ -96.88708, 34.17254 ], [ -96.8456, 34.17257 ], [ -96.83772, 34.17255 ], [ -96.75235, 34.17255 ], [ -96.71324, 34.17255 ], [ -96.66996, 34.17252 ], [ -96.66971, 34.1691 ], [ -96.66775, 34.16676 ], [ -96.66548, 34.16881 ], [ -96.66329, 34.16788 ], [ -96.66186, 34.16569 ], [ -96.6597, 34.16378 ], [ -96.65614, 34.16119 ], [ -96.65373, 34.1614 ], [ -96.64945, 34.16278 ], [ -96.64338, 34.16807 ], [ -96.6419, 34.16824 ], [ -96.6386, 34.1681 ], [ -96.63638, 34.16588 ], [ -96.63676, 34.16443 ], [ -96.64031, 34.16295 ], [ -96.64148, 34.15972 ], [ -96.64116, 34.1584 ], [ -96.63763, 34.15651 ], [ -96.63527, 34.15643 ], [ -96.63227, 34.15465 ], [ -96.62864, 34.1537 ], [ -96.62728, 34.15463 ], [ -96.62739, 34.1577 ], [ -96.62528, 34.16053 ], [ -96.62198, 34.16224 ], [ -96.62078, 34.16204 ], [ -96.61978, 34.16119 ], [ -96.61945, 34.15711 ], [ -96.62017, 34.15536 ], [ -96.61919, 34.15404 ], [ -96.61313, 34.15198 ], [ -96.61107, 34.14841 ], [ -96.60978, 34.14689 ], [ -96.60779, 34.14618 ], [ -96.6092, 34.14424 ], [ -96.61278, 34.14441 ], [ -96.6138, 34.14198 ], [ -96.61327, 34.14138 ], [ -96.61064, 34.13977 ], [ -96.60682, 34.13987 ], [ -96.60553, 34.14122 ], [ -96.60497, 34.14456 ], [ -96.603, 34.14563 ], [ -96.60032, 34.14328 ], [ -96.59869, 34.1404 ], [ -96.60083, 34.13796 ], [ -96.60088, 34.13558 ], [ -96.59909, 34.13391 ], [ -96.59475, 34.13143 ], [ -96.59079, 34.12804 ], [ -96.58857, 34.12674 ], [ -96.58457, 34.12685 ], [ -96.58225, 34.12533 ], [ -96.58179, 34.12143 ], [ -96.58205, 34.1191 ], [ -96.58309, 34.11783 ], [ -96.58685, 34.11802 ], [ -96.58705, 34.11738 ], [ -96.58536, 34.11446 ], [ -96.58495, 34.1127 ], [ -96.58368, 34.11119 ], [ -96.58017, 34.11063 ], [ -96.57933, 34.11006 ], [ -96.57913, 34.108 ], [ -96.58203, 34.10591 ], [ -96.58139, 34.10481 ], [ -96.57398, 34.09788 ], [ -96.57166, 34.0967 ], [ -96.57012, 34.09495 ], [ -96.56902, 34.09192 ], [ -96.56747, 34.09025 ], [ -96.56572, 34.08969 ], [ -96.56576, 34.08843 ], [ -96.56892, 34.08603 ], [ -96.5686, 34.08478 ], [ -96.56544, 34.08322 ], [ -96.56474, 34.08209 ], [ -96.56061, 34.08127 ], [ -96.55757, 34.08166 ], [ -96.55589, 34.08118 ], [ -96.55605, 34.07888 ], [ -96.55699, 34.07809 ], [ -96.55875, 34.07815 ], [ -96.56131, 34.07948 ], [ -96.56404, 34.07903 ], [ -96.56428, 34.07716 ], [ -96.56034, 34.07344 ], [ -96.55589, 34.07387 ], [ -96.55075, 34.07175 ], [ -96.55072, 34.06993 ], [ -96.54873, 34.06813 ], [ -96.54918, 34.06625 ], [ -96.54779, 34.06492 ], [ -96.54764, 34.06365 ], [ -96.55285, 34.06005 ], [ -96.55598, 34.05633 ], [ -96.5565, 34.05273 ], [ -96.55801, 34.05046 ], [ -96.5615, 34.04869 ], [ -96.56476, 34.04806 ], [ -96.56758, 34.04795 ], [ -96.56867, 34.04709 ], [ -96.56958, 34.04374 ], [ -96.57155, 34.04252 ], [ -96.5745, 34.042 ], [ -96.57619, 34.04268 ], [ -96.57648, 34.04348 ], [ -96.57607, 34.04424 ], [ -96.57212, 34.04733 ], [ -96.57132, 34.04927 ], [ -96.57305, 34.05044 ], [ -96.57602, 34.04957 ], [ -96.57784, 34.04857 ], [ -96.57867, 34.04677 ], [ -96.57857, 34.04503 ], [ -96.57449, 34.03797 ], [ -96.57433, 34.03696 ], [ -96.57636, 34.0338 ], [ -96.57998, 34.03387 ], [ -96.57999, 34.0312 ], [ -96.57895, 34.02985 ], [ -96.57744, 34.02965 ], [ -96.5742, 34.03045 ], [ -96.57311, 34.03018 ], [ -96.57302, 34.02862 ], [ -96.57538, 34.02556 ], [ -96.5789, 34.02354 ], [ -96.57958, 34.02261 ], [ -96.57917, 34.02094 ], [ -96.57789, 34.02028 ], [ -96.57365, 34.02099 ], [ -96.57332, 34.01961 ], [ -96.5741, 34.01668 ], [ -96.57895, 34.00914 ], [ -96.58179, 34.00819 ], [ -96.58295, 34.00688 ], [ -96.5849, 34.0073 ], [ -96.58703, 34.00856 ], [ -96.59003, 34.01131 ], [ -96.59108, 34.01555 ], [ -96.59342, 34.01673 ], [ -96.59512, 34.01633 ], [ -96.59916, 34.01462 ], [ -96.60234, 34.01419 ], [ -96.60356, 34.01309 ], [ -96.60409, 34.0115 ], [ -96.60359, 34.00948 ], [ -96.60429, 34.00787 ], [ -96.60722, 34.00793 ], [ -96.61229, 34.00932 ], [ -96.61418, 34.00941 ], [ -96.61699, 34.01021 ], [ -96.61814, 34.0099 ], [ -96.62094, 34.00553 ], [ -96.62242, 34.00672 ], [ -96.62336, 34.00949 ], [ -96.6248, 34.00972 ], [ -96.62488, 34.00757 ], [ -96.62475, 34.00542 ], [ -96.6233, 34.00242 ], [ -96.62127, 34.00102 ], [ -96.61994, 33.99945 ], [ -96.61432, 33.99702 ], [ -96.61308, 33.99423 ], [ -96.61337, 33.9924 ], [ -96.61564, 33.99213 ], [ -96.61564, 33.99073 ], [ -96.61272, 33.98985 ], [ -96.61064, 33.98823 ], [ -96.60888, 33.98751 ], [ -96.60371, 33.98872 ], [ -96.60276, 33.98794 ], [ -96.60398, 33.98535 ], [ -96.6066, 33.9845 ], [ -96.60735, 33.98324 ], [ -96.60679, 33.98194 ], [ -96.60502, 33.98051 ], [ -96.60237, 33.97964 ], [ -96.60037, 33.97943 ], [ -96.59983, 33.97652 ], [ -96.59828, 33.9749 ], [ -96.59366, 33.97409 ], [ -96.59434, 33.97244 ], [ -96.59365, 33.97101 ], [ -96.58898, 33.97016 ], [ -96.58707, 33.97156 ], [ -96.58587, 33.97466 ], [ -96.58469, 33.97093 ], [ -96.5852, 33.96736 ], [ -96.58436, 33.9665 ], [ -96.57701, 33.96441 ], [ -96.57619, 33.96388 ], [ -96.57593, 33.96253 ], [ -96.57637, 33.96081 ], [ -96.57657, 33.96047 ], [ -96.5778, 33.95845 ], [ -96.58188, 33.95494 ], [ -96.58538, 33.95488 ], [ -96.58593, 33.95388 ], [ -96.58435, 33.95042 ], [ -96.5879, 33.94801 ], [ -96.59091, 33.95119 ], [ -96.59306, 33.95092 ], [ -96.59394, 33.94734 ], [ -96.59646, 33.94567 ], [ -96.59582, 33.94405 ], [ -96.59221, 33.94052 ], [ -96.59079, 33.93733 ], [ -96.59093, 33.93594 ], [ -96.59316, 33.93296 ], [ -96.58955, 33.92788 ], [ -96.58828, 33.9267 ], [ -96.58401, 33.92535 ], [ -96.58103, 33.92502 ], [ -96.58059, 33.92331 ], [ -96.58157, 33.92029 ], [ -96.58456, 33.91859 ], [ -96.5874, 33.91887 ], [ -96.5904, 33.91976 ], [ -96.59091, 33.91923 ], [ -96.59098, 33.91855 ], [ -96.58695, 33.91567 ], [ -96.58249, 33.91624 ], [ -96.58095, 33.91542 ], [ -96.58174, 33.9099 ], [ -96.58253, 33.9083 ], [ -96.58498, 33.90671 ], [ -96.58874, 33.90532 ], [ -96.59111, 33.90322 ], [ -96.59099, 33.90199 ], [ -96.58713, 33.89698 ], [ -96.58852, 33.89488 ], [ -96.59295, 33.89562 ], [ -96.60756, 33.89473 ], [ -96.62622, 33.8945 ], [ -96.62829, 33.89448 ], [ -96.63012, 33.89542 ], [ -96.63946, 33.90249 ], [ -96.64405, 33.90596 ], [ -96.64595, 33.90725 ], [ -96.6599, 33.91667 ], [ -96.66441, 33.91727 ], [ -96.66719, 33.91694 ], [ -96.67062, 33.91491 ], [ -96.67345, 33.91228 ], [ -96.67531, 33.90911 ], [ -96.6783, 33.90227 ], [ -96.68095, 33.8962 ], [ -96.68346, 33.88422 ], [ -96.68309, 33.88213 ], [ -96.6821, 33.87665 ], [ -96.68221, 33.87388 ], [ -96.68473, 33.8629 ], [ -96.68819, 33.85461 ], [ -96.69071, 33.84996 ], [ -96.69191, 33.84847 ], [ -96.6931, 33.84701 ], [ -96.69957, 33.83905 ], [ -96.7022, 33.83688 ], [ -96.70446, 33.83502 ], [ -96.70813, 33.83306 ], [ -96.71242, 33.83163 ], [ -96.74604, 33.8257 ], [ -96.75404, 33.82466 ], [ -96.76159, 33.82441 ], [ -96.76623, 33.82546 ], [ -96.76794, 33.82655 ], [ -96.76938, 33.82748 ], [ -96.77068, 33.82962 ], [ -96.77162, 33.83153 ], [ -96.77677, 33.84198 ], [ -96.7772, 33.84816 ], [ -96.77959, 33.85794 ], [ -96.78057, 33.8601 ], [ -96.78348, 33.86353 ], [ -96.78686, 33.86521 ], [ -96.78889, 33.86622 ], [ -96.79428, 33.86889 ], [ -96.79839, 33.86972 ], [ -96.81278, 33.87265 ], [ -96.83216, 33.87483 ], [ -96.83389, 33.87368 ], [ -96.83741, 33.87135 ], [ -96.83978, 33.8684 ], [ -96.84082, 33.86364 ], [ -96.84159, 33.85289 ], [ -96.8459, 33.84898 ], [ -96.85059, 33.84721 ], [ -96.85609, 33.84749 ], [ -96.86644, 33.85315 ], [ -96.87528, 33.86051 ], [ -96.88301, 33.86802 ], [ -96.89269, 33.88962 ], [ -96.89573, 33.89641 ], [ -96.89719, 33.90295 ], [ -96.89647, 33.91332 ], [ -96.89944, 33.93373 ], [ -96.90243, 33.94202 ], [ -96.90525, 33.94722 ], [ -96.90739, 33.95002 ], [ -96.91008, 33.95271 ], [ -96.91134, 33.95396 ], [ -96.9163, 33.9578 ], [ -96.91862, 33.95893 ], [ -96.92211, 33.95958 ], [ -96.92427, 33.95916 ], [ -96.93225, 33.95569 ], [ -96.93479, 33.95436 ], [ -96.93482, 33.98398 ], [ -96.93483, 34.01293 ], [ -96.96974, 34.01295 ], [ -96.96963, 34.07102 ] ] ] ] } },
{ "type": "Feature", "properties": { "GEOID": "40097", "NAME": "Mayes", "ALAND": 1697286680.0 }, "geometry": { "type": "MultiPolygon", "coordinates": [ [ [ [ -95.44002, 36.20597 ], [ -95.43991, 36.20622 ], [ -95.43943, 36.22057 ], [ -95.43895, 36.2349 ], [ -95.43846, 36.24932 ], [ -95.43552, 36.24932 ], [ -95.43552, 36.25614 ], [ -95.43552, 36.26381 ], [ -95.43552, 36.27833 ], [ -95.43552, 36.28544 ], [ -95.43553, 36.29283 ], [ -95.43553, 36.29441 ], [ -95.43554, 36.33632 ], [ -95.43555, 36.34618 ], [ -95.43555, 36.34658 ], [ -95.43554, 36.37247 ], [ -95.43555, 36.37722 ], [ -95.43431, 36.37984 ], [ -95.43459, 36.38042 ], [ -95.4355, 36.38239 ], [ -95.43562, 36.39059 ], [ -95.43556, 36.39421 ], [ -95.43557, 36.40854 ], [ -95.43558, 36.42319 ], [ -95.43557, 36.45219 ], [ -95.4356, 36.4667 ], [ -95.43562, 36.49569 ], [ -95.43561, 36.51016 ], [ -95.42001, 36.5102 ], [ -95.36569, 36.5102 ], [ -95.36447, 36.51008 ], [ -95.36359, 36.5102 ], [ -95.35605, 36.51022 ], [ -95.32817, 36.51024 ], [ -95.29212, 36.51028 ], [ -95.27416, 36.5103 ], [ -95.27377, 36.51038 ], [ -95.23391, 36.51037 ], [ -95.14516, 36.51052 ], [ -95.11292, 36.51052 ], [ -95.11192, 36.51062 ], [ -95.10378, 36.51056 ], [ -95.07767, 36.51031 ], [ -95.07756, 36.51031 ], [ -95.05957, 36.51022 ], [ -95.05751, 36.51021 ], [ -95.04162, 36.51013 ], [ -95.03263, 36.51011 ], [ -95.02362, 36.51006 ], [ -95.0211, 36.50996 ], [ -95.00603, 36.50982 ], [ -95.00573, 36.50989 ], [ -95.00547, 36.50153 ], [ -95.00578, 36.50015 ], [ -95.00572, 36.49193 ], [ -95.00572, 36.49177 ], [ -95.00576, 36.47696 ], [ -95.00578, 36.46179 ], [ -95.00553, 36.46113 ], [ -95.00562, 36.43737 ], [ -95.00574, 36.41598 ], [ -95.00573, 36.41231 ], [ -95.00545, 36.40611 ], [ -95.00544, 36.40142 ], [ -95.00544, 36.39428 ], [ -95.00554, 36.36474 ], [ -95.00562, 36.34756 ], [ -95.00563, 36.33837 ], [ -95.00573, 36.30737 ], [ -95.00588, 36.29291 ], [ -95.00566, 36.26485 ], [ -95.00565, 36.26385 ], [ -95.00554, 36.24871 ], [ -95.01017, 36.24882 ], [ -95.01073, 36.23437 ], [ -95.01073, 36.23436 ], [ -95.01132, 36.2193 ], [ -95.01131, 36.21316 ], [ -95.01129, 36.19059 ], [ -95.0113, 36.17652 ], [ -95.01127, 36.16575 ], [ -95.01101, 36.16291 ], [ -95.01133, 36.16176 ], [ -95.02886, 36.16174 ], [ -95.05809, 36.16172 ], [ -95.05916, 36.16151 ], [ -95.06481, 36.16159 ], [ -95.09154, 36.16159 ], [ -95.09715, 36.16149 ], [ -95.1185, 36.16163 ], [ -95.1184, 36.13398 ], [ -95.1184, 36.13301 ], [ -95.11841, 36.10356 ], [ -95.11839, 36.09632 ], [ -95.11838, 36.07454 ], [ -95.13416, 36.07458 ], [ -95.17198, 36.07464 ], [ -95.18995, 36.07468 ], [ -95.20794, 36.07477 ], [ -95.23582, 36.07483 ], [ -95.23855, 36.07472 ], [ -95.25543, 36.07484 ], [ -95.29007, 36.07507 ], [ -95.2936, 36.07562 ], [ -95.29479, 36.07514 ], [ -95.29758, 36.07513 ], [ -95.30045, 36.07557 ], [ -95.30375, 36.07518 ], [ -95.33282, 36.07533 ], [ -95.36448, 36.07529 ], [ -95.38648, 36.07528 ], [ -95.3875, 36.07538 ], [ -95.43067, 36.07529 ], [ -95.43997, 36.07527 ], [ -95.43998, 36.12603 ], [ -95.43997, 36.16239 ], [ -95.43998, 36.19142 ], [ -95.44002, 36.20597 ] ] ] ] } },
{ "type": "Feature", "properties": { "GEOID": "40087", "NAME": "McClain", "ALAND": 1478151608.0 }, "geometry": { "type": "MultiPolygon", "coordinates": [ [ [ [ -97.67141, 35.33747 ], [ -97.66941, 35.33674 ], [ -97.66296, 35.33662 ], [ -97.65653, 35.33515 ], [ -97.65472, 35.33445 ], [ -97.65254, 35.33338 ], [ -97.64998, 35.33132 ], [ -97.64682, 35.32938 ], [ -97.64236, 35.32599 ], [ -97.6381, 35.32113 ], [ -97.63152, 35.31693 ], [ -97.62741, 35.31463 ], [ -97.62529, 35.3125 ], [ -97.62407, 35.31195 ], [ -97.61998, 35.30695 ], [ -97.6178, 35.30521 ], [ -97.60291, 35.30352 ], [ -97.59901, 35.30335 ], [ -97.59883, 35.30335 ], [ -97.58136, 35.30246 ], [ -97.579, 35.30182 ], [ -97.57664, 35.30089 ], [ -97.5607, 35.29207 ], [ -97.55932, 35.29073 ], [ -97.55699, 35.28844 ], [ -97.55638, 35.28276 ], [ -97.55607, 35.27633 ], [ -97.55478, 35.26198 ], [ -97.55771, 35.25853 ], [ -97.56101, 35.25633 ], [ -97.56358, 35.25402 ], [ -97.56427, 35.25177 ], [ -97.56392, 35.25007 ], [ -97.55819, 35.24982 ], [ -97.55886, 35.24811 ], [ -97.56485, 35.24872 ], [ -97.56648, 35.24744 ], [ -97.5634, 35.24339 ], [ -97.55844, 35.24209 ], [ -97.55669, 35.2402 ], [ -97.55663, 35.23893 ], [ -97.5583, 35.23658 ], [ -97.56222, 35.23463 ], [ -97.5594, 35.23091 ], [ -97.555, 35.22741 ], [ -97.55479, 35.22433 ], [ -97.55197, 35.22175 ], [ -97.54146, 35.21417 ], [ -97.53451, 35.21293 ], [ -97.53009, 35.21269 ], [ -97.53, 35.21269 ], [ -97.52944, 35.21266 ], [ -97.52101, 35.20632 ], [ -97.51725, 35.20391 ], [ -97.5169, 35.20371 ], [ -97.51279, 35.2014 ], [ -97.50334, 35.19637 ], [ -97.48996, 35.18875 ], [ -97.48947, 35.18842 ], [ -97.48932, 35.18835 ], [ -97.48806, 35.18781 ], [ -97.4804, 35.18295 ], [ -97.45868, 35.17016 ], [ -97.45781, 35.17032 ], [ -97.45684, 35.16735 ], [ -97.45342, 35.16374 ], [ -97.45112, 35.16261 ], [ -97.44749, 35.16118 ], [ -97.44497, 35.1608 ], [ -97.44379, 35.16061 ], [ -97.44265, 35.16044 ], [ -97.44039, 35.15533 ], [ -97.4396, 35.14932 ], [ -97.43825, 35.14704 ], [ -97.43499, 35.1459 ], [ -97.43351, 35.14528 ], [ -97.43307, 35.14379 ], [ -97.43067, 35.14347 ], [ -97.42943, 35.14265 ], [ -97.42754, 35.14292 ], [ -97.42708, 35.14157 ], [ -97.42397, 35.14065 ], [ -97.42027, 35.14056 ], [ -97.41813, 35.14168 ], [ -97.41572, 35.14057 ], [ -97.41386, 35.14117 ], [ -97.41267, 35.13968 ], [ -97.41017, 35.13919 ], [ -97.40952, 35.13836 ], [ -97.40708, 35.13814 ], [ -97.40622, 35.13696 ], [ -97.40458, 35.13208 ], [ -97.40475, 35.13094 ], [ -97.40402, 35.12616 ], [ -97.40132, 35.12487 ], [ -97.40134, 35.12392 ], [ -97.40269, 35.11714 ], [ -97.40359, 35.1149 ], [ -97.40517, 35.10894 ], [ -97.40451, 35.10602 ], [ -97.40237, 35.10369 ], [ -97.4016, 35.10191 ], [ -97.40133, 35.09842 ], [ -97.40018, 35.09324 ], [ -97.40024, 35.09153 ], [ -97.40314, 35.0878 ], [ -97.40208, 35.08637 ], [ -97.39546, 35.08427 ], [ -97.39167, 35.08259 ], [ -97.38868, 35.0821 ], [ -97.38548, 35.08223 ], [ -97.38035, 35.08326 ], [ -97.37341, 35.08505 ], [ -97.37099, 35.08521 ], [ -97.36832, 35.08524 ], [ -97.36413, 35.08456 ], [ -97.36031, 35.08265 ], [ -97.35776, 35.08027 ], [ -97.35419, 35.07666 ], [ -97.35342, 35.07525 ], [ -97.35272, 35.07231 ], [ -97.35422, 35.07038 ], [ -97.35471, 35.06811 ], [ -97.35439, 35.06528 ], [ -97.35303, 35.06218 ], [ -97.34989, 35.05705 ], [ -97.34963, 35.05553 ], [ -97.35048, 35.05117 ], [ -97.35255, 35.04541 ], [ -97.35352, 35.04396 ], [ -97.35579, 35.04054 ], [ -97.35739, 35.0368 ], [ -97.35777, 35.03536 ], [ -97.35801, 35.03372 ], [ -97.3567, 35.02886 ], [ -97.35511, 35.02867 ], [ -97.35351, 35.02343 ], [ -97.35339, 35.02279 ], [ -97.35282, 35.01886 ], [ -97.35077, 35.0143 ], [ -97.35009, 35.01144 ], [ -97.34986, 35.01026 ], [ -97.34961, 35.00908 ], [ -97.34933, 35.00783 ], [ -97.34852, 35.006 ], [ -97.34584, 35.0046 ], [ -97.34533, 35.00205 ], [ -97.34697, 35.00039 ], [ -97.34651, 34.99846 ], [ -97.34219, 34.99541 ], [ -97.34149, 34.99371 ], [ -97.34189, 34.99026 ], [ -97.34698, 34.98737 ], [ -97.34816, 34.98544 ], [ -97.34773, 34.98316 ], [ -97.34836, 34.98166 ], [ -97.34785, 34.97922 ], [ -97.34652, 34.97745 ], [ -97.34471, 34.97625 ], [ -97.34326, 34.97441 ], [ -97.3429, 34.9715 ], [ -97.34185, 34.96894 ], [ -97.34212, 34.96627 ], [ -97.34151, 34.964 ], [ -97.33727, 34.96157 ], [ -97.33383, 34.95895 ], [ -97.32963, 34.95696 ], [ -97.32592, 34.95509 ], [ -97.32167, 34.95421 ], [ -97.31328, 34.95384 ], [ -97.31123, 34.95328 ], [ -97.30771, 34.95398 ], [ -97.3057, 34.95505 ], [ -97.3044, 34.95638 ], [ -97.30279, 34.96072 ], [ -97.3013, 34.96292 ], [ -97.29963, 34.96461 ], [ -97.29622, 34.96355 ], [ -97.29248, 34.9628 ], [ -97.28783, 34.96188 ], [ -97.28508, 34.96197 ], [ -97.28255, 34.96121 ], [ -97.28144, 34.96079 ], [ -97.27807, 34.96107 ], [ -97.27385, 34.96299 ], [ -97.27233, 34.96178 ], [ -97.26883, 34.95542 ], [ -97.26674, 34.95071 ], [ -97.26403, 34.94721 ], [ -97.26159, 34.94544 ], [ -97.25803, 34.9449 ], [ -97.2536, 34.94543 ], [ -97.25232, 34.94752 ], [ -97.25043, 34.94888 ], [ -97.24855, 34.94856 ], [ -97.24624, 34.94917 ], [ -97.24351, 34.94866 ], [ -97.23985, 34.94711 ], [ -97.2394, 34.94569 ], [ -97.23534, 34.94388 ], [ -97.23269, 34.9419 ], [ -97.23214, 34.93919 ], [ -97.23306, 34.93748 ], [ -97.23013, 34.93633 ], [ -97.22906, 34.93408 ], [ -97.23037, 34.93191 ], [ -97.2279, 34.93214 ], [ -97.2259, 34.93462 ], [ -97.22587, 34.93686 ], [ -97.22398, 34.94096 ], [ -97.22175, 34.9426 ], [ -97.2179, 34.94428 ], [ -97.21251, 34.94331 ], [ -97.21011, 34.94217 ], [ -97.20955, 34.94109 ], [ -97.20529, 34.94004 ], [ -97.20234, 34.94079 ], [ -97.19841, 34.93984 ], [ -97.1967, 34.9384 ], [ -97.19567, 34.93604 ], [ -97.19545, 34.93267 ], [ -97.19695, 34.93174 ], [ -97.19617, 34.92825 ], [ -97.19207, 34.92913 ], [ -97.1899, 34.92906 ], [ -97.18727, 34.92969 ], [ -97.17824, 34.92954 ], [ -97.17637, 34.92867 ], [ -97.17148, 34.92949 ], [ -97.17047, 34.93003 ], [ -97.16777, 34.92966 ], [ -97.16665, 34.93078 ], [ -97.15779, 34.93151 ], [ -97.15456, 34.93138 ], [ -97.14763, 34.92945 ], [ -97.14545, 34.92914 ], [ -97.14408, 34.92742 ], [ -97.14235, 34.92818 ], [ -97.13976, 34.92714 ], [ -97.13581, 34.9244 ], [ -97.13369, 34.92469 ], [ -97.13243, 34.92617 ], [ -97.13284, 34.92809 ], [ -97.13447, 34.93037 ], [ -97.13493, 34.93259 ], [ -97.13287, 34.93464 ], [ -97.12874, 34.93404 ], [ -97.12403, 34.93411 ], [ -97.11679, 34.93517 ], [ -97.114, 34.9351 ], [ -97.11045, 34.93436 ], [ -97.10602, 34.9329 ], [ -97.1013, 34.93032 ], [ -97.10035, 34.92961 ], [ -97.09864, 34.92962 ], [ -97.09682, 34.93092 ], [ -97.09219, 34.93107 ], [ -97.08756, 34.93154 ], [ -97.08554, 34.93136 ], [ -97.08272, 34.93045 ], [ -97.07972, 34.92892 ], [ -97.07526, 34.92243 ], [ -97.07179, 34.91986 ], [ -97.06932, 34.91969 ], [ -97.0606, 34.92126 ], [ -97.05482, 34.92141 ], [ -97.05248, 34.92125 ], [ -97.05054, 34.92002 ], [ -97.04947, 34.91826 ], [ -97.04701, 34.91674 ], [ -97.04321, 34.91521 ], [ -97.03717, 34.9135 ], [ -97.03581, 34.91289 ], [ -97.0304, 34.91206 ], [ -97.02595, 34.91233 ], [ -97.02032, 34.90967 ], [ -97.01893, 34.9086 ], [ -97.01593, 34.90735 ], [ -97.01368, 34.90795 ], [ -97.00869, 34.91058 ], [ -97.00448, 34.9121 ], [ -97.00051, 34.91428 ], [ -96.99593, 34.91494 ], [ -96.99363, 34.91583 ], [ -96.98934, 34.91829 ], [ -96.98781, 34.92034 ], [ -96.98331, 34.92148 ], [ -96.97793, 34.92563 ], [ -96.97506, 34.93015 ], [ -96.97624, 34.93207 ], [ -96.97494, 34.93427 ], [ -96.9727, 34.93541 ], [ -96.97085, 34.93434 ], [ -96.96735, 34.93467 ], [ -96.96498, 34.93815 ], [ -96.96582, 34.93906 ], [ -96.96394, 34.94062 ], [ -96.95891, 34.94587 ], [ -96.95884, 34.94695 ], [ -96.95737, 34.94884 ], [ -96.95704, 34.95098 ], [ -96.94778, 34.95741 ], [ -96.94646, 34.95854 ], [ -96.9416, 34.96088 ], [ -96.937, 34.96258 ], [ -96.93483, 34.96282 ], [ -96.93059, 34.96436 ], [ -96.93067, 34.95708 ], [ -96.93042, 34.95621 ], [ -96.9307, 34.9508 ], [ -96.93067, 34.9272 ], [ -96.93075, 34.92648 ], [ -96.93078, 34.89811 ], [ -96.93078, 34.87626 ], [ -96.93087, 34.85463 ], [ -96.93244, 34.8545 ], [ -96.93244, 34.85456 ], [ -96.97136, 34.85473 ], [ -96.9746, 34.85485 ], [ -96.98364, 34.85477 ], [ -97.03761, 34.85484 ], [ -97.05572, 34.85491 ], [ -97.09045, 34.85498 ], [ -97.10777, 34.85503 ], [ -97.14273, 34.85511 ], [ -97.19513, 34.85523 ], [ -97.23016, 34.85522 ], [ -97.24782, 34.85523 ], [ -97.26438, 34.85519 ], [ -97.26545, 34.85525 ], [ -97.28305, 34.85524 ], [ -97.30021, 34.85521 ], [ -97.32503, 34.85523 ], [ -97.33591, 34.85527 ], [ -97.35255, 34.85528 ], [ -97.35315, 34.85528 ], [ -97.38813, 34.85528 ], [ -97.40551, 34.85529 ], [ -97.40569, 34.85529 ], [ -97.42404, 34.85531 ], [ -97.48372, 34.85527 ], [ -97.48568, 34.85527 ], [ -97.49405, 34.85527 ], [ -97.49476, 34.85511 ], [ -97.56402, 34.85527 ], [ -97.60673, 34.85521 ], [ -97.60781, 34.85521 ], [ -97.60938, 34.85522 ], [ -97.62006, 34.85522 ], [ -97.62132, 34.85522 ], [ -97.63505, 34.85521 ], [ -97.6681, 34.85516 ], [ -97.67044, 34.85522 ], [ -97.67049, 34.86605 ], [ -97.67064, 34.86974 ], [ -97.67055, 34.93501 ], [ -97.67047, 34.95692 ], [ -97.67052, 34.96405 ], [ -97.67055, 34.97149 ], [ -97.67051, 35.04389 ], [ -97.67051, 35.04418 ], [ -97.67052, 35.05873 ], [ -97.67053, 35.05961 ], [ -97.6705, 35.07318 ], [ -97.6705, 35.07336 ], [ -97.67048, 35.08046 ], [ -97.6705, 35.08909 ], [ -97.67053, 35.10279 ], [ -97.67051, 35.11669 ], [ -97.67052, 35.12694 ], [ -97.67047, 35.13126 ], [ -97.67057, 35.14456 ], [ -97.67044, 35.14583 ], [ -97.67046, 35.16034 ], [ -97.67044, 35.18208 ], [ -97.67044, 35.18231 ], [ -97.67044, 35.19009 ], [ -97.67042, 35.19669 ], [ -97.67039, 35.20378 ], [ -97.67089, 35.20378 ], [ -97.67091, 35.21393 ], [ -97.67088, 35.21833 ], [ -97.67088, 35.22557 ], [ -97.67089, 35.23284 ], [ -97.6709, 35.23589 ], [ -97.67089, 35.24129 ], [ -97.67085, 35.24742 ], [ -97.67084, 35.27647 ], [ -97.67082, 35.28292 ], [ -97.67082, 35.2837 ], [ -97.67083, 35.29101 ], [ -97.6708, 35.30553 ], [ -97.67087, 35.32011 ], [ -97.67082, 35.33238 ], [ -97.67141, 35.33595 ], [ -97.67141, 35.33747 ] ] ] ] } },
{ "type": "Feature", "properties": { "GEOID": "40089", "NAME": "McCurtain", "ALAND": 4793486699.0 }, "geometry": { "type": "MultiPolygon", "coordinates": [ [ [ [ -95.15649, 33.9753 ], [ -95.15646, 34.00449 ], [ -95.15647, 34.01449 ], [ -95.1565, 34.08353 ], [ -95.1565, 34.08354 ], [ -95.15653, 34.1133 ], [ -95.15652, 34.15696 ], [ -95.15134, 34.15684 ], [ -95.15134, 34.18268 ], [ -95.15132, 34.24374 ], [ -95.1356, 34.24374 ], [ -95.13514, 34.24375 ], [ -95.04658, 34.24378 ], [ -95.0466, 34.28726 ], [ -95.04661, 34.29799 ], [ -95.04662, 34.39548 ], [ -95.04652, 34.39587 ], [ -95.04663, 34.39645 ], [ -95.04677, 34.41755 ], [ -95.04677, 34.41936 ], [ -95.04675, 34.47755 ], [ -95.04675, 34.50728 ], [ -94.99006, 34.50729 ], [ -94.9376, 34.5073 ], [ -94.7851, 34.50728 ], [ -94.6743, 34.50726 ], [ -94.46115, 34.50746 ], [ -94.46243, 34.46293 ], [ -94.46287, 34.44747 ], [ -94.4633, 34.43269 ], [ -94.46366, 34.41982 ], [ -94.46367, 34.41958 ], [ -94.46382, 34.41446 ], [ -94.46418, 34.40271 ], [ -94.46489, 34.3779 ], [ -94.46542, 34.35955 ], [ -94.46544, 34.35933 ], [ -94.46585, 34.35207 ], [ -94.46643, 34.33073 ], [ -94.46867, 34.24921 ], [ -94.47028, 34.19018 ], [ -94.47113, 34.1592 ], [ -94.47267, 34.10298 ], [ -94.47387, 34.05946 ], [ -94.4749, 34.02188 ], [ -94.4749, 34.02184 ], [ -94.4749, 34.01966 ], [ -94.47502, 34.0159 ], [ -94.47696, 33.95737 ], [ -94.47704, 33.95384 ], [ -94.47732, 33.94095 ], [ -94.47732, 33.94086 ], [ -94.47739, 33.93776 ], [ -94.47884, 33.88148 ], [ -94.47899, 33.8812 ], [ -94.47978, 33.85671 ], [ -94.47995, 33.85133 ], [ -94.48057, 33.83017 ], [ -94.48078, 33.82314 ], [ -94.48135, 33.80289 ], [ -94.48136, 33.80265 ], [ -94.48153, 33.79604 ], [ -94.48154, 33.79572 ], [ -94.48184, 33.78902 ], [ -94.48184, 33.78901 ], [ -94.48246, 33.76496 ], [ -94.48268, 33.75629 ], [ -94.48278, 33.75364 ], [ -94.48285, 33.75107 ], [ -94.48286, 33.75078 ], [ -94.48287, 33.75056 ], [ -94.4833, 33.736 ], [ -94.4833, 33.73599 ], [ -94.48357, 33.72684 ], [ -94.48365, 33.72418 ], [ -94.48387, 33.71673 ], [ -94.48384, 33.71133 ], [ -94.48462, 33.69159 ], [ -94.48452, 33.68791 ], [ -94.48553, 33.66339 ], [ -94.48558, 33.65331 ], [ -94.48587, 33.63787 ], [ -94.49111, 33.63623 ], [ -94.48843, 33.63237 ], [ -94.48751, 33.62894 ], [ -94.4915, 33.62512 ], [ -94.4978, 33.62401 ], [ -94.50462, 33.62068 ], [ -94.51151, 33.62311 ], [ -94.51726, 33.63273 ], [ -94.52025, 33.6298 ], [ -94.51806, 33.62298 ], [ -94.51984, 33.61808 ], [ -94.523, 33.61608 ], [ -94.52738, 33.61583 ], [ -94.53187, 33.61865 ], [ -94.53517, 33.62192 ], [ -94.53507, 33.62512 ], [ -94.53199, 33.62783 ], [ -94.52457, 33.63261 ], [ -94.51893, 33.63716 ], [ -94.51913, 33.6383 ], [ -94.52184, 33.64073 ], [ -94.52749, 33.64134 ], [ -94.53482, 33.63928 ], [ -94.54109, 33.63653 ], [ -94.55141, 33.62849 ], [ -94.55575, 33.62709 ], [ -94.56408, 33.62626 ], [ -94.56952, 33.62783 ], [ -94.57045, 33.62995 ], [ -94.56839, 33.6372 ], [ -94.55904, 33.64197 ], [ -94.54544, 33.64623 ], [ -94.54259, 33.65141 ], [ -94.54333, 33.65569 ], [ -94.54637, 33.65916 ], [ -94.54964, 33.66068 ], [ -94.5602, 33.65697 ], [ -94.57057, 33.65223 ], [ -94.57784, 33.64556 ], [ -94.58327, 33.64379 ], [ -94.58863, 33.64418 ], [ -94.59083, 33.64556 ], [ -94.58699, 33.65018 ], [ -94.57557, 33.65941 ], [ -94.56325, 33.66268 ], [ -94.56034, 33.66659 ], [ -94.56217, 33.66897 ], [ -94.56906, 33.66856 ], [ -94.57788, 33.66568 ], [ -94.57986, 33.66617 ], [ -94.58029, 33.67882 ], [ -94.583, 33.68117 ], [ -94.58707, 33.68582 ], [ -94.59054, 33.68622 ], [ -94.59314, 33.68324 ], [ -94.59003, 33.67585 ], [ -94.59195, 33.67286 ], [ -94.59144, 33.66891 ], [ -94.59312, 33.66543 ], [ -94.59797, 33.66338 ], [ -94.603, 33.66306 ], [ -94.60768, 33.66557 ], [ -94.61171, 33.67017 ], [ -94.61283, 33.674 ], [ -94.61332, 33.67567 ], [ -94.61763, 33.68124 ], [ -94.62238, 33.68243 ], [ -94.62819, 33.68107 ], [ -94.63045, 33.67712 ], [ -94.63092, 33.67344 ], [ -94.63557, 33.66753 ], [ -94.638, 33.66458 ], [ -94.65589, 33.66017 ], [ -94.6632, 33.66108 ], [ -94.66931, 33.66436 ], [ -94.67105, 33.66839 ], [ -94.66885, 33.67188 ], [ -94.66181, 33.67513 ], [ -94.65792, 33.67419 ], [ -94.654, 33.67115 ], [ -94.6513, 33.67042 ], [ -94.64553, 33.67353 ], [ -94.64558, 33.6755 ], [ -94.64848, 33.68212 ], [ -94.6489, 33.68402 ], [ -94.64547, 33.68534 ], [ -94.64313, 33.69032 ], [ -94.63865, 33.6958 ], [ -94.639, 33.69768 ], [ -94.64432, 33.70167 ], [ -94.64739, 33.70112 ], [ -94.64864, 33.69799 ], [ -94.64724, 33.69265 ], [ -94.64901, 33.68735 ], [ -94.65096, 33.68656 ], [ -94.653, 33.68722 ], [ -94.6617, 33.69314 ], [ -94.66785, 33.69461 ], [ -94.67177, 33.69331 ], [ -94.67788, 33.68782 ], [ -94.68479, 33.68435 ], [ -94.70545, 33.68804 ], [ -94.71207, 33.68794 ], [ -94.71619, 33.6879 ], [ -94.71734, 33.68899 ], [ -94.71434, 33.69407 ], [ -94.71394, 33.69684 ], [ -94.71285, 33.69755 ], [ -94.70634, 33.69673 ], [ -94.70219, 33.69745 ], [ -94.70105, 33.70005 ], [ -94.70173, 33.70341 ], [ -94.70602, 33.70629 ], [ -94.71136, 33.70892 ], [ -94.72787, 33.71556 ], [ -94.73231, 33.71599 ], [ -94.73483, 33.71392 ], [ -94.73309, 33.71015 ], [ -94.73131, 33.70708 ], [ -94.72695, 33.70525 ], [ -94.72145, 33.70456 ], [ -94.71779, 33.70185 ], [ -94.71659, 33.69516 ], [ -94.71981, 33.68974 ], [ -94.72074, 33.68906 ], [ -94.72559, 33.69046 ], [ -94.73586, 33.69163 ], [ -94.74188, 33.70122 ], [ -94.7461, 33.70277 ], [ -94.75202, 33.70494 ], [ -94.7538, 33.70773 ], [ -94.75327, 33.71028 ], [ -94.74756, 33.71168 ], [ -94.73857, 33.7145 ], [ -94.73279, 33.72004 ], [ -94.73263, 33.72392 ], [ -94.73518, 33.72662 ], [ -94.73825, 33.72717 ], [ -94.74178, 33.72687 ], [ -94.74398, 33.725 ], [ -94.7448, 33.72219 ], [ -94.74511, 33.71791 ], [ -94.74715, 33.71529 ], [ -94.75213, 33.71384 ], [ -94.7559, 33.71507 ], [ -94.75761, 33.71716 ], [ -94.75731, 33.71817 ], [ -94.74824, 33.72471 ], [ -94.748, 33.72554 ], [ -94.75137, 33.73373 ], [ -94.75251, 33.73447 ], [ -94.7544, 33.73339 ], [ -94.75474, 33.73304 ], [ -94.7606, 33.72705 ], [ -94.77313, 33.72719 ], [ -94.78264, 33.73025 ], [ -94.78825, 33.73532 ], [ -94.77739, 33.7452 ], [ -94.77382, 33.74651 ], [ -94.76944, 33.74627 ], [ -94.76175, 33.74679 ], [ -94.75781, 33.75011 ], [ -94.7572, 33.75482 ], [ -94.76006, 33.75829 ], [ -94.76444, 33.76018 ], [ -94.7705, 33.76094 ], [ -94.77492, 33.75811 ], [ -94.77602, 33.7562 ], [ -94.77784, 33.75301 ], [ -94.7782, 33.74974 ], [ -94.78097, 33.7448 ], [ -94.78676, 33.74153 ], [ -94.79584, 33.73759 ], [ -94.80225, 33.73279 ], [ -94.8111, 33.73483 ], [ -94.81606, 33.73922 ], [ -94.81621, 33.74193 ], [ -94.81291, 33.74545 ], [ -94.81216, 33.75094 ], [ -94.81428, 33.7519 ], [ -94.81666, 33.75527 ], [ -94.81616, 33.7634 ], [ -94.81857, 33.7677 ], [ -94.82178, 33.76875 ], [ -94.82529, 33.76852 ], [ -94.83009, 33.76366 ], [ -94.83084, 33.75808 ], [ -94.82304, 33.74753 ], [ -94.82009, 33.73483 ], [ -94.82247, 33.73272 ], [ -94.82832, 33.73495 ], [ -94.82804, 33.73916 ], [ -94.83072, 33.7405 ], [ -94.84257, 33.73945 ], [ -94.8493, 33.73958 ], [ -94.86069, 33.74195 ], [ -94.8693, 33.74587 ], [ -94.87467, 33.74916 ], [ -94.87708, 33.75222 ], [ -94.87538, 33.75492 ], [ -94.86914, 33.75905 ], [ -94.86674, 33.76183 ], [ -94.86606, 33.76616 ], [ -94.86814, 33.76887 ], [ -94.87127, 33.77032 ], [ -94.87384, 33.77031 ], [ -94.87493, 33.76743 ], [ -94.87457, 33.76286 ], [ -94.87394, 33.76057 ], [ -94.8748, 33.75789 ], [ -94.8765, 33.7574 ], [ -94.87781, 33.75845 ], [ -94.88385, 33.76324 ], [ -94.88775, 33.76902 ], [ -94.89772, 33.76884 ], [ -94.9042, 33.77325 ], [ -94.90417, 33.7772 ], [ -94.90624, 33.77819 ], [ -94.91143, 33.77838 ], [ -94.9145, 33.78215 ], [ -94.91752, 33.78651 ], [ -94.92179, 33.79141 ], [ -94.92195, 33.7916 ], [ -94.92167, 33.79592 ], [ -94.91863, 33.80294 ], [ -94.91703, 33.80832 ], [ -94.91262, 33.80868 ], [ -94.91021, 33.81243 ], [ -94.91088, 33.81591 ], [ -94.91209, 33.82047 ], [ -94.91476, 33.82449 ], [ -94.9186, 33.82682 ], [ -94.922, 33.82878 ], [ -94.92607, 33.82853 ], [ -94.92682, 33.82663 ], [ -94.92629, 33.82261 ], [ -94.92441, 33.81886 ], [ -94.9231, 33.81546 ], [ -94.92307, 33.81136 ], [ -94.92521, 33.80868 ], [ -94.92921, 33.80775 ], [ -94.93999, 33.80568 ], [ -94.94787, 33.80836 ], [ -94.95352, 33.81647 ], [ -94.94383, 33.8293 ], [ -94.94948, 33.83353 ], [ -94.95768, 33.835 ], [ -94.9644, 33.83702 ], [ -94.96589, 33.84842 ], [ -94.96847, 33.85916 ], [ -94.9689, 33.86092 ], [ -94.97143, 33.86212 ], [ -94.97341, 33.86173 ], [ -94.97621, 33.85985 ], [ -94.98165, 33.85228 ], [ -94.9833, 33.85135 ], [ -94.98849, 33.851 ], [ -94.99267, 33.85245 ], [ -94.99552, 33.85744 ], [ -94.99748, 33.8605 ], [ -95.00022, 33.8625 ], [ -95.00199, 33.86305 ], [ -95.00474, 33.86168 ], [ -95.00787, 33.85952 ], [ -95.01235, 33.85801 ], [ -95.01728, 33.85795 ], [ -95.02394, 33.85932 ], [ -95.03144, 33.85985 ], [ -95.03721, 33.86025 ], [ -95.04657, 33.86256 ], [ -95.04942, 33.86481 ], [ -95.05082, 33.86944 ], [ -95.05057, 33.8775 ], [ -95.05824, 33.88755 ], [ -95.0601, 33.90187 ], [ -95.06255, 33.90303 ], [ -95.06558, 33.90356 ], [ -95.0702, 33.90244 ], [ -95.07241, 33.9027 ], [ -95.07216, 33.90558 ], [ -95.0705, 33.9084 ], [ -95.06592, 33.9087 ], [ -95.06426, 33.9101 ], [ -95.06334, 33.91087 ], [ -95.06325, 33.91326 ], [ -95.06569, 33.91597 ], [ -95.06873, 33.9176 ], [ -95.07405, 33.91535 ], [ -95.0749, 33.91048 ], [ -95.0751, 33.90891 ], [ -95.07706, 33.90656 ], [ -95.07882, 33.90303 ], [ -95.07937, 33.89463 ], [ -95.07983, 33.88748 ], [ -95.08059, 33.88226 ], [ -95.08241, 33.87988 ], [ -95.08961, 33.88086 ], [ -95.09382, 33.8852 ], [ -95.09558, 33.88802 ], [ -95.09583, 33.88843 ], [ -95.09891, 33.89088 ], [ -95.10017, 33.8961 ], [ -95.09676, 33.8997 ], [ -95.09164, 33.9021 ], [ -95.08676, 33.90382 ], [ -95.08049, 33.90774 ], [ -95.07853, 33.91028 ], [ -95.07637, 33.91538 ], [ -95.07795, 33.9187 ], [ -95.08239, 33.92176 ], [ -95.08382, 33.92106 ], [ -95.08598, 33.91695 ], [ -95.08911, 33.9142 ], [ -95.09267, 33.91283 ], [ -95.10479, 33.9096 ], [ -95.11258, 33.9046 ], [ -95.11714, 33.90362 ], [ -95.12204, 33.9048 ], [ -95.12644, 33.90708 ], [ -95.13125, 33.91224 ], [ -95.13164, 33.91603 ], [ -95.12733, 33.92028 ], [ -95.12279, 33.9247 ], [ -95.12086, 33.92812 ], [ -95.12118, 33.93131 ], [ -95.1247, 33.93467 ], [ -95.13106, 33.93693 ], [ -95.13595, 33.93537 ], [ -95.14007, 33.93478 ], [ -95.14791, 33.93557 ], [ -95.15498, 33.93665 ], [ -95.15589, 33.93689 ], [ -95.15592, 33.93932 ], [ -95.15674, 33.94292 ], [ -95.15649, 33.9753 ] ] ] ] } },
{ "type": "Feature", "properties": { "GEOID": "40091", "NAME": "McIntosh", "ALAND": 1601338581.0 }, "geometry": { "type": "MultiPolygon", "coordinates": [ [ [ [ -95.98313, 35.20274 ], [ -95.9814, 35.20285 ], [ -95.9814, 35.20479 ], [ -95.98142, 35.21387 ], [ -95.9812, 35.21607 ], [ -95.98149, 35.22433 ], [ -95.98151, 35.28978 ], [ -95.9815, 35.3034 ], [ -95.98147, 35.37679 ], [ -95.96079, 35.37681 ], [ -95.94596, 35.37677 ], [ -95.94453, 35.37684 ], [ -95.94292, 35.37676 ], [ -95.89369, 35.37668 ], [ -95.87541, 35.37669 ], [ -95.8754, 35.39044 ], [ -95.87537, 35.40567 ], [ -95.87537, 35.40951 ], [ -95.87537, 35.41278 ], [ -95.8754, 35.42021 ], [ -95.87535, 35.45617 ], [ -95.87535, 35.46362 ], [ -95.82243, 35.46368 ], [ -95.82243, 35.46378 ], [ -95.82241, 35.4877 ], [ -95.82237, 35.50456 ], [ -95.82253, 35.50633 ], [ -95.82246, 35.51452 ], [ -95.82236, 35.55169 ], [ -95.80076, 35.55173 ], [ -95.79913, 35.55173 ], [ -95.73138, 35.55173 ], [ -95.71295, 35.55174 ], [ -95.65393, 35.55171 ], [ -95.65145, 35.55171 ], [ -95.64657, 35.55172 ], [ -95.64602, 35.55172 ], [ -95.62447, 35.55172 ], [ -95.61034, 35.55172 ], [ -95.5973, 35.55171 ], [ -95.57107, 35.55171 ], [ -95.5579, 35.5517 ], [ -95.55324, 35.55172 ], [ -95.54464, 35.55172 ], [ -95.5041, 35.55178 ], [ -95.50343, 35.55173 ], [ -95.48538, 35.55174 ], [ -95.47368, 35.55174 ], [ -95.4252, 35.55173 ], [ -95.40534, 35.55175 ], [ -95.39761, 35.55175 ], [ -95.3581, 35.55181 ], [ -95.34914, 35.55176 ], [ -95.3448, 35.55175 ], [ -95.3448, 35.55039 ], [ -95.34481, 35.52224 ], [ -95.34476, 35.49232 ], [ -95.34486, 35.4914 ], [ -95.34484, 35.46792 ], [ -95.34482, 35.43505 ], [ -95.34481, 35.42808 ], [ -95.34477, 35.4053 ], [ -95.34478, 35.36242 ], [ -95.34477, 35.29304 ], [ -95.34882, 35.29087 ], [ -95.35158, 35.29023 ], [ -95.35265, 35.2922 ], [ -95.35275, 35.2989 ], [ -95.35325, 35.3017 ], [ -95.35565, 35.3047 ], [ -95.3583, 35.30663 ], [ -95.36665, 35.312 ], [ -95.36955, 35.313 ], [ -95.37525, 35.3166 ], [ -95.37695, 35.3188 ], [ -95.38025, 35.3213 ], [ -95.38575, 35.3261 ], [ -95.38755, 35.327 ], [ -95.39025, 35.3275 ], [ -95.39375, 35.3276 ], [ -95.39755, 35.3272 ], [ -95.40225, 35.3262 ], [ -95.40715, 35.3244 ], [ -95.41115, 35.3234 ], [ -95.41345, 35.3218 ], [ -95.41607, 35.31912 ], [ -95.41685, 35.3183 ], [ -95.42145, 35.3117 ], [ -95.42705, 35.3055 ], [ -95.43045, 35.303 ], [ -95.43265, 35.3018 ], [ -95.43765, 35.2999 ], [ -95.44455, 35.2977 ], [ -95.45088, 35.29615 ], [ -95.45125, 35.29602 ], [ -95.45585, 35.2943 ], [ -95.46166, 35.293 ], [ -95.46496, 35.2937 ], [ -95.48006, 35.2985 ], [ -95.48888, 35.30049 ], [ -95.49206, 35.3009 ], [ -95.50037, 35.30089 ], [ -95.50365, 35.29989 ], [ -95.50757, 35.29689 ], [ -95.50946, 35.2931 ], [ -95.51196, 35.28909 ], [ -95.51667, 35.28499 ], [ -95.51906, 35.28119 ], [ -95.51917, 35.28039 ], [ -95.51765, 35.27538 ], [ -95.51556, 35.2718 ], [ -95.51336, 35.2687 ], [ -95.51296, 35.2672 ], [ -95.51326, 35.2652 ], [ -95.51496, 35.2632 ], [ -95.51806, 35.2624 ], [ -95.52166, 35.2624 ], [ -95.52806, 35.26 ], [ -95.53126, 35.2576 ], [ -95.53466, 35.256 ], [ -95.53956, 35.2533 ], [ -95.54326, 35.2519 ], [ -95.54646, 35.2512 ], [ -95.54986, 35.2509 ], [ -95.55696, 35.2494 ], [ -95.56294, 35.2464 ], [ -95.56487, 35.24605 ], [ -95.57037, 35.2455 ], [ -95.57266, 35.2443 ], [ -95.58626, 35.2341 ], [ -95.59116, 35.228 ], [ -95.59426, 35.2249 ], [ -95.5962, 35.22344 ], [ -95.59938, 35.22165 ], [ -95.60234, 35.22074 ], [ -95.60565, 35.22035 ], [ -95.60814, 35.2204 ], [ -95.61286, 35.2211 ], [ -95.61686, 35.2214 ], [ -95.61946, 35.2222 ], [ -95.62246, 35.2247 ], [ -95.62296, 35.2276 ], [ -95.62266, 35.2284 ], [ -95.61986, 35.2304 ], [ -95.61176, 35.2337 ], [ -95.60676, 35.2351 ], [ -95.60456, 35.237 ], [ -95.60346, 35.2394 ], [ -95.60366, 35.243 ], [ -95.60606, 35.2471 ], [ -95.60916, 35.2493 ], [ -95.61026, 35.2497 ], [ -95.61566, 35.2497 ], [ -95.62426, 35.248 ], [ -95.62806, 35.2468 ], [ -95.63496, 35.2417 ], [ -95.63587, 35.24132 ], [ -95.64326, 35.2382 ], [ -95.65747, 35.2314 ], [ -95.66507, 35.2289 ], [ -95.67207, 35.2273 ], [ -95.67687, 35.2248 ], [ -95.68097, 35.221 ], [ -95.68277, 35.2164 ], [ -95.68233, 35.21501 ], [ -95.68049, 35.21234 ], [ -95.6791, 35.21128 ], [ -95.67527, 35.21016 ], [ -95.67419, 35.20891 ], [ -95.67746, 35.20672 ], [ -95.67911, 35.20387 ], [ -95.67998, 35.20346 ], [ -95.68682, 35.20499 ], [ -95.6912, 35.20467 ], [ -95.69717, 35.203 ], [ -95.70377, 35.2024 ], [ -95.70715, 35.2023 ], [ -95.70826, 35.20182 ], [ -95.70982, 35.20047 ], [ -95.71238, 35.19713 ], [ -95.71478, 35.19131 ], [ -95.71616, 35.18935 ], [ -95.71896, 35.18885 ], [ -95.72214, 35.18946 ], [ -95.72753, 35.19129 ], [ -95.72779, 35.19138 ], [ -95.72977, 35.19205 ], [ -95.73517, 35.19282 ], [ -95.73999, 35.1928 ], [ -95.74389, 35.19188 ], [ -95.74582, 35.19047 ], [ -95.74802, 35.18772 ], [ -95.74957, 35.18371 ], [ -95.75187, 35.18097 ], [ -95.75597, 35.1772 ], [ -95.75797, 35.1767 ], [ -95.76397, 35.1771 ], [ -95.76707, 35.1781 ], [ -95.76847, 35.179 ], [ -95.77053, 35.18177 ], [ -95.77217, 35.1837 ], [ -95.77707, 35.1887 ], [ -95.77947, 35.1908 ], [ -95.78197, 35.1935 ], [ -95.78477, 35.1953 ], [ -95.78757, 35.1964 ], [ -95.79327, 35.1973 ], [ -95.79757, 35.1971 ], [ -95.80417, 35.1963 ], [ -95.80837, 35.1954 ], [ -95.81327, 35.1935 ], [ -95.81687, 35.1912 ], [ -95.82427, 35.1875 ], [ -95.82827, 35.1862 ], [ -95.83887, 35.1843 ], [ -95.83967, 35.1844 ], [ -95.84457, 35.1872 ], [ -95.84777, 35.1884 ], [ -95.84947, 35.1883 ], [ -95.85677, 35.1866 ], [ -95.86257, 35.1868 ], [ -95.86667, 35.1873 ], [ -95.86917, 35.1869 ], [ -95.87066, 35.18599 ], [ -95.87451, 35.18027 ], [ -95.87637, 35.1769 ], [ -95.88357, 35.1626 ], [ -95.88527, 35.1597 ], [ -95.88837, 35.1557 ], [ -95.89217, 35.1521 ], [ -95.89654, 35.14905 ], [ -95.89997, 35.1469 ], [ -95.90066, 35.14655 ], [ -95.90587, 35.14399 ], [ -95.90797, 35.14349 ], [ -95.91779, 35.1425 ], [ -95.92558, 35.1429 ], [ -95.92846, 35.14359 ], [ -95.93788, 35.147 ], [ -95.94258, 35.1484 ], [ -95.94658, 35.15 ], [ -95.95278, 35.1514 ], [ -95.95738, 35.1517 ], [ -95.95938, 35.1521 ], [ -95.96555, 35.1525 ], [ -95.97178, 35.1525 ], [ -95.98308, 35.15169 ], [ -95.9831, 35.18895 ], [ -95.98313, 35.20274 ] ] ] ] } },
{ "type": "Feature", "properties": { "GEOID": "40099", "NAME": "Murray", "ALAND": 1078405803.0 }, "geometry": { "type": "MultiPolygon", "coordinates": [ [ [ [ -97.35219, 34.49233 ], [ -97.35218, 34.5068 ], [ -97.34144, 34.50684 ], [ -97.34136, 34.50682 ], [ -97.33506, 34.50686 ], [ -97.31717, 34.50687 ], [ -97.28229, 34.50685 ], [ -97.28124, 34.50681 ], [ -97.18649, 34.50665 ], [ -97.17738, 34.50666 ], [ -97.17622, 34.50665 ], [ -97.17414, 34.50666 ], [ -97.16981, 34.50665 ], [ -97.14939, 34.5066 ], [ -97.14397, 34.50661 ], [ -97.14337, 34.50883 ], [ -97.14402, 34.50991 ], [ -97.14876, 34.51219 ], [ -97.15033, 34.51329 ], [ -97.15309, 34.51679 ], [ -97.15015, 34.51836 ], [ -97.14807, 34.51829 ], [ -97.14522, 34.51896 ], [ -97.14374, 34.52072 ], [ -97.14428, 34.52202 ], [ -97.1465, 34.52251 ], [ -97.14981, 34.52142 ], [ -97.15329, 34.52123 ], [ -97.15679, 34.52178 ], [ -97.15805, 34.52271 ], [ -97.15908, 34.52505 ], [ -97.15918, 34.52805 ], [ -97.16035, 34.52972 ], [ -97.16167, 34.53025 ], [ -97.16486, 34.53064 ], [ -97.16571, 34.53169 ], [ -97.16481, 34.5329 ], [ -97.16202, 34.5327 ], [ -97.16021, 34.53487 ], [ -97.16064, 34.53802 ], [ -97.16196, 34.54087 ], [ -97.16243, 34.54277 ], [ -97.16369, 34.5474 ], [ -97.16334, 34.54851 ], [ -97.15951, 34.54944 ], [ -97.15845, 34.5501 ], [ -97.1575, 34.55216 ], [ -97.1584, 34.55339 ], [ -97.16253, 34.55647 ], [ -97.16477, 34.5592 ], [ -97.16431, 34.55976 ], [ -97.15937, 34.56143 ], [ -97.15744, 34.5628 ], [ -97.15731, 34.56399 ], [ -97.15842, 34.56469 ], [ -97.16411, 34.56312 ], [ -97.16962, 34.56315 ], [ -97.17156, 34.56371 ], [ -97.17317, 34.56507 ], [ -97.17413, 34.5682 ], [ -97.17547, 34.56955 ], [ -97.17602, 34.57159 ], [ -97.17434, 34.57431 ], [ -97.17193, 34.57421 ], [ -97.16747, 34.57238 ], [ -97.16519, 34.57251 ], [ -97.16431, 34.57364 ], [ -97.1643, 34.57503 ], [ -97.16796, 34.5761 ], [ -97.17022, 34.57728 ], [ -97.17161, 34.57858 ], [ -97.173, 34.58107 ], [ -97.17306, 34.58375 ], [ -97.1742, 34.58485 ], [ -97.1744, 34.5862 ], [ -97.17352, 34.58681 ], [ -97.16891, 34.58584 ], [ -97.16742, 34.58608 ], [ -97.16706, 34.58818 ], [ -97.17022, 34.59011 ], [ -97.17149, 34.59327 ], [ -97.17398, 34.59501 ], [ -97.17596, 34.59566 ], [ -97.18053, 34.59504 ], [ -97.18484, 34.5953 ], [ -97.18596, 34.5962 ], [ -97.18935, 34.59601 ], [ -97.19028, 34.59637 ], [ -97.19134, 34.59744 ], [ -97.19288, 34.60064 ], [ -97.19235, 34.60269 ], [ -97.19045, 34.60464 ], [ -97.19068, 34.60561 ], [ -97.19264, 34.6067 ], [ -97.19545, 34.60674 ], [ -97.19666, 34.60723 ], [ -97.19801, 34.60876 ], [ -97.19901, 34.61147 ], [ -97.19822, 34.61382 ], [ -97.19581, 34.61493 ], [ -97.19484, 34.61615 ], [ -97.19534, 34.61825 ], [ -97.19742, 34.62087 ], [ -97.20007, 34.62276 ], [ -97.16232, 34.62261 ], [ -97.1426, 34.62259 ], [ -97.14267, 34.63713 ], [ -97.09019, 34.637 ], [ -97.07264, 34.637 ], [ -97.01973, 34.63697 ], [ -97.00379, 34.63693 ], [ -97.00266, 34.6368 ], [ -97.00259, 34.6368 ], [ -96.93245, 34.63681 ], [ -96.93242, 34.59326 ], [ -96.90976, 34.59327 ], [ -96.84487, 34.59329 ], [ -96.82714, 34.59322 ], [ -96.82731, 34.52061 ], [ -96.82734, 34.50606 ], [ -96.82927, 34.50606 ], [ -96.85951, 34.50613 ], [ -96.86138, 34.50602 ], [ -96.88079, 34.50605 ], [ -96.88081, 34.4555 ], [ -96.8808, 34.43375 ], [ -96.88101, 34.33298 ], [ -96.93301, 34.33266 ], [ -96.93331, 34.33256 ], [ -97.01416, 34.33234 ], [ -97.02919, 34.33223 ], [ -97.02912, 34.33326 ], [ -97.03074, 34.33487 ], [ -97.03292, 34.33517 ], [ -97.03951, 34.33754 ], [ -97.04064, 34.3385 ], [ -97.04264, 34.34178 ], [ -97.04261, 34.34461 ], [ -97.03568, 34.34759 ], [ -97.03155, 34.35052 ], [ -97.03166, 34.35214 ], [ -97.03425, 34.35413 ], [ -97.03521, 34.35538 ], [ -97.03475, 34.35805 ], [ -97.03486, 34.36061 ], [ -97.03557, 34.36198 ], [ -97.03839, 34.36495 ], [ -97.03884, 34.36691 ], [ -97.03813, 34.36847 ], [ -97.03438, 34.37163 ], [ -97.03373, 34.37291 ], [ -97.03593, 34.37423 ], [ -97.03654, 34.37542 ], [ -97.03824, 34.37571 ], [ -97.14487, 34.37605 ], [ -97.17774, 34.3761 ], [ -97.17821, 34.37622 ], [ -97.2737, 34.37616 ], [ -97.28013, 34.37618 ], [ -97.28211, 34.37618 ], [ -97.28232, 34.37618 ], [ -97.33458, 34.37621 ], [ -97.35211, 34.37619 ], [ -97.35214, 34.39776 ], [ -97.35222, 34.45593 ], [ -97.35219, 34.49233 ] ] ] ] } },
{ "type": "Feature", "properties": { "GEOID": "40101", "NAME": "Muskogee", "ALAND": 2099548022.0 }, "geometry": { "type": "MultiPolygon", "coordinates": [ [ [ [ -95.7662, 35.74802 ], [ -95.76613, 35.81277 ], [ -95.76611, 35.85628 ], [ -95.73285, 35.8564 ], [ -95.73104, 35.8565 ], [ -95.66022, 35.85667 ], [ -95.65897, 35.85665 ], [ -95.65042, 35.85664 ], [ -95.6511, 35.85372 ], [ -95.64803, 35.8474 ], [ -95.64914, 35.84214 ], [ -95.6477, 35.84107 ], [ -95.64702, 35.83924 ], [ -95.64356, 35.83729 ], [ -95.64253, 35.83574 ], [ -95.64046, 35.83494 ], [ -95.63977, 35.8359 ], [ -95.64139, 35.83831 ], [ -95.64132, 35.84003 ], [ -95.64109, 35.84028 ], [ -95.63908, 35.83723 ], [ -95.63868, 35.83549 ], [ -95.63909, 35.83288 ], [ -95.63917, 35.82717 ], [ -95.64019, 35.8246 ], [ -95.63889, 35.82235 ], [ -95.63966, 35.82166 ], [ -95.64152, 35.81542 ], [ -95.639, 35.80908 ], [ -95.63918, 35.8071 ], [ -95.63755, 35.80506 ], [ -95.63809, 35.80215 ], [ -95.63686, 35.80188 ], [ -95.63632, 35.80054 ], [ -95.63713, 35.79912 ], [ -95.63892, 35.79879 ], [ -95.63817, 35.79622 ], [ -95.63955, 35.79242 ], [ -95.63979, 35.79099 ], [ -95.63831, 35.7876 ], [ -95.63514, 35.78527 ], [ -95.63302, 35.78444 ], [ -95.6316, 35.78245 ], [ -95.62526, 35.78007 ], [ -95.62442, 35.77871 ], [ -95.62152, 35.77764 ], [ -95.61538, 35.7767 ], [ -95.61182, 35.77736 ], [ -95.60937, 35.77646 ], [ -95.60527, 35.77753 ], [ -95.60448, 35.77813 ], [ -95.60195, 35.77809 ], [ -95.60051, 35.77689 ], [ -95.60035, 35.77548 ], [ -95.59641, 35.77149 ], [ -95.59355, 35.76762 ], [ -95.59015, 35.76543 ], [ -95.58465, 35.76556 ], [ -95.58362, 35.76644 ], [ -95.58197, 35.76828 ], [ -95.57987, 35.76974 ], [ -95.57729, 35.77155 ], [ -95.57664, 35.77271 ], [ -95.57257, 35.7773 ], [ -95.56826, 35.78294 ], [ -95.56652, 35.78372 ], [ -95.56435, 35.78564 ], [ -95.56309, 35.78791 ], [ -95.56104, 35.78785 ], [ -95.55631, 35.78875 ], [ -95.55354, 35.78718 ], [ -95.54788, 35.78901 ], [ -95.5446, 35.78826 ], [ -95.54193, 35.7888 ], [ -95.54089, 35.79021 ], [ -95.53854, 35.79064 ], [ -95.53151, 35.79059 ], [ -95.52735, 35.79118 ], [ -95.52599, 35.7927 ], [ -95.52401, 35.7929 ], [ -95.52073, 35.79225 ], [ -95.51448, 35.79394 ], [ -95.50009, 35.7987 ], [ -95.49755, 35.7995 ], [ -95.49099, 35.80109 ], [ -95.48385, 35.803 ], [ -95.47755, 35.8042 ], [ -95.47165, 35.8045 ], [ -95.46855, 35.804 ], [ -95.46354, 35.80469 ], [ -95.45834, 35.80317 ], [ -95.45319, 35.80239 ], [ -95.45182, 35.80143 ], [ -95.44632, 35.79994 ], [ -95.44055, 35.7997 ], [ -95.43443, 35.79919 ], [ -95.43118, 35.79865 ], [ -95.42631, 35.79838 ], [ -95.42025, 35.7996 ], [ -95.41445, 35.802 ], [ -95.40805, 35.8043 ], [ -95.40221, 35.80663 ], [ -95.40115, 35.8071 ], [ -95.39689, 35.80961 ], [ -95.39077, 35.81064 ], [ -95.38845, 35.81137 ], [ -95.38798, 35.81225 ], [ -95.38263, 35.81414 ], [ -95.37785, 35.8144 ], [ -95.37625, 35.8147 ], [ -95.37375, 35.8154 ], [ -95.36704, 35.8188 ], [ -95.36384, 35.8197 ], [ -95.36351, 35.8218 ], [ -95.36232, 35.82257 ], [ -95.36036, 35.82241 ], [ -95.35815, 35.82082 ], [ -95.35715, 35.81987 ], [ -95.35243, 35.81773 ], [ -95.3524, 35.81721 ], [ -95.34665, 35.81596 ], [ -95.34443, 35.81363 ], [ -95.3377, 35.81328 ], [ -95.33142, 35.81329 ], [ -95.32459, 35.81332 ], [ -95.324, 35.81339 ], [ -95.32244, 35.81346 ], [ -95.31789, 35.81343 ], [ -95.31115, 35.81319 ], [ -95.30514, 35.8132 ], [ -95.26568, 35.81327 ], [ -95.25875, 35.81325 ], [ -95.25271, 35.81322 ], [ -95.2516, 35.81321 ], [ -95.24486, 35.81311 ], [ -95.24268, 35.81314 ], [ -95.24155, 35.81317 ], [ -95.22962, 35.81307 ], [ -95.21635, 35.81305 ], [ -95.19851, 35.81297 ], [ -95.19508, 35.81307 ], [ -95.15433, 35.81287 ], [ -95.14498, 35.81281 ], [ -95.13701, 35.81278 ], [ -95.12716, 35.81276 ], [ -95.12712, 35.79846 ], [ -95.12713, 35.79827 ], [ -95.12712, 35.77634 ], [ -95.12712, 35.76885 ], [ -95.12713, 35.7655 ], [ -95.12713, 35.73439 ], [ -95.12731, 35.73299 ], [ -95.1272, 35.71537 ], [ -95.12736, 35.7129 ], [ -95.12716, 35.69578 ], [ -95.12718, 35.6731 ], [ -95.1272, 35.64557 ], [ -95.12721, 35.63879 ], [ -95.12746, 35.63862 ], [ -95.12735, 35.6251 ], [ -95.12761, 35.62024 ], [ -95.12727, 35.60245 ], [ -95.12724, 35.59584 ], [ -95.12731, 35.55429 ], [ -95.12731, 35.55182 ], [ -95.13127, 35.55172 ], [ -95.13229, 35.55181 ], [ -95.13229, 35.54776 ], [ -95.13231, 35.54382 ], [ -95.13227, 35.52605 ], [ -95.12754, 35.5213 ], [ -95.12657, 35.51923 ], [ -95.12649, 35.51906 ], [ -95.12524, 35.516 ], [ -95.12467, 35.51202 ], [ -95.12084, 35.5057 ], [ -95.11513, 35.5003 ], [ -95.11463, 35.49933 ], [ -95.10764, 35.49309 ], [ -95.10384, 35.4905 ], [ -95.10094, 35.4894 ], [ -95.09748, 35.48704 ], [ -95.09705, 35.48661 ], [ -95.09614, 35.4857 ], [ -95.09244, 35.4797 ], [ -95.09104, 35.4759 ], [ -95.08964, 35.4694 ], [ -95.08834, 35.4648 ], [ -95.08683, 35.4625 ], [ -95.08404, 35.4604 ], [ -95.08083, 35.4591 ], [ -95.07724, 35.4588 ], [ -95.07384, 35.45999 ], [ -95.07153, 35.46169 ], [ -95.06553, 35.4648 ], [ -95.06232, 35.46509 ], [ -95.06144, 35.46509 ], [ -95.04993, 35.45889 ], [ -95.05763, 35.45569 ], [ -95.06347, 35.45257 ], [ -95.06884, 35.4489 ], [ -95.07054, 35.4471 ], [ -95.07394, 35.4426 ], [ -95.07654, 35.438 ], [ -95.07862, 35.43486 ], [ -95.07994, 35.433 ], [ -95.08064, 35.4308 ], [ -95.08064, 35.4272 ], [ -95.08103, 35.4231 ], [ -95.08204, 35.4165 ], [ -95.08334, 35.4115 ], [ -95.08524, 35.4072 ], [ -95.08784, 35.4044 ], [ -95.09134, 35.4034 ], [ -95.10184, 35.3976 ], [ -95.10264, 35.3969 ], [ -95.10484, 35.3944 ], [ -95.10784, 35.3894 ], [ -95.11044, 35.3859 ], [ -95.11284, 35.3814 ], [ -95.11491, 35.37861 ], [ -95.12007, 35.37307 ], [ -95.12124, 35.37221 ], [ -95.12328, 35.37232 ], [ -95.12488, 35.37367 ], [ -95.12684, 35.3766 ], [ -95.12994, 35.3788 ], [ -95.13274, 35.38 ], [ -95.13544, 35.3804 ], [ -95.13924, 35.38 ], [ -95.14434, 35.3779 ], [ -95.14604, 35.3767 ], [ -95.14834, 35.3758 ], [ -95.15234, 35.37368 ], [ -95.15775, 35.37151 ], [ -95.15981, 35.37013 ], [ -95.16177, 35.36792 ], [ -95.16158, 35.36698 ], [ -95.15961, 35.36522 ], [ -95.15578, 35.36283 ], [ -95.15415, 35.36235 ], [ -95.15121, 35.36231 ], [ -95.14746, 35.36116 ], [ -95.1428, 35.35831 ], [ -95.14167, 35.35707 ], [ -95.1413, 35.35556 ], [ -95.14423, 35.34863 ], [ -95.14606, 35.34676 ], [ -95.14802, 35.34595 ], [ -95.1505, 35.34587 ], [ -95.15427, 35.34892 ], [ -95.15783, 35.35094 ], [ -95.16328, 35.35258 ], [ -95.16566, 35.35307 ], [ -95.17038, 35.35273 ], [ -95.17212, 35.35217 ], [ -95.17496, 35.35055 ], [ -95.17721, 35.34857 ], [ -95.17952, 35.3457 ], [ -95.18185, 35.34188 ], [ -95.18289, 35.33871 ], [ -95.18255, 35.33686 ], [ -95.17992, 35.33317 ], [ -95.17679, 35.32754 ], [ -95.17243, 35.31883 ], [ -95.17118, 35.31543 ], [ -95.17057, 35.31271 ], [ -95.17046, 35.31011 ], [ -95.17176, 35.30555 ], [ -95.17496, 35.3022 ], [ -95.17647, 35.30134 ], [ -95.18031, 35.30127 ], [ -95.18573, 35.30422 ], [ -95.18794, 35.30495 ], [ -95.19116, 35.30533 ], [ -95.1941, 35.30531 ], [ -95.19919, 35.30359 ], [ -95.20068, 35.30249 ], [ -95.20286, 35.29915 ], [ -95.20407, 35.29339 ], [ -95.20539, 35.28942 ], [ -95.20616, 35.28807 ], [ -95.20941, 35.28382 ], [ -95.21134, 35.28198 ], [ -95.21844, 35.27583 ], [ -95.22136, 35.27282 ], [ -95.22261, 35.27172 ], [ -95.22609, 35.2692 ], [ -95.23134, 35.26593 ], [ -95.23755, 35.26362 ], [ -95.24072, 35.26231 ], [ -95.24381, 35.26164 ], [ -95.24592, 35.26181 ], [ -95.24843, 35.26288 ], [ -95.25025, 35.2632 ], [ -95.25698, 35.26577 ], [ -95.26215, 35.26899 ], [ -95.26356, 35.27111 ], [ -95.26565, 35.2733 ], [ -95.27065, 35.2796 ], [ -95.27369, 35.28294 ], [ -95.27915, 35.288 ], [ -95.28045, 35.2887 ], [ -95.28575, 35.2934 ], [ -95.28765, 35.2948 ], [ -95.30095, 35.3014 ], [ -95.30545, 35.3023 ], [ -95.31175, 35.3027 ], [ -95.31667, 35.30209 ], [ -95.31995, 35.30125 ], [ -95.33195, 35.2988 ], [ -95.33645, 35.2974 ], [ -95.34085, 35.2949 ], [ -95.34477, 35.29304 ], [ -95.34478, 35.36242 ], [ -95.34477, 35.4053 ], [ -95.34481, 35.42808 ], [ -95.34482, 35.43505 ], [ -95.34484, 35.46792 ], [ -95.34486, 35.4914 ], [ -95.34476, 35.49232 ], [ -95.34481, 35.52224 ], [ -95.3448, 35.55039 ], [ -95.3448, 35.55175 ], [ -95.34914, 35.55176 ], [ -95.3581, 35.55181 ], [ -95.39761, 35.55175 ], [ -95.40534, 35.55175 ], [ -95.4252, 35.55173 ], [ -95.47368, 35.55174 ], [ -95.48538, 35.55174 ], [ -95.50343, 35.55173 ], [ -95.5041, 35.55178 ], [ -95.54464, 35.55172 ], [ -95.55324, 35.55172 ], [ -95.5579, 35.5517 ], [ -95.57107, 35.55171 ], [ -95.5973, 35.55171 ], [ -95.61034, 35.55172 ], [ -95.62447, 35.55172 ], [ -95.64602, 35.55172 ], [ -95.64657, 35.55172 ], [ -95.65145, 35.55171 ], [ -95.65393, 35.55171 ], [ -95.71295, 35.55174 ], [ -95.71321, 35.56618 ], [ -95.71297, 35.63751 ], [ -95.71312, 35.63931 ], [ -95.7131, 35.67786 ], [ -95.71322, 35.67838 ], [ -95.71315, 35.68192 ], [ -95.7131, 35.68843 ], [ -95.71311, 35.69698 ], [ -95.71308, 35.72581 ], [ -95.76627, 35.72575 ], [ -95.7662, 35.74802 ] ] ] ] } },
{ "type": "Feature", "properties": { "GEOID": "40103", "NAME": "Noble", "ALAND": 1895123224.0 }, "geometry": { "type": "MultiPolygon", "coordinates": [ [ [ [ -97.4616, 36.59364 ], [ -97.36317, 36.59385 ], [ -97.35469, 36.59387 ], [ -97.28288, 36.59383 ], [ -97.26839, 36.5939 ], [ -97.24804, 36.59389 ], [ -97.24677, 36.59396 ], [ -97.211, 36.59398 ], [ -97.18857, 36.59399 ], [ -97.18408, 36.59399 ], [ -97.13943, 36.59403 ], [ -97.12288, 36.59402 ], [ -97.12283, 36.59402 ], [ -97.10308, 36.59397 ], [ -97.06887, 36.59385 ], [ -97.06747, 36.59381 ], [ -97.06207, 36.59387 ], [ -97.05756, 36.59387 ], [ -97.05588, 36.59246 ], [ -97.05134, 36.59083 ], [ -97.04901, 36.5904 ], [ -97.04062, 36.58794 ], [ -97.03587, 36.58622 ], [ -97.02912, 36.58521 ], [ -97.0213, 36.58461 ], [ -97.01661, 36.58376 ], [ -97.01329, 36.58356 ], [ -97.00429, 36.58259 ], [ -97.00031, 36.58285 ], [ -96.99284, 36.58496 ], [ -96.99005, 36.58514 ], [ -96.98562, 36.585 ], [ -96.98058, 36.58596 ], [ -96.97585, 36.58521 ], [ -96.97097, 36.58606 ], [ -96.96696, 36.58628 ], [ -96.96403, 36.5874 ], [ -96.95811, 36.58839 ], [ -96.95327, 36.58948 ], [ -96.94863, 36.59 ], [ -96.94615, 36.59122 ], [ -96.94156, 36.59405 ], [ -96.93888, 36.59498 ], [ -96.93373, 36.59554 ], [ -96.93044, 36.59685 ], [ -96.92644, 36.5996 ], [ -96.92388, 36.60037 ], [ -96.92049, 36.60066 ], [ -96.91532, 36.59997 ], [ -96.91276, 36.59895 ], [ -96.90928, 36.59631 ], [ -96.90871, 36.59579 ], [ -96.90736, 36.59392 ], [ -96.90446, 36.58894 ], [ -96.90206, 36.58738 ], [ -96.8965, 36.58244 ], [ -96.89256, 36.57836 ], [ -96.8883, 36.57559 ], [ -96.88802, 36.57489 ], [ -96.88914, 36.5714 ], [ -96.88899, 36.56641 ], [ -96.89037, 36.56361 ], [ -96.8925, 36.56097 ], [ -96.89566, 36.55805 ], [ -96.89908, 36.55322 ], [ -96.90126, 36.55174 ], [ -96.90264, 36.55139 ], [ -96.90895, 36.55213 ], [ -96.91271, 36.55291 ], [ -96.91616, 36.55299 ], [ -96.92104, 36.55238 ], [ -96.92471, 36.55256 ], [ -96.92978, 36.5508 ], [ -96.93357, 36.54863 ], [ -96.93841, 36.54683 ], [ -96.94398, 36.54347 ], [ -96.94651, 36.54036 ], [ -96.94991, 36.5373 ], [ -96.95852, 36.53431 ], [ -96.96379, 36.53416 ], [ -96.97148, 36.53596 ], [ -96.97897, 36.53521 ], [ -96.98179, 36.53449 ], [ -96.98816, 36.53237 ], [ -96.99619, 36.52898 ], [ -97.0015, 36.52554 ], [ -97.00502, 36.52182 ], [ -97.00776, 36.51832 ], [ -97.0088, 36.51559 ], [ -97.00946, 36.51253 ], [ -97.00978, 36.50693 ], [ -97.01253, 36.50704 ], [ -97.03212, 36.50696 ], [ -97.03203, 36.47802 ], [ -97.03204, 36.44862 ], [ -97.03209, 36.42035 ], [ -97.03211, 36.33335 ], [ -96.93438, 36.33333 ], [ -96.92494, 36.33334 ], [ -96.92496, 36.31849 ], [ -96.92499, 36.29733 ], [ -96.92499, 36.29718 ], [ -96.92494, 36.24789 ], [ -96.92507, 36.24647 ], [ -96.92601, 36.24647 ], [ -96.93474, 36.24647 ], [ -96.96938, 36.24643 ], [ -96.99724, 36.2465 ], [ -97.01454, 36.24647 ], [ -97.10366, 36.24647 ], [ -97.13889, 36.24642 ], [ -97.14097, 36.24643 ], [ -97.14086, 36.20985 ], [ -97.14079, 36.1888 ], [ -97.1407, 36.1882 ], [ -97.14069, 36.16283 ], [ -97.14067, 36.15923 ], [ -97.17642, 36.15924 ], [ -97.23015, 36.15928 ], [ -97.23034, 36.15923 ], [ -97.23806, 36.15932 ], [ -97.25565, 36.15934 ], [ -97.28267, 36.15926 ], [ -97.30057, 36.15919 ], [ -97.32717, 36.15913 ], [ -97.35413, 36.15907 ], [ -97.35367, 36.16211 ], [ -97.35395, 36.1643 ], [ -97.46079, 36.16446 ], [ -97.46065, 36.19564 ], [ -97.46062, 36.21746 ], [ -97.46052, 36.24506 ], [ -97.46128, 36.24638 ], [ -97.4613, 36.26759 ], [ -97.46127, 36.27537 ], [ -97.4612, 36.28845 ], [ -97.46119, 36.28935 ], [ -97.46112, 36.3398 ], [ -97.46109, 36.34708 ], [ -97.46114, 36.37595 ], [ -97.46117, 36.38358 ], [ -97.46119, 36.39037 ], [ -97.46121, 36.41926 ], [ -97.46132, 36.43373 ], [ -97.46152, 36.4843 ], [ -97.46156, 36.50492 ], [ -97.4614, 36.50597 ], [ -97.46156, 36.51544 ], [ -97.46142, 36.53365 ], [ -97.46152, 36.53498 ], [ -97.4616, 36.59364 ] ] ] ] } },
{ "type": "Feature", "properties": { "GEOID": "40105", "NAME": "Nowata", "ALAND": 1465460409.0 }, "geometry": { "type": "MultiPolygon", "coordinates": [ [ [ [ -95.80988, 36.91675 ], [ -95.8099, 36.93102 ], [ -95.80982, 36.94193 ], [ -95.78666, 36.94194 ], [ -95.78669, 36.97457 ], [ -95.78672, 36.9857 ], [ -95.78676, 36.99931 ], [ -95.76872, 36.99921 ], [ -95.75991, 36.99927 ], [ -95.75479, 36.99926 ], [ -95.74647, 36.99925 ], [ -95.74191, 36.99924 ], [ -95.71805, 36.99925 ], [ -95.71489, 36.99928 ], [ -95.71051, 36.99937 ], [ -95.71038, 36.99937 ], [ -95.69666, 36.99921 ], [ -95.68645, 36.99935 ], [ -95.67404, 36.99933 ], [ -95.6643, 36.99932 ], [ -95.66042, 36.99932 ], [ -95.64237, 36.99932 ], [ -95.63798, 36.99932 ], [ -95.63008, 36.99932 ], [ -95.62875, 36.99933 ], [ -95.62435, 36.99936 ], [ -95.62101, 36.99936 ], [ -95.61593, 36.99936 ], [ -95.61574, 36.99936 ], [ -95.61214, 36.99932 ], [ -95.60152, 36.99932 ], [ -95.58899, 36.99931 ], [ -95.5736, 36.99931 ], [ -95.5344, 36.99933 ], [ -95.52241, 36.99928 ], [ -95.51158, 36.99923 ], [ -95.40773, 36.99924 ], [ -95.40775, 36.96441 ], [ -95.40784, 36.94271 ], [ -95.42483, 36.94268 ], [ -95.43176, 36.94259 ], [ -95.43177, 36.90226 ], [ -95.43177, 36.84392 ], [ -95.43175, 36.82585 ], [ -95.4317, 36.7716 ], [ -95.43169, 36.75704 ], [ -95.4317, 36.69902 ], [ -95.43167, 36.6844 ], [ -95.4316, 36.64071 ], [ -95.43157, 36.59754 ], [ -95.45362, 36.59755 ], [ -95.46494, 36.5976 ], [ -95.48968, 36.59754 ], [ -95.52724, 36.59756 ], [ -95.52796, 36.59764 ], [ -95.55597, 36.59754 ], [ -95.57996, 36.59753 ], [ -95.75618, 36.5975 ], [ -95.75838, 36.59753 ], [ -95.80954, 36.59754 ], [ -95.80953, 36.62336 ], [ -95.80956, 36.6229 ], [ -95.80951, 36.65559 ], [ -95.80948, 36.66987 ], [ -95.80967, 36.72802 ], [ -95.80968, 36.77148 ], [ -95.80986, 36.78479 ], [ -95.80973, 36.78583 ], [ -95.80986, 36.84516 ], [ -95.80971, 36.85854 ], [ -95.8098, 36.85926 ], [ -95.8099, 36.91295 ], [ -95.80988, 36.91675 ] ] ] ] } },
{ "type": "Feature", "properties": { "GEOID": "40107", "NAME": "Okfuskee", "ALAND": 1601800028.0 }, "geometry": { "type": "MultiPolygon", "coordinates": [ [ [ [ -96.62468, 35.46271 ], [ -96.62373, 35.49166 ], [ -96.62278, 35.52067 ], [ -96.62198, 35.54269 ], [ -96.62167, 35.54945 ], [ -96.62188, 35.55002 ], [ -96.62169, 35.55177 ], [ -96.62107, 35.61509 ], [ -96.62083, 35.639 ], [ -96.57654, 35.63898 ], [ -96.55647, 35.63901 ], [ -96.52948, 35.639 ], [ -96.49686, 35.63903 ], [ -96.47656, 35.63904 ], [ -96.46793, 35.63907 ], [ -96.43676, 35.63912 ], [ -96.43351, 35.63912 ], [ -96.43245, 35.63929 ], [ -96.41915, 35.63931 ], [ -96.39436, 35.63913 ], [ -96.38957, 35.63931 ], [ -96.38762, 35.63929 ], [ -96.38697, 35.63911 ], [ -96.28149, 35.63882 ], [ -96.28063, 35.6389 ], [ -96.19256, 35.63909 ], [ -96.19269, 35.55889 ], [ -96.1927, 35.55197 ], [ -96.15013, 35.55198 ], [ -96.14862, 35.55207 ], [ -96.1411, 35.55202 ], [ -96.13971, 35.55202 ], [ -96.13444, 35.55202 ], [ -96.13223, 35.55202 ], [ -96.12149, 35.55202 ], [ -96.1056, 35.55207 ], [ -96.10402, 35.55207 ], [ -96.0878, 35.552 ], [ -96.08774, 35.52001 ], [ -96.08772, 35.46398 ], [ -96.08762, 35.43494 ], [ -96.08765, 35.42043 ], [ -96.08772, 35.41852 ], [ -96.08753, 35.37688 ], [ -96.02561, 35.37683 ], [ -95.98147, 35.37679 ], [ -95.9815, 35.3034 ], [ -95.98151, 35.28978 ], [ -96.06464, 35.28977 ], [ -96.06624, 35.28984 ], [ -96.09622, 35.28989 ], [ -96.12283, 35.28996 ], [ -96.1415, 35.28999 ], [ -96.17573, 35.29003 ], [ -96.22566, 35.29005 ], [ -96.24462, 35.29005 ], [ -96.2821, 35.29005 ], [ -96.40591, 35.29018 ], [ -96.44137, 35.29012 ], [ -96.44138, 35.31173 ], [ -96.44128, 35.33371 ], [ -96.44128, 35.34814 ], [ -96.44125, 35.39182 ], [ -96.44115, 35.43494 ], [ -96.44122, 35.43543 ], [ -96.44129, 35.46771 ], [ -96.44222, 35.46556 ], [ -96.44348, 35.46114 ], [ -96.4462, 35.45844 ], [ -96.44924, 35.45943 ], [ -96.45255, 35.45821 ], [ -96.45399, 35.45881 ], [ -96.45456, 35.46015 ], [ -96.45651, 35.46126 ], [ -96.45905, 35.46151 ], [ -96.46224, 35.46091 ], [ -96.46382, 35.45873 ], [ -96.46559, 35.45811 ], [ -96.4693, 35.45957 ], [ -96.47041, 35.46058 ], [ -96.47151, 35.46299 ], [ -96.4731, 35.46396 ], [ -96.47575, 35.46342 ], [ -96.47669, 35.46091 ], [ -96.47673, 35.45887 ], [ -96.48106, 35.45388 ], [ -96.48419, 35.4512 ], [ -96.4855, 35.45078 ], [ -96.48774, 35.44916 ], [ -96.48828, 35.44823 ], [ -96.48797, 35.44583 ], [ -96.48428, 35.44453 ], [ -96.48306, 35.44249 ], [ -96.48302, 35.43984 ], [ -96.4844, 35.43655 ], [ -96.48752, 35.43252 ], [ -96.49012, 35.43094 ], [ -96.49176, 35.43042 ], [ -96.49659, 35.4289 ], [ -96.50157, 35.42872 ], [ -96.5057, 35.43 ], [ -96.51141, 35.42964 ], [ -96.51863, 35.4312 ], [ -96.52041, 35.4326 ], [ -96.51971, 35.43581 ], [ -96.52155, 35.43849 ], [ -96.52548, 35.44114 ], [ -96.52966, 35.44446 ], [ -96.53234, 35.44637 ], [ -96.53461, 35.44687 ], [ -96.53649, 35.44716 ], [ -96.53928, 35.44977 ], [ -96.54033, 35.45339 ], [ -96.54321, 35.45732 ], [ -96.54412, 35.45783 ], [ -96.54618, 35.45747 ], [ -96.54612, 35.45642 ], [ -96.54368, 35.45414 ], [ -96.54447, 35.45273 ], [ -96.54564, 35.45268 ], [ -96.54892, 35.45354 ], [ -96.55364, 35.45431 ], [ -96.55466, 35.45345 ], [ -96.55329, 35.44991 ], [ -96.55409, 35.44783 ], [ -96.55648, 35.44736 ], [ -96.5587, 35.44891 ], [ -96.56029, 35.44875 ], [ -96.56123, 35.44747 ], [ -96.56234, 35.44418 ], [ -96.56305, 35.44328 ], [ -96.56537, 35.44227 ], [ -96.56816, 35.44222 ], [ -96.56913, 35.44168 ], [ -96.5696, 35.43956 ], [ -96.56848, 35.43816 ], [ -96.56463, 35.43606 ], [ -96.55572, 35.43457 ], [ -96.55631, 35.43262 ], [ -96.55907, 35.4292 ], [ -96.56067, 35.42443 ], [ -96.56082, 35.42269 ], [ -96.5601, 35.42156 ], [ -96.55684, 35.41882 ], [ -96.55549, 35.41984 ], [ -96.55562, 35.422 ], [ -96.5548, 35.42283 ], [ -96.55263, 35.42299 ], [ -96.55171, 35.42225 ], [ -96.5511, 35.42013 ], [ -96.54919, 35.4196 ], [ -96.54778, 35.41855 ], [ -96.5481, 35.41753 ], [ -96.55001, 35.41574 ], [ -96.55, 35.41494 ], [ -96.54691, 35.41296 ], [ -96.54405, 35.41184 ], [ -96.54051, 35.41204 ], [ -96.53716, 35.41094 ], [ -96.53692, 35.40969 ], [ -96.53813, 35.40523 ], [ -96.53741, 35.40353 ], [ -96.53455, 35.40271 ], [ -96.53188, 35.40091 ], [ -96.5317, 35.39981 ], [ -96.53377, 35.39715 ], [ -96.53458, 35.39498 ], [ -96.53439, 35.39389 ], [ -96.5351, 35.39146 ], [ -96.53515, 35.39137 ], [ -96.53672, 35.39077 ], [ -96.53829, 35.39093 ], [ -96.5394, 35.39183 ], [ -96.54191, 35.39256 ], [ -96.54658, 35.39261 ], [ -96.55, 35.39218 ], [ -96.5544, 35.39366 ], [ -96.55673, 35.39497 ], [ -96.55651, 35.39902 ], [ -96.55494, 35.40169 ], [ -96.55557, 35.40244 ], [ -96.55686, 35.4024 ], [ -96.56111, 35.40019 ], [ -96.56542, 35.39937 ], [ -96.56695, 35.39938 ], [ -96.56985, 35.40108 ], [ -96.57422, 35.40194 ], [ -96.57667, 35.40193 ], [ -96.57733, 35.40266 ], [ -96.57745, 35.40479 ], [ -96.57868, 35.40718 ], [ -96.58137, 35.40953 ], [ -96.58565, 35.41147 ], [ -96.5891, 35.41157 ], [ -96.5917, 35.40878 ], [ -96.594, 35.40428 ], [ -96.595, 35.40315 ], [ -96.59625, 35.4002 ], [ -96.59728, 35.39883 ], [ -96.59972, 35.39695 ], [ -96.60483, 35.39938 ], [ -96.60671, 35.39937 ], [ -96.60637, 35.39798 ], [ -96.60676, 35.39588 ], [ -96.6102, 35.39426 ], [ -96.61139, 35.39423 ], [ -96.61261, 35.39657 ], [ -96.61378, 35.39682 ], [ -96.61603, 35.3957 ], [ -96.61731, 35.39583 ], [ -96.6213, 35.39809 ], [ -96.62264, 35.40026 ], [ -96.6237, 35.40072 ], [ -96.62372, 35.40189 ], [ -96.62429, 35.40467 ], [ -96.62468, 35.46271 ] ] ] ] } },
{ "type": "Feature", "properties": { "GEOID": "40109", "NAME": "Oklahoma", "ALAND": 1836035186.0 }, "geometry": { "type": "MultiPolygon", "coordinates": [ [ [ [ -97.67405, 35.56932 ], [ -97.67405, 35.57047 ], [ -97.67404, 35.57297 ], [ -97.67404, 35.5735 ], [ -97.67404, 35.57366 ], [ -97.67404, 35.5766 ], [ -97.67404, 35.58028 ], [ -97.67404, 35.58796 ], [ -97.67404, 35.59476 ], [ -97.67404, 35.59482 ], [ -97.67402, 35.60925 ], [ -97.674, 35.62396 ], [ -97.67395, 35.63854 ], [ -97.67395, 35.65296 ], [ -97.67402, 35.68207 ], [ -97.67399, 35.68922 ], [ -97.67401, 35.70383 ], [ -97.67403, 35.72597 ], [ -97.6651, 35.72596 ], [ -97.63847, 35.72591 ], [ -97.62063, 35.72587 ], [ -97.58466, 35.72579 ], [ -97.56716, 35.72582 ], [ -97.54967, 35.72576 ], [ -97.53186, 35.72565 ], [ -97.51995, 35.72559 ], [ -97.51405, 35.72556 ], [ -97.49622, 35.72547 ], [ -97.49544, 35.72546 ], [ -97.48371, 35.72541 ], [ -97.47836, 35.72537 ], [ -97.46051, 35.72534 ], [ -97.45195, 35.72531 ], [ -97.44306, 35.72528 ], [ -97.41937, 35.72525 ], [ -97.41616, 35.72503 ], [ -97.41303, 35.72529 ], [ -97.38948, 35.72527 ], [ -97.37158, 35.72529 ], [ -97.35967, 35.72534 ], [ -97.35521, 35.72536 ], [ -97.33632, 35.72522 ], [ -97.31845, 35.72521 ], [ -97.31788, 35.72511 ], [ -97.30064, 35.72512 ], [ -97.24819, 35.72489 ], [ -97.24714, 35.7248 ], [ -97.24713, 35.72487 ], [ -97.22438, 35.72479 ], [ -97.22081, 35.72492 ], [ -97.21201, 35.72478 ], [ -97.21076, 35.72472 ], [ -97.14107, 35.7244 ], [ -97.14097, 35.70626 ], [ -97.14097, 35.70616 ], [ -97.14114, 35.68097 ], [ -97.14129, 35.65934 ], [ -97.14129, 35.65172 ], [ -97.14128, 35.64469 ], [ -97.1413, 35.63751 ], [ -97.14129, 35.61575 ], [ -97.14128, 35.60947 ], [ -97.14113, 35.60848 ], [ -97.14123, 35.57951 ], [ -97.1409, 35.57422 ], [ -97.14081, 35.56527 ], [ -97.1408, 35.56498 ], [ -97.14092, 35.5511 ], [ -97.14144, 35.55018 ], [ -97.14134, 35.49254 ], [ -97.14169, 35.47183 ], [ -97.1414, 35.46933 ], [ -97.14134, 35.46885 ], [ -97.14149, 35.46398 ], [ -97.14166, 35.44176 ], [ -97.14167, 35.43491 ], [ -97.14164, 35.43478 ], [ -97.1418, 35.42042 ], [ -97.14186, 35.4158 ], [ -97.14188, 35.41136 ], [ -97.14192, 35.40629 ], [ -97.14177, 35.40402 ], [ -97.14177, 35.40113 ], [ -97.14177, 35.39862 ], [ -97.14197, 35.39769 ], [ -97.142, 35.39145 ], [ -97.14191, 35.38429 ], [ -97.14211, 35.37686 ], [ -97.15946, 35.37709 ], [ -97.15979, 35.37709 ], [ -97.19513, 35.37706 ], [ -97.21286, 35.37714 ], [ -97.23049, 35.37717 ], [ -97.23885, 35.37729 ], [ -97.23904, 35.37729 ], [ -97.265, 35.37737 ], [ -97.30017, 35.37732 ], [ -97.31774, 35.37729 ], [ -97.31783, 35.37729 ], [ -97.33553, 35.37723 ], [ -97.34416, 35.37722 ], [ -97.3442, 35.37722 ], [ -97.35318, 35.37725 ], [ -97.35808, 35.37724 ], [ -97.40596, 35.37727 ], [ -97.42357, 35.37732 ], [ -97.43324, 35.37729 ], [ -97.44122, 35.37727 ], [ -97.45923, 35.37734 ], [ -97.47698, 35.37732 ], [ -97.49511, 35.37727 ], [ -97.50349, 35.37724 ], [ -97.50351, 35.37724 ], [ -97.5124, 35.37721 ], [ -97.51242, 35.37721 ], [ -97.52126, 35.37718 ], [ -97.53011, 35.37715 ], [ -97.53014, 35.37715 ], [ -97.53897, 35.37714 ], [ -97.54438, 35.37714 ], [ -97.54783, 35.37713 ], [ -97.54786, 35.37713 ], [ -97.55918, 35.37711 ], [ -97.56555, 35.3771 ], [ -97.56556, 35.3771 ], [ -97.57012, 35.37711 ], [ -97.57501, 35.37712 ], [ -97.63609, 35.37713 ], [ -97.6623, 35.37715 ], [ -97.67137, 35.37715 ], [ -97.67136, 35.37946 ], [ -97.67137, 35.39165 ], [ -97.67138, 35.39308 ], [ -97.67138, 35.40622 ], [ -97.67142, 35.42078 ], [ -97.67142, 35.42079 ], [ -97.6714, 35.42832 ], [ -97.67141, 35.43535 ], [ -97.67141, 35.43547 ], [ -97.67143, 35.44789 ], [ -97.6715, 35.44844 ], [ -97.67153, 35.46042 ], [ -97.67154, 35.46421 ], [ -97.67153, 35.47135 ], [ -97.67146, 35.47875 ], [ -97.67146, 35.48584 ], [ -97.67149, 35.48607 ], [ -97.67151, 35.49296 ], [ -97.67149, 35.50745 ], [ -97.67148, 35.51492 ], [ -97.67147, 35.53002 ], [ -97.67146, 35.53737 ], [ -97.67144, 35.55111 ], [ -97.67248, 35.55111 ], [ -97.67405, 35.55113 ], [ -97.67404, 35.55731 ], [ -97.67405, 35.5657 ], [ -97.67405, 35.56932 ] ] ] ] } },
{ "type": "Feature", "properties": { "GEOID": "40111", "NAME": "Okmulgee", "ALAND": 1806369916.0 }, "geometry": { "type": "MultiPolygon", "coordinates": [ [ [ [ -96.19269, 35.55889 ], [ -96.19256, 35.63909 ], [ -96.19263, 35.6777 ], [ -96.19252, 35.67827 ], [ -96.19261, 35.70057 ], [ -96.19257, 35.70096 ], [ -96.19255, 35.72624 ], [ -96.19253, 35.74079 ], [ -96.19252, 35.76922 ], [ -96.19243, 35.77008 ], [ -96.19242, 35.79153 ], [ -96.1924, 35.85699 ], [ -96.19193, 35.85699 ], [ -96.15955, 35.85705 ], [ -96.13974, 35.85709 ], [ -96.13723, 35.8571 ], [ -96.08613, 35.8572 ], [ -96.03312, 35.85682 ], [ -96.01541, 35.85688 ], [ -96.01517, 35.85692 ], [ -96.00643, 35.8569 ], [ -95.99751, 35.85684 ], [ -95.99676, 35.85715 ], [ -95.99611, 35.85682 ], [ -95.98432, 35.85683 ], [ -95.97979, 35.85688 ], [ -95.97526, 35.85682 ], [ -95.97097, 35.85683 ], [ -95.96684, 35.8568 ], [ -95.94407, 35.85658 ], [ -95.90837, 35.8564 ], [ -95.89947, 35.85636 ], [ -95.89054, 35.85634 ], [ -95.87276, 35.85631 ], [ -95.8374, 35.85627 ], [ -95.82829, 35.85627 ], [ -95.81946, 35.85625 ], [ -95.81941, 35.85625 ], [ -95.80174, 35.85627 ], [ -95.76611, 35.85628 ], [ -95.76613, 35.81277 ], [ -95.7662, 35.74802 ], [ -95.76627, 35.72575 ], [ -95.71308, 35.72581 ], [ -95.71311, 35.69698 ], [ -95.7131, 35.68843 ], [ -95.71315, 35.68192 ], [ -95.71322, 35.67838 ], [ -95.7131, 35.67786 ], [ -95.71312, 35.63931 ], [ -95.71297, 35.63751 ], [ -95.71321, 35.56618 ], [ -95.71295, 35.55174 ], [ -95.73138, 35.55173 ], [ -95.79913, 35.55173 ], [ -95.80076, 35.55173 ], [ -95.82236, 35.55169 ], [ -95.82246, 35.51452 ], [ -95.82253, 35.50633 ], [ -95.82237, 35.50456 ], [ -95.82241, 35.4877 ], [ -95.82243, 35.46378 ], [ -95.82243, 35.46368 ], [ -95.87535, 35.46362 ], [ -95.87535, 35.45617 ], [ -95.8754, 35.42021 ], [ -95.87537, 35.41278 ], [ -95.87537, 35.40951 ], [ -95.87537, 35.40567 ], [ -95.8754, 35.39044 ], [ -95.87541, 35.37669 ], [ -95.89369, 35.37668 ], [ -95.94292, 35.37676 ], [ -95.94453, 35.37684 ], [ -95.94596, 35.37677 ], [ -95.96079, 35.37681 ], [ -95.98147, 35.37679 ], [ -96.02561, 35.37683 ], [ -96.08753, 35.37688 ], [ -96.08772, 35.41852 ], [ -96.08765, 35.42043 ], [ -96.08762, 35.43494 ], [ -96.08772, 35.46398 ], [ -96.08774, 35.52001 ], [ -96.0878, 35.552 ], [ -96.10402, 35.55207 ], [ -96.1056, 35.55207 ], [ -96.12149, 35.55202 ], [ -96.13223, 35.55202 ], [ -96.13444, 35.55202 ], [ -96.13971, 35.55202 ], [ -96.1411, 35.55202 ], [ -96.14862, 35.55207 ], [ -96.15013, 35.55198 ], [ -96.1927, 35.55197 ], [ -96.19269, 35.55889 ] ] ] ] } },
{ "type": "Feature", "properties": { "GEOID": "40113", "NAME": "Osage", "ALAND": 5818878186.0 }, "geometry": { "type": "MultiPolygon", "coordinates": [ [ [ [ -97.06448, 36.68076 ], [ -97.06411, 36.68421 ], [ -97.06141, 36.68686 ], [ -97.05702, 36.68899 ], [ -97.05324, 36.69221 ], [ -97.0502, 36.69386 ], [ -97.04878, 36.69467 ], [ -97.04714, 36.69544 ], [ -97.04487, 36.69634 ], [ -97.04306, 36.69702 ], [ -97.03848, 36.69929 ], [ -97.03635, 36.70108 ], [ -97.03253, 36.70196 ], [ -97.03068, 36.70159 ], [ -97.02756, 36.69916 ], [ -97.02419, 36.6934 ], [ -97.02106, 36.69286 ], [ -97.01925, 36.69307 ], [ -97.01522, 36.6944 ], [ -97.01202, 36.69404 ], [ -97.00694, 36.69228 ], [ -97.00539, 36.694 ], [ -97.00303, 36.69345 ], [ -96.99568, 36.68821 ], [ -96.99541, 36.68814 ], [ -96.99536, 36.68812 ], [ -96.99204, 36.6876 ], [ -96.98976, 36.68824 ], [ -96.98574, 36.68811 ], [ -96.97841, 36.68867 ], [ -96.9729, 36.68827 ], [ -96.96709, 36.68854 ], [ -96.96571, 36.68793 ], [ -96.959, 36.68623 ], [ -96.95018, 36.68363 ], [ -96.94768, 36.68353 ], [ -96.94373, 36.68388 ], [ -96.9411, 36.68469 ], [ -96.93194, 36.6861 ], [ -96.93101, 36.6865 ], [ -96.92741, 36.68842 ], [ -96.92852, 36.69368 ], [ -96.92809, 36.69559 ], [ -96.92679, 36.69781 ], [ -96.9226, 36.70287 ], [ -96.92189, 36.70637 ], [ -96.92091, 36.7171 ], [ -96.92055, 36.71775 ], [ -96.91809, 36.7188 ], [ -96.9132, 36.72272 ], [ -96.90974, 36.7271 ], [ -96.9086, 36.73015 ], [ -96.90743, 36.73584 ], [ -96.90586, 36.73713 ], [ -96.90359, 36.7386 ], [ -96.89571, 36.74582 ], [ -96.88858, 36.75179 ], [ -96.88734, 36.75213 ], [ -96.88222, 36.75157 ], [ -96.87878, 36.75185 ], [ -96.87181, 36.75365 ], [ -96.86869, 36.75354 ], [ -96.86637, 36.75294 ], [ -96.86168, 36.75004 ], [ -96.85363, 36.74611 ], [ -96.85012, 36.74634 ], [ -96.84834, 36.74601 ], [ -96.84367, 36.74439 ], [ -96.83897, 36.74371 ], [ -96.8341, 36.74344 ], [ -96.83038, 36.74417 ], [ -96.82664, 36.74534 ], [ -96.82467, 36.74669 ], [ -96.82167, 36.75004 ], [ -96.82014, 36.75278 ], [ -96.81806, 36.75899 ], [ -96.81879, 36.76178 ], [ -96.81883, 36.76366 ], [ -96.82066, 36.76588 ], [ -96.82259, 36.76756 ], [ -96.78869, 36.7676 ], [ -96.78865, 36.78201 ], [ -96.75238, 36.78209 ], [ -96.75232, 36.83546 ], [ -96.75266, 36.83843 ], [ -96.75258, 36.8428 ], [ -96.75224, 36.84298 ], [ -96.75229, 36.89886 ], [ -96.75215, 36.94123 ], [ -96.75003, 36.94124 ], [ -96.74984, 36.99899 ], [ -96.74127, 36.99924 ], [ -96.73659, 36.99929 ], [ -96.73198, 36.99928 ], [ -96.71048, 36.99927 ], [ -96.70543, 36.9992 ], [ -96.62449, 36.99898 ], [ -96.60736, 36.99894 ], [ -96.52558, 36.99871 ], [ -96.50029, 36.99864 ], [ -96.41577, 36.99911 ], [ -96.41541, 36.99911 ], [ -96.39427, 36.99922 ], [ -96.38156, 36.99923 ], [ -96.3803, 36.99923 ], [ -96.34528, 36.99924 ], [ -96.28485, 36.99927 ], [ -96.27908, 36.99927 ], [ -96.27637, 36.99927 ], [ -96.23532, 36.99913 ], [ -96.21757, 36.99907 ], [ -96.20003, 36.99903 ], [ -96.18477, 36.99921 ], [ -96.18471, 36.99921 ], [ -96.18471, 36.99921 ], [ -96.15402, 36.99916 ], [ -96.15238, 36.99905 ], [ -96.14971, 36.99904 ], [ -96.14714, 36.99902 ], [ -96.14321, 36.99913 ], [ -96.14121, 36.99897 ], [ -96.09128, 36.99893 ], [ -96.03577, 36.99889 ], [ -96.00081, 36.99886 ], [ -96.00077, 36.86869 ], [ -96.00077, 36.86762 ], [ -96.00076, 36.85868 ], [ -96.00075, 36.83982 ], [ -96.00072, 36.82538 ], [ -96.00068, 36.78607 ], [ -96.0007, 36.78182 ], [ -96.00069, 36.78011 ], [ -96.00069, 36.77423 ], [ -96.00069, 36.77244 ], [ -96.00066, 36.76731 ], [ -96.00069, 36.75886 ], [ -96.00064, 36.75228 ], [ -96.00065, 36.74867 ], [ -96.00065, 36.73733 ], [ -96.00067, 36.72526 ], [ -96.00068, 36.71339 ], [ -96.00064, 36.67624 ], [ -96.00073, 36.65071 ], [ -96.00073, 36.64107 ], [ -96.00075, 36.59782 ], [ -96.00082, 36.59768 ], [ -96.00086, 36.58038 ], [ -96.00096, 36.5353 ], [ -96.00104, 36.49597 ], [ -96.00109, 36.46687 ], [ -96.00113, 36.4484 ], [ -96.00114, 36.43976 ], [ -96.00117, 36.42369 ], [ -96.00117, 36.42348 ], [ -96.0012, 36.40245 ], [ -96.00121, 36.39843 ], [ -96.00126, 36.37398 ], [ -96.00119, 36.37217 ], [ -96.00119, 36.37207 ], [ -96.00131, 36.36852 ], [ -96.00125, 36.36154 ], [ -96.00133, 36.34705 ], [ -96.00133, 36.34696 ], [ -96.00134, 36.34566 ], [ -96.00133, 36.33661 ], [ -96.00133, 36.33447 ], [ -96.00132, 36.3326 ], [ -96.00132, 36.32216 ], [ -96.00132, 36.31848 ], [ -96.00146, 36.3179 ], [ -96.00146, 36.30745 ], [ -96.00147, 36.30706 ], [ -96.0015, 36.30337 ], [ -96.00152, 36.29251 ], [ -96.00151, 36.28548 ], [ -96.00132, 36.27937 ], [ -96.00131, 36.25002 ], [ -96.00139, 36.24927 ], [ -96.00141, 36.2453 ], [ -96.00141, 36.24522 ], [ -96.00141, 36.24482 ], [ -96.0014, 36.24213 ], [ -96.0014, 36.23495 ], [ -96.00142, 36.23078 ], [ -96.00146, 36.22697 ], [ -96.00142, 36.22383 ], [ -96.00142, 36.22064 ], [ -96.00128, 36.21925 ], [ -96.00128, 36.21299 ], [ -96.00127, 36.20592 ], [ -96.00126, 36.20529 ], [ -96.00125, 36.19172 ], [ -96.00124, 36.18057 ], [ -96.00124, 36.17694 ], [ -96.00123, 36.17332 ], [ -96.00123, 36.16885 ], [ -96.00122, 36.16244 ], [ -96.00123, 36.1613 ], [ -96.01095, 36.16132 ], [ -96.01488, 36.16129 ], [ -96.02923, 36.16122 ], [ -96.04375, 36.16113 ], [ -96.04729, 36.16113 ], [ -96.05532, 36.16109 ], [ -96.05619, 36.16109 ], [ -96.06298, 36.16087 ], [ -96.07336, 36.16108 ], [ -96.07342, 36.16108 ], [ -96.07458, 36.16092 ], [ -96.07697, 36.16091 ], [ -96.0825, 36.16101 ], [ -96.08294, 36.16095 ], [ -96.08407, 36.16089 ], [ -96.09078, 36.1609 ], [ -96.10574, 36.16093 ], [ -96.10611, 36.16093 ], [ -96.10874, 36.16094 ], [ -96.11122, 36.16094 ], [ -96.11129, 36.16094 ], [ -96.11902, 36.16096 ], [ -96.12641, 36.16098 ], [ -96.13934, 36.161 ], [ -96.1415, 36.16101 ], [ -96.16207, 36.16104 ], [ -96.16211, 36.16104 ], [ -96.17464, 36.16106 ], [ -96.17499, 36.16108 ], [ -96.18964, 36.16116 ], [ -96.21263, 36.16148 ], [ -96.21907, 36.16156 ], [ -96.22601, 36.16157 ], [ -96.26654, 36.16198 ], [ -96.26689, 36.16198 ], [ -96.26829, 36.16198 ], [ -96.27021, 36.16762 ], [ -96.26944, 36.1731 ], [ -96.26918, 36.17368 ], [ -96.26453, 36.17944 ], [ -96.25773, 36.18366 ], [ -96.25074, 36.18891 ], [ -96.24756, 36.19155 ], [ -96.24558, 36.19414 ], [ -96.24397, 36.19696 ], [ -96.24305, 36.20024 ], [ -96.24287, 36.2019 ], [ -96.24282, 36.20473 ], [ -96.24461, 36.21081 ], [ -96.24634, 36.21468 ], [ -96.25029, 36.21998 ], [ -96.25108, 36.22075 ], [ -96.25396, 36.22377 ], [ -96.25662, 36.22568 ], [ -96.25943, 36.22649 ], [ -96.26733, 36.22745 ], [ -96.27714, 36.22729 ], [ -96.27949, 36.22708 ], [ -96.28575, 36.22718 ], [ -96.29047, 36.22687 ], [ -96.30147, 36.22822 ], [ -96.30633, 36.22831 ], [ -96.30877, 36.228 ], [ -96.31312, 36.22795 ], [ -96.31651, 36.22753 ], [ -96.32216, 36.22621 ], [ -96.32673, 36.22655 ], [ -96.32951, 36.22709 ], [ -96.3366, 36.22884 ], [ -96.34, 36.23002 ], [ -96.34289, 36.23158 ], [ -96.34768, 36.2344 ], [ -96.35148, 36.23748 ], [ -96.35779, 36.24438 ], [ -96.35914, 36.24595 ], [ -96.36256, 36.25008 ], [ -96.36617, 36.25272 ], [ -96.37131, 36.2558 ], [ -96.37909, 36.26154 ], [ -96.38148, 36.26358 ], [ -96.38679, 36.26714 ], [ -96.39289, 36.27018 ], [ -96.40131, 36.27347 ], [ -96.4087, 36.27517 ], [ -96.4155, 36.27625 ], [ -96.42243, 36.27746 ], [ -96.42495, 36.27848 ], [ -96.4278, 36.28018 ], [ -96.43381, 36.28589 ], [ -96.43631, 36.28975 ], [ -96.43795, 36.29416 ], [ -96.43853, 36.30505 ], [ -96.442, 36.31512 ], [ -96.44576, 36.32127 ], [ -96.45327, 36.3294 ], [ -96.45424, 36.33037 ], [ -96.45683, 36.33217 ], [ -96.46125, 36.33371 ], [ -96.4644, 36.33405 ], [ -96.47406, 36.33358 ], [ -96.47861, 36.33268 ], [ -96.4841, 36.33111 ], [ -96.48699, 36.32962 ], [ -96.4881, 36.32792 ], [ -96.49544, 36.31976 ], [ -96.4973, 36.31732 ], [ -96.4987, 36.31214 ], [ -96.50142, 36.30736 ], [ -96.50275, 36.30589 ], [ -96.50571, 36.30304 ], [ -96.51103, 36.30001 ], [ -96.51305, 36.29929 ], [ -96.51523, 36.29833 ], [ -96.51992, 36.29715 ], [ -96.52528, 36.29641 ], [ -96.52889, 36.29656 ], [ -96.53187, 36.29631 ], [ -96.53641, 36.29642 ], [ -96.54703, 36.29813 ], [ -96.55245, 36.29993 ], [ -96.55519, 36.30147 ], [ -96.56058, 36.30397 ], [ -96.56391, 36.3061 ], [ -96.5668, 36.30837 ], [ -96.56931, 36.31083 ], [ -96.57348, 36.31571 ], [ -96.57351, 36.32013 ], [ -96.57283, 36.32704 ], [ -96.5733, 36.32942 ], [ -96.57246, 36.33264 ], [ -96.56847, 36.33788 ], [ -96.56438, 36.34283 ], [ -96.55903, 36.34854 ], [ -96.55537, 36.35078 ], [ -96.55397, 36.35128 ], [ -96.54649, 36.35216 ], [ -96.53923, 36.35389 ], [ -96.53647, 36.35536 ], [ -96.53418, 36.35596 ], [ -96.53114, 36.35827 ], [ -96.52675, 36.36239 ], [ -96.52314, 36.36521 ], [ -96.52202, 36.36727 ], [ -96.52146, 36.3712 ], [ -96.51931, 36.37343 ], [ -96.51863, 36.37505 ], [ -96.51871, 36.37758 ], [ -96.52, 36.38046 ], [ -96.5224, 36.38706 ], [ -96.52362, 36.38844 ], [ -96.52432, 36.39086 ], [ -96.5266, 36.39422 ], [ -96.53008, 36.39662 ], [ -96.5312, 36.39698 ], [ -96.53634, 36.39988 ], [ -96.5389, 36.40055 ], [ -96.54072, 36.4004 ], [ -96.54852, 36.39633 ], [ -96.55138, 36.39418 ], [ -96.5542, 36.39151 ], [ -96.56096, 36.38628 ], [ -96.56637, 36.38042 ], [ -96.56926, 36.37794 ], [ -96.57213, 36.37599 ], [ -96.5757, 36.37435 ], [ -96.57848, 36.3738 ], [ -96.58309, 36.37351 ], [ -96.58646, 36.37386 ], [ -96.59011, 36.37493 ], [ -96.59125, 36.37507 ], [ -96.5937, 36.37622 ], [ -96.59539, 36.3771 ], [ -96.60054, 36.38063 ], [ -96.60188, 36.38226 ], [ -96.60227, 36.38697 ], [ -96.60357, 36.39364 ], [ -96.60424, 36.39826 ], [ -96.60645, 36.40327 ], [ -96.60929, 36.40474 ], [ -96.61303, 36.40533 ], [ -96.61474, 36.40704 ], [ -96.61709, 36.40782 ], [ -96.62023, 36.40995 ], [ -96.62109, 36.41168 ], [ -96.62247, 36.41637 ], [ -96.62739, 36.42223 ], [ -96.63251, 36.42382 ], [ -96.63573, 36.42591 ], [ -96.63827, 36.42583 ], [ -96.6476, 36.42389 ], [ -96.6529, 36.42354 ], [ -96.66169, 36.4227 ], [ -96.66751, 36.42116 ], [ -96.67451, 36.42042 ], [ -96.67846, 36.42085 ], [ -96.68255, 36.42178 ], [ -96.69016, 36.42411 ], [ -96.69266, 36.42614 ], [ -96.69478, 36.42695 ], [ -96.702, 36.43137 ], [ -96.70615, 36.43539 ], [ -96.71077, 36.43766 ], [ -96.71223, 36.4397 ], [ -96.7158, 36.4431 ], [ -96.71713, 36.44534 ], [ -96.71753, 36.44819 ], [ -96.71807, 36.45398 ], [ -96.71774, 36.45531 ], [ -96.71326, 36.46341 ], [ -96.71228, 36.46523 ], [ -96.71023, 36.47092 ], [ -96.70828, 36.47482 ], [ -96.70619, 36.47756 ], [ -96.70578, 36.4787 ], [ -96.70556, 36.48112 ], [ -96.70627, 36.48621 ], [ -96.70764, 36.48937 ], [ -96.70967, 36.49118 ], [ -96.7139, 36.49278 ], [ -96.71995, 36.49682 ], [ -96.72485, 36.5032 ], [ -96.72459, 36.50521 ], [ -96.72315, 36.50894 ], [ -96.72289, 36.51682 ], [ -96.72349, 36.52018 ], [ -96.72531, 36.52289 ], [ -96.72695, 36.52613 ], [ -96.72826, 36.53197 ], [ -96.73039, 36.53832 ], [ -96.73267, 36.54323 ], [ -96.7362, 36.54799 ], [ -96.73724, 36.55009 ], [ -96.74058, 36.55299 ], [ -96.74316, 36.554 ], [ -96.74651, 36.55768 ], [ -96.74871, 36.55953 ], [ -96.7517, 36.56114 ], [ -96.75355, 36.5626 ], [ -96.75509, 36.56256 ], [ -96.76354, 36.56472 ], [ -96.76698, 36.56531 ], [ -96.76947, 36.56541 ], [ -96.77339, 36.56353 ], [ -96.78047, 36.56103 ], [ -96.78321, 36.56052 ], [ -96.7868, 36.55835 ], [ -96.78941, 36.55627 ], [ -96.79088, 36.55556 ], [ -96.79815, 36.55356 ], [ -96.80236, 36.55112 ], [ -96.8079, 36.54695 ], [ -96.82061, 36.53932 ], [ -96.82247, 36.53532 ], [ -96.82411, 36.53345 ], [ -96.82636, 36.52951 ], [ -96.83169, 36.5264 ], [ -96.83437, 36.52461 ], [ -96.83628, 36.52285 ], [ -96.83771, 36.52077 ], [ -96.83718, 36.51622 ], [ -96.83741, 36.51441 ], [ -96.83791, 36.51175 ], [ -96.83902, 36.5097 ], [ -96.84229, 36.50728 ], [ -96.8427, 36.50595 ], [ -96.84762, 36.49886 ], [ -96.85138, 36.49259 ], [ -96.85185, 36.49106 ], [ -96.85581, 36.4877 ], [ -96.85744, 36.48588 ], [ -96.86041, 36.48502 ], [ -96.86558, 36.48117 ], [ -96.86798, 36.47747 ], [ -96.87068, 36.47464 ], [ -96.87394, 36.47262 ], [ -96.87532, 36.47091 ], [ -96.87737, 36.4707 ], [ -96.88398, 36.47249 ], [ -96.88756, 36.47278 ], [ -96.89045, 36.47202 ], [ -96.8932, 36.47019 ], [ -96.89667, 36.46875 ], [ -96.90184, 36.46827 ], [ -96.90378, 36.46897 ], [ -96.9072, 36.46868 ], [ -96.91248, 36.46784 ], [ -96.91754, 36.46393 ], [ -96.91993, 36.46319 ], [ -96.92351, 36.46343 ], [ -96.92556, 36.46269 ], [ -96.926, 36.4615 ], [ -96.92824, 36.45956 ], [ -96.93046, 36.45899 ], [ -96.93383, 36.45628 ], [ -96.93528, 36.45594 ], [ -96.94024, 36.45553 ], [ -96.94757, 36.45746 ], [ -96.95434, 36.46005 ], [ -96.96097, 36.46008 ], [ -96.96725, 36.46012 ], [ -96.97458, 36.4626 ], [ -96.97799, 36.46437 ], [ -96.98196, 36.46606 ], [ -96.98251, 36.46667 ], [ -96.98379, 36.47048 ], [ -96.98873, 36.47496 ], [ -96.99266, 36.47786 ], [ -96.99799, 36.48037 ], [ -97.00076, 36.48121 ], [ -97.0052, 36.48566 ], [ -97.00697, 36.48925 ], [ -97.0068, 36.49291 ], [ -97.00842, 36.49661 ], [ -97.00862, 36.50003 ], [ -97.00973, 36.50391 ], [ -97.00978, 36.50693 ], [ -97.00946, 36.51253 ], [ -97.0088, 36.51559 ], [ -97.00776, 36.51832 ], [ -97.00502, 36.52182 ], [ -97.0015, 36.52554 ], [ -96.99619, 36.52898 ], [ -96.98816, 36.53237 ], [ -96.98179, 36.53449 ], [ -96.97897, 36.53521 ], [ -96.97148, 36.53596 ], [ -96.96379, 36.53416 ], [ -96.95852, 36.53431 ], [ -96.94991, 36.5373 ], [ -96.94651, 36.54036 ], [ -96.94398, 36.54347 ], [ -96.93841, 36.54683 ], [ -96.93357, 36.54863 ], [ -96.92978, 36.5508 ], [ -96.92471, 36.55256 ], [ -96.92104, 36.55238 ], [ -96.91616, 36.55299 ], [ -96.91271, 36.55291 ], [ -96.90895, 36.55213 ], [ -96.90264, 36.55139 ], [ -96.90126, 36.55174 ], [ -96.89908, 36.55322 ], [ -96.89566, 36.55805 ], [ -96.8925, 36.56097 ], [ -96.89037, 36.56361 ], [ -96.88899, 36.56641 ], [ -96.88914, 36.5714 ], [ -96.88802, 36.57489 ], [ -96.8883, 36.57559 ], [ -96.89256, 36.57836 ], [ -96.8965, 36.58244 ], [ -96.90206, 36.58738 ], [ -96.90446, 36.58894 ], [ -96.90736, 36.59392 ], [ -96.90871, 36.59579 ], [ -96.90928, 36.59631 ], [ -96.91276, 36.59895 ], [ -96.91532, 36.59997 ], [ -96.92049, 36.60066 ], [ -96.92388, 36.60037 ], [ -96.92644, 36.5996 ], [ -96.93044, 36.59685 ], [ -96.93373, 36.59554 ], [ -96.93888, 36.59498 ], [ -96.94156, 36.59405 ], [ -96.94615, 36.59122 ], [ -96.94863, 36.59 ], [ -96.95327, 36.58948 ], [ -96.95811, 36.58839 ], [ -96.96403, 36.5874 ], [ -96.96696, 36.58628 ], [ -96.97097, 36.58606 ], [ -96.97585, 36.58521 ], [ -96.98058, 36.58596 ], [ -96.98562, 36.585 ], [ -96.99005, 36.58514 ], [ -96.99284, 36.58496 ], [ -97.00031, 36.58285 ], [ -97.00429, 36.58259 ], [ -97.01329, 36.58356 ], [ -97.01661, 36.58376 ], [ -97.0213, 36.58461 ], [ -97.02912, 36.58521 ], [ -97.03587, 36.58622 ], [ -97.04062, 36.58794 ], [ -97.04901, 36.5904 ], [ -97.05134, 36.59083 ], [ -97.05588, 36.59246 ], [ -97.05756, 36.59387 ], [ -97.05815, 36.59653 ], [ -97.0571, 36.59783 ], [ -97.05414, 36.59812 ], [ -97.04897, 36.59718 ], [ -97.04689, 36.59744 ], [ -97.04391, 36.59993 ], [ -97.04469, 36.60272 ], [ -97.04944, 36.6081 ], [ -97.05171, 36.61111 ], [ -97.05211, 36.61258 ], [ -97.05176, 36.61627 ], [ -97.04962, 36.62018 ], [ -97.04856, 36.62323 ], [ -97.04884, 36.62504 ], [ -97.0509, 36.62881 ], [ -97.0511, 36.62995 ], [ -97.05098, 36.63744 ], [ -97.05152, 36.64122 ], [ -97.05301, 36.64393 ], [ -97.0546, 36.64545 ], [ -97.05793, 36.64775 ], [ -97.06101, 36.64909 ], [ -97.06199, 36.65073 ], [ -97.06216, 36.6531 ], [ -97.06307, 36.65574 ], [ -97.06323, 36.65792 ], [ -97.06253, 36.66035 ], [ -97.06344, 36.66423 ], [ -97.06405, 36.66531 ], [ -97.06386, 36.67211 ], [ -97.06438, 36.67588 ], [ -97.06447, 36.68048 ], [ -97.06448, 36.68076 ] ] ] ] } },
{ "type": "Feature", "properties": { "GEOID": "40115", "NAME": "Ottawa", "ALAND": 1219410535.0 }, "geometry": { "type": "MultiPolygon", "coordinates": [ [ [ [ -95.03735, 36.97617 ], [ -95.03563, 36.97737 ], [ -95.03418, 36.97699 ], [ -95.03167, 36.97531 ], [ -95.0286, 36.97609 ], [ -95.02793, 36.97779 ], [ -95.02894, 36.97922 ], [ -95.03229, 36.98113 ], [ -95.03324, 36.98231 ], [ -95.03411, 36.98465 ], [ -95.0347, 36.98927 ], [ -95.03458, 36.99248 ], [ -95.03401, 36.99426 ], [ -95.02543, 36.9948 ], [ -95.0216, 36.99534 ], [ -95.01721, 36.99462 ], [ -95.01495, 36.995 ], [ -95.01211, 36.99659 ], [ -95.00855, 36.99797 ], [ -95.00762, 36.99951 ], [ -94.99529, 36.99953 ], [ -94.94061, 36.99928 ], [ -94.90438, 36.99911 ], [ -94.86689, 36.99894 ], [ -94.8532, 36.99887 ], [ -94.8498, 36.99888 ], [ -94.84437, 36.99885 ], [ -94.84093, 36.99883 ], [ -94.83154, 36.99881 ], [ -94.83128, 36.99881 ], [ -94.80897, 36.99879 ], [ -94.77726, 36.99876 ], [ -94.77704, 36.99876 ], [ -94.74968, 36.99871 ], [ -94.74499, 36.9987 ], [ -94.7407, 36.99869 ], [ -94.73932, 36.99869 ], [ -94.73718, 36.99867 ], [ -94.73151, 36.99869 ], [ -94.72242, 36.99874 ], [ -94.71277, 36.99879 ], [ -94.71127, 36.9988 ], [ -94.7018, 36.99881 ], [ -94.69974, 36.9988 ], [ -94.62522, 36.99867 ], [ -94.61796, 36.99891 ], [ -94.61805, 36.99621 ], [ -94.61805, 36.9959 ], [ -94.61805, 36.9959 ], [ -94.61803, 36.9947 ], [ -94.61803, 36.95528 ], [ -94.61803, 36.95016 ], [ -94.61811, 36.94656 ], [ -94.61817, 36.93758 ], [ -94.6183, 36.92965 ], [ -94.61821, 36.92624 ], [ -94.61821, 36.92613 ], [ -94.61824, 36.91996 ], [ -94.61828, 36.91147 ], [ -94.61824, 36.89708 ], [ -94.61824, 36.89703 ], [ -94.61833, 36.89364 ], [ -94.61866, 36.88006 ], [ -94.61866, 36.87999 ], [ -94.61856, 36.86891 ], [ -94.61856, 36.8689 ], [ -94.61856, 36.86873 ], [ -94.61856, 36.86842 ], [ -94.61838, 36.84732 ], [ -94.61838, 36.84375 ], [ -94.61837, 36.83378 ], [ -94.61836, 36.82456 ], [ -94.61836, 36.82449 ], [ -94.61836, 36.82188 ], [ -94.61831, 36.77133 ], [ -94.61831, 36.76656 ], [ -94.61828, 36.75678 ], [ -94.61822, 36.73311 ], [ -94.61817, 36.71668 ], [ -94.61815, 36.70858 ], [ -94.61813, 36.70142 ], [ -94.61803, 36.66943 ], [ -94.61802, 36.66795 ], [ -94.61802, 36.66792 ], [ -94.7156, 36.66776 ], [ -94.73298, 36.66778 ], [ -94.73411, 36.66754 ], [ -94.74959, 36.66747 ], [ -94.75005, 36.66776 ], [ -94.76451, 36.66781 ], [ -94.7736, 36.66782 ], [ -94.77494, 36.66781 ], [ -94.77924, 36.66776 ], [ -94.78248, 36.67061 ], [ -94.83741, 36.67053 ], [ -94.8408, 36.67056 ], [ -94.85546, 36.67051 ], [ -94.86451, 36.67052 ], [ -94.88652, 36.67045 ], [ -94.90456, 36.67046 ], [ -94.94528, 36.67052 ], [ -94.9994, 36.67063 ], [ -94.99939, 36.69837 ], [ -94.99936, 36.69972 ], [ -94.99932, 36.74324 ], [ -94.99933, 36.75777 ], [ -94.99932, 36.77222 ], [ -94.99934, 36.80122 ], [ -94.9993, 36.81572 ], [ -94.99926, 36.85926 ], [ -94.9992, 36.90257 ], [ -94.99915, 36.9431 ], [ -94.99554, 36.94322 ], [ -94.99341, 36.94804 ], [ -94.99339, 36.94994 ], [ -94.99469, 36.95118 ], [ -94.99636, 36.9518 ], [ -95.00024, 36.95161 ], [ -95.00465, 36.95263 ], [ -95.0099, 36.95486 ], [ -95.01384, 36.95719 ], [ -95.01979, 36.95953 ], [ -95.02223, 36.9608 ], [ -95.02806, 36.9665 ], [ -95.02857, 36.97004 ], [ -95.03071, 36.97243 ], [ -95.0348, 36.97266 ], [ -95.03645, 36.97329 ], [ -95.03773, 36.9749 ], [ -95.03735, 36.97617 ] ] ] ] } },
{ "type": "Feature", "properties": { "GEOID": "40117", "NAME": "Pawnee", "ALAND": 1472027960.0 }, "geometry": { "type": "MultiPolygon", "coordinates": [ [ [ [ -97.03212, 36.50696 ], [ -97.01253, 36.50704 ], [ -97.00978, 36.50693 ], [ -97.00973, 36.50391 ], [ -97.00862, 36.50003 ], [ -97.00842, 36.49661 ], [ -97.0068, 36.49291 ], [ -97.00697, 36.48925 ], [ -97.0052, 36.48566 ], [ -97.00076, 36.48121 ], [ -96.99799, 36.48037 ], [ -96.99266, 36.47786 ], [ -96.98873, 36.47496 ], [ -96.98379, 36.47048 ], [ -96.98251, 36.46667 ], [ -96.98196, 36.46606 ], [ -96.97799, 36.46437 ], [ -96.97458, 36.4626 ], [ -96.96725, 36.46012 ], [ -96.96097, 36.46008 ], [ -96.95434, 36.46005 ], [ -96.94757, 36.45746 ], [ -96.94024, 36.45553 ], [ -96.93528, 36.45594 ], [ -96.93383, 36.45628 ], [ -96.93046, 36.45899 ], [ -96.92824, 36.45956 ], [ -96.926, 36.4615 ], [ -96.92556, 36.46269 ], [ -96.92351, 36.46343 ], [ -96.91993, 36.46319 ], [ -96.91754, 36.46393 ], [ -96.91248, 36.46784 ], [ -96.9072, 36.46868 ], [ -96.90378, 36.46897 ], [ -96.90184, 36.46827 ], [ -96.89667, 36.46875 ], [ -96.8932, 36.47019 ], [ -96.89045, 36.47202 ], [ -96.88756, 36.47278 ], [ -96.88398, 36.47249 ], [ -96.87737, 36.4707 ], [ -96.87532, 36.47091 ], [ -96.87394, 36.47262 ], [ -96.87068, 36.47464 ], [ -96.86798, 36.47747 ], [ -96.86558, 36.48117 ], [ -96.86041, 36.48502 ], [ -96.85744, 36.48588 ], [ -96.85581, 36.4877 ], [ -96.85185, 36.49106 ], [ -96.85138, 36.49259 ], [ -96.84762, 36.49886 ], [ -96.8427, 36.50595 ], [ -96.84229, 36.50728 ], [ -96.83902, 36.5097 ], [ -96.83791, 36.51175 ], [ -96.83741, 36.51441 ], [ -96.83718, 36.51622 ], [ -96.83771, 36.52077 ], [ -96.83628, 36.52285 ], [ -96.83437, 36.52461 ], [ -96.83169, 36.5264 ], [ -96.82636, 36.52951 ], [ -96.82411, 36.53345 ], [ -96.82247, 36.53532 ], [ -96.82061, 36.53932 ], [ -96.8079, 36.54695 ], [ -96.80236, 36.55112 ], [ -96.79815, 36.55356 ], [ -96.79088, 36.55556 ], [ -96.78941, 36.55627 ], [ -96.7868, 36.55835 ], [ -96.78321, 36.56052 ], [ -96.78047, 36.56103 ], [ -96.77339, 36.56353 ], [ -96.76947, 36.56541 ], [ -96.76698, 36.56531 ], [ -96.76354, 36.56472 ], [ -96.75509, 36.56256 ], [ -96.75355, 36.5626 ], [ -96.7517, 36.56114 ], [ -96.74871, 36.55953 ], [ -96.74651, 36.55768 ], [ -96.74316, 36.554 ], [ -96.74058, 36.55299 ], [ -96.73724, 36.55009 ], [ -96.7362, 36.54799 ], [ -96.73267, 36.54323 ], [ -96.73039, 36.53832 ], [ -96.72826, 36.53197 ], [ -96.72695, 36.52613 ], [ -96.72531, 36.52289 ], [ -96.72349, 36.52018 ], [ -96.72289, 36.51682 ], [ -96.72315, 36.50894 ], [ -96.72459, 36.50521 ], [ -96.72485, 36.5032 ], [ -96.71995, 36.49682 ], [ -96.7139, 36.49278 ], [ -96.70967, 36.49118 ], [ -96.70764, 36.48937 ], [ -96.70627, 36.48621 ], [ -96.70556, 36.48112 ], [ -96.70578, 36.4787 ], [ -96.70619, 36.47756 ], [ -96.70828, 36.47482 ], [ -96.71023, 36.47092 ], [ -96.71228, 36.46523 ], [ -96.71326, 36.46341 ], [ -96.71774, 36.45531 ], [ -96.71807, 36.45398 ], [ -96.71753, 36.44819 ], [ -96.71713, 36.44534 ], [ -96.7158, 36.4431 ], [ -96.71223, 36.4397 ], [ -96.71077, 36.43766 ], [ -96.70615, 36.43539 ], [ -96.702, 36.43137 ], [ -96.69478, 36.42695 ], [ -96.69266, 36.42614 ], [ -96.69016, 36.42411 ], [ -96.68255, 36.42178 ], [ -96.67846, 36.42085 ], [ -96.67451, 36.42042 ], [ -96.66751, 36.42116 ], [ -96.66169, 36.4227 ], [ -96.6529, 36.42354 ], [ -96.6476, 36.42389 ], [ -96.63827, 36.42583 ], [ -96.63573, 36.42591 ], [ -96.63251, 36.42382 ], [ -96.62739, 36.42223 ], [ -96.62247, 36.41637 ], [ -96.62109, 36.41168 ], [ -96.62023, 36.40995 ], [ -96.61709, 36.40782 ], [ -96.61474, 36.40704 ], [ -96.61303, 36.40533 ], [ -96.60929, 36.40474 ], [ -96.60645, 36.40327 ], [ -96.60424, 36.39826 ], [ -96.60357, 36.39364 ], [ -96.60227, 36.38697 ], [ -96.60188, 36.38226 ], [ -96.60054, 36.38063 ], [ -96.59539, 36.3771 ], [ -96.5937, 36.37622 ], [ -96.59125, 36.37507 ], [ -96.59011, 36.37493 ], [ -96.58646, 36.37386 ], [ -96.58309, 36.37351 ], [ -96.57848, 36.3738 ], [ -96.5757, 36.37435 ], [ -96.57213, 36.37599 ], [ -96.56926, 36.37794 ], [ -96.56637, 36.38042 ], [ -96.56096, 36.38628 ], [ -96.5542, 36.39151 ], [ -96.55138, 36.39418 ], [ -96.54852, 36.39633 ], [ -96.54072, 36.4004 ], [ -96.5389, 36.40055 ], [ -96.53634, 36.39988 ], [ -96.5312, 36.39698 ], [ -96.53008, 36.39662 ], [ -96.5266, 36.39422 ], [ -96.52432, 36.39086 ], [ -96.52362, 36.38844 ], [ -96.5224, 36.38706 ], [ -96.52, 36.38046 ], [ -96.51871, 36.37758 ], [ -96.51863, 36.37505 ], [ -96.51931, 36.37343 ], [ -96.52146, 36.3712 ], [ -96.52202, 36.36727 ], [ -96.52314, 36.36521 ], [ -96.52675, 36.36239 ], [ -96.53114, 36.35827 ], [ -96.53418, 36.35596 ], [ -96.53647, 36.35536 ], [ -96.53923, 36.35389 ], [ -96.54649, 36.35216 ], [ -96.55397, 36.35128 ], [ -96.55537, 36.35078 ], [ -96.55903, 36.34854 ], [ -96.56438, 36.34283 ], [ -96.56847, 36.33788 ], [ -96.57246, 36.33264 ], [ -96.5733, 36.32942 ], [ -96.57283, 36.32704 ], [ -96.57351, 36.32013 ], [ -96.57348, 36.31571 ], [ -96.56931, 36.31083 ], [ -96.5668, 36.30837 ], [ -96.56391, 36.3061 ], [ -96.56058, 36.30397 ], [ -96.55519, 36.30147 ], [ -96.55245, 36.29993 ], [ -96.54703, 36.29813 ], [ -96.53641, 36.29642 ], [ -96.53187, 36.29631 ], [ -96.52889, 36.29656 ], [ -96.52528, 36.29641 ], [ -96.51992, 36.29715 ], [ -96.51523, 36.29833 ], [ -96.51305, 36.29929 ], [ -96.51103, 36.30001 ], [ -96.50571, 36.30304 ], [ -96.50275, 36.30589 ], [ -96.50142, 36.30736 ], [ -96.4987, 36.31214 ], [ -96.4973, 36.31732 ], [ -96.49544, 36.31976 ], [ -96.4881, 36.32792 ], [ -96.48699, 36.32962 ], [ -96.4841, 36.33111 ], [ -96.47861, 36.33268 ], [ -96.47406, 36.33358 ], [ -96.4644, 36.33405 ], [ -96.46125, 36.33371 ], [ -96.45683, 36.33217 ], [ -96.45424, 36.33037 ], [ -96.45327, 36.3294 ], [ -96.44576, 36.32127 ], [ -96.442, 36.31512 ], [ -96.43853, 36.30505 ], [ -96.43795, 36.29416 ], [ -96.43631, 36.28975 ], [ -96.43381, 36.28589 ], [ -96.4278, 36.28018 ], [ -96.42495, 36.27848 ], [ -96.42243, 36.27746 ], [ -96.4155, 36.27625 ], [ -96.4087, 36.27517 ], [ -96.40131, 36.27347 ], [ -96.39289, 36.27018 ], [ -96.38679, 36.26714 ], [ -96.38148, 36.26358 ], [ -96.37909, 36.26154 ], [ -96.37131, 36.2558 ], [ -96.36617, 36.25272 ], [ -96.36256, 36.25008 ], [ -96.35914, 36.24595 ], [ -96.35779, 36.24438 ], [ -96.35148, 36.23748 ], [ -96.34768, 36.2344 ], [ -96.34289, 36.23158 ], [ -96.34, 36.23002 ], [ -96.3366, 36.22884 ], [ -96.32951, 36.22709 ], [ -96.32673, 36.22655 ], [ -96.32216, 36.22621 ], [ -96.31651, 36.22753 ], [ -96.31312, 36.22795 ], [ -96.30877, 36.228 ], [ -96.30633, 36.22831 ], [ -96.30147, 36.22822 ], [ -96.29047, 36.22687 ], [ -96.28575, 36.22718 ], [ -96.27949, 36.22708 ], [ -96.27714, 36.22729 ], [ -96.26733, 36.22745 ], [ -96.25943, 36.22649 ], [ -96.25662, 36.22568 ], [ -96.25396, 36.22377 ], [ -96.25108, 36.22075 ], [ -96.25029, 36.21998 ], [ -96.24634, 36.21468 ], [ -96.24461, 36.21081 ], [ -96.24282, 36.20473 ], [ -96.24287, 36.2019 ], [ -96.24305, 36.20024 ], [ -96.24397, 36.19696 ], [ -96.24558, 36.19414 ], [ -96.24756, 36.19155 ], [ -96.25074, 36.18891 ], [ -96.25773, 36.18366 ], [ -96.26453, 36.17944 ], [ -96.26918, 36.17368 ], [ -96.26944, 36.1731 ], [ -96.27021, 36.16762 ], [ -96.26829, 36.16198 ], [ -96.27271, 36.16208 ], [ -96.27349, 36.16208 ], [ -96.29789, 36.16228 ], [ -96.30535, 36.16232 ], [ -96.32922, 36.16246 ], [ -96.35169, 36.16259 ], [ -96.3527, 36.16259 ], [ -96.37134, 36.1627 ], [ -96.37613, 36.16273 ], [ -96.40081, 36.16288 ], [ -96.42235, 36.16302 ], [ -96.42273, 36.16304 ], [ -96.42813, 36.16306 ], [ -96.44054, 36.16313 ], [ -96.44667, 36.16317 ], [ -96.44796, 36.16318 ], [ -96.51272, 36.16348 ], [ -96.51653, 36.16348 ], [ -96.5528, 36.16349 ], [ -96.571, 36.1635 ], [ -96.62092, 36.16344 ], [ -96.62209, 36.16279 ], [ -96.62212, 36.1599 ], [ -96.62639, 36.16016 ], [ -96.62906, 36.15984 ], [ -96.64176, 36.15978 ], [ -96.65857, 36.15974 ], [ -96.66148, 36.15964 ], [ -96.70468, 36.15961 ], [ -96.71315, 36.15957 ], [ -96.72449, 36.15949 ], [ -96.72705, 36.15923 ], [ -96.72797, 36.15944 ], [ -96.78397, 36.15923 ], [ -96.78554, 36.15942 ], [ -96.80236, 36.15936 ], [ -96.80471, 36.15904 ], [ -96.81901, 36.15889 ], [ -96.81901, 36.16167 ], [ -96.819, 36.16244 ], [ -96.81886, 36.18776 ], [ -96.81871, 36.21687 ], [ -96.81889, 36.22552 ], [ -96.81836, 36.22989 ], [ -96.8185, 36.23531 ], [ -96.81897, 36.24648 ], [ -96.83712, 36.24651 ], [ -96.85389, 36.24652 ], [ -96.85414, 36.24654 ], [ -96.87134, 36.24647 ], [ -96.88961, 36.24647 ], [ -96.92507, 36.24647 ], [ -96.92494, 36.24789 ], [ -96.92499, 36.29718 ], [ -96.92499, 36.29733 ], [ -96.92496, 36.31849 ], [ -96.92494, 36.33334 ], [ -96.93438, 36.33333 ], [ -97.03211, 36.33335 ], [ -97.03209, 36.42035 ], [ -97.03204, 36.44862 ], [ -97.03203, 36.47802 ], [ -97.03212, 36.50696 ] ] ] ] } },
{ "type": "Feature", "properties": { "GEOID": "40119", "NAME": "Payne", "ALAND": 1773885850.0 }, "geometry": { "type": "MultiPolygon", "coordinates": [ [ [ [ -97.35413, 36.15907 ], [ -97.32717, 36.15913 ], [ -97.30057, 36.15919 ], [ -97.28267, 36.15926 ], [ -97.25565, 36.15934 ], [ -97.23806, 36.15932 ], [ -97.23034, 36.15923 ], [ -97.23015, 36.15928 ], [ -97.17642, 36.15924 ], [ -97.14067, 36.15923 ], [ -97.14069, 36.16283 ], [ -97.1407, 36.1882 ], [ -97.14079, 36.1888 ], [ -97.14086, 36.20985 ], [ -97.14097, 36.24643 ], [ -97.13889, 36.24642 ], [ -97.10366, 36.24647 ], [ -97.01454, 36.24647 ], [ -96.99724, 36.2465 ], [ -96.96938, 36.24643 ], [ -96.93474, 36.24647 ], [ -96.92601, 36.24647 ], [ -96.92507, 36.24647 ], [ -96.88961, 36.24647 ], [ -96.87134, 36.24647 ], [ -96.85414, 36.24654 ], [ -96.85389, 36.24652 ], [ -96.83712, 36.24651 ], [ -96.81897, 36.24648 ], [ -96.8185, 36.23531 ], [ -96.81836, 36.22989 ], [ -96.81889, 36.22552 ], [ -96.81871, 36.21687 ], [ -96.81886, 36.18776 ], [ -96.819, 36.16244 ], [ -96.81901, 36.16167 ], [ -96.81901, 36.15889 ], [ -96.80471, 36.15904 ], [ -96.80236, 36.15936 ], [ -96.78554, 36.15942 ], [ -96.78397, 36.15923 ], [ -96.72797, 36.15944 ], [ -96.72705, 36.15923 ], [ -96.72449, 36.15949 ], [ -96.71315, 36.15957 ], [ -96.70468, 36.15961 ], [ -96.66148, 36.15964 ], [ -96.65857, 36.15974 ], [ -96.64176, 36.15978 ], [ -96.62906, 36.15984 ], [ -96.62639, 36.16016 ], [ -96.62212, 36.1599 ], [ -96.62144, 36.15993 ], [ -96.62231, 36.12657 ], [ -96.62248, 36.09085 ], [ -96.62265, 36.08756 ], [ -96.6225, 36.08699 ], [ -96.62261, 36.07308 ], [ -96.62254, 36.06097 ], [ -96.62286, 36.05842 ], [ -96.62246, 36.05523 ], [ -96.62235, 36.04697 ], [ -96.62235, 36.04692 ], [ -96.62207, 36.02562 ], [ -96.62173, 36.00041 ], [ -96.62167, 35.99566 ], [ -96.62148, 35.987 ], [ -96.62103, 35.97641 ], [ -96.62113, 35.97194 ], [ -96.62079, 35.97037 ], [ -96.62036, 35.95931 ], [ -96.61965, 35.94157 ], [ -96.63318, 35.9415 ], [ -96.63783, 35.94169 ], [ -96.64248, 35.94192 ], [ -96.64703, 35.94196 ], [ -96.64851, 35.94181 ], [ -96.65105, 35.94176 ], [ -96.66012, 35.94167 ], [ -96.66504, 35.94193 ], [ -96.67787, 35.94207 ], [ -96.6959, 35.94208 ], [ -96.73153, 35.94218 ], [ -96.75786, 35.94214 ], [ -96.76726, 35.94213 ], [ -96.78477, 35.94219 ], [ -96.82029, 35.94229 ], [ -96.86488, 35.94215 ], [ -96.87377, 35.94214 ], [ -96.87935, 35.94178 ], [ -96.90626, 35.94166 ], [ -96.90953, 35.94154 ], [ -96.91803, 35.94183 ], [ -96.92607, 35.94189 ], [ -96.92704, 35.94204 ], [ -96.94159, 35.9419 ], [ -96.94504, 35.94215 ], [ -96.96271, 35.94217 ], [ -96.96634, 35.94193 ], [ -97.01642, 35.94207 ], [ -97.1207, 35.94222 ], [ -97.1248, 35.942 ], [ -97.14058, 35.94199 ], [ -97.14046, 35.95906 ], [ -97.14289, 35.95422 ], [ -97.14411, 35.95312 ], [ -97.15141, 35.94842 ], [ -97.15823, 35.94515 ], [ -97.16186, 35.94385 ], [ -97.16687, 35.94282 ], [ -97.17238, 35.94101 ], [ -97.18059, 35.94069 ], [ -97.18955, 35.94116 ], [ -97.19264, 35.94164 ], [ -97.1981, 35.94303 ], [ -97.20359, 35.94479 ], [ -97.20584, 35.94596 ], [ -97.20806, 35.94776 ], [ -97.20955, 35.95143 ], [ -97.21217, 35.95472 ], [ -97.21762, 35.96034 ], [ -97.21911, 35.96266 ], [ -97.22119, 35.96457 ], [ -97.22626, 35.96637 ], [ -97.23205, 35.96804 ], [ -97.23429, 35.9696 ], [ -97.24317, 35.97218 ], [ -97.24685, 35.97237 ], [ -97.25181, 35.97257 ], [ -97.25791, 35.97328 ], [ -97.26362, 35.97339 ], [ -97.26539, 35.97279 ], [ -97.2704, 35.9728 ], [ -97.27532, 35.97315 ], [ -97.27756, 35.97378 ], [ -97.28223, 35.97797 ], [ -97.28426, 35.97882 ], [ -97.28588, 35.98049 ], [ -97.28453, 35.98545 ], [ -97.28454, 35.98714 ], [ -97.28536, 35.99179 ], [ -97.28747, 35.99668 ], [ -97.2946, 36.00556 ], [ -97.2971, 36.00769 ], [ -97.30045, 36.00927 ], [ -97.30861, 36.01099 ], [ -97.31195, 36.01031 ], [ -97.31676, 36.0113 ], [ -97.32362, 36.01088 ], [ -97.32626, 36.00817 ], [ -97.32828, 36.00691 ], [ -97.3314, 36.00673 ], [ -97.33404, 36.00467 ], [ -97.33662, 36.00006 ], [ -97.33661, 35.99917 ], [ -97.33975, 35.99367 ], [ -97.34706, 35.98841 ], [ -97.35325, 35.98533 ], [ -97.35387, 35.98493 ], [ -97.35383, 36.01241 ], [ -97.35395, 36.01266 ], [ -97.35396, 36.05777 ], [ -97.35396, 36.05782 ], [ -97.35397, 36.05799 ], [ -97.35397, 36.05805 ], [ -97.3539, 36.11136 ], [ -97.35383, 36.11201 ], [ -97.3538, 36.1143 ], [ -97.3538, 36.11567 ], [ -97.3538, 36.11599 ], [ -97.3538, 36.11607 ], [ -97.3538, 36.11628 ], [ -97.35381, 36.11637 ], [ -97.35413, 36.15907 ] ] ] ] } },
{ "type": "Feature", "properties": { "GEOID": "40121", "NAME": "Pittsburg", "ALAND": 3381261537.0 }, "geometry": { "type": "MultiPolygon", "coordinates": [ [ [ [ -96.092, 34.76748 ], [ -96.09191, 34.8111 ], [ -96.09188, 34.85454 ], [ -96.08901, 34.85474 ], [ -96.08894, 34.9117 ], [ -96.08891, 34.93117 ], [ -96.08899, 34.93208 ], [ -96.08891, 34.94898 ], [ -96.08908, 34.95128 ], [ -96.08879, 35.04988 ], [ -96.08013, 35.05167 ], [ -96.07324, 35.05341 ], [ -96.07244, 35.05382 ], [ -96.0701, 35.05551 ], [ -96.06924, 35.05658 ], [ -96.06821, 35.05976 ], [ -96.0669, 35.0625 ], [ -96.06562, 35.06619 ], [ -96.0643, 35.07113 ], [ -96.06384, 35.07463 ], [ -96.06331, 35.08327 ], [ -96.06271, 35.08807 ], [ -96.06094, 35.09158 ], [ -96.05657, 35.0961 ], [ -96.05493, 35.0973 ], [ -96.04739, 35.10133 ], [ -96.04186, 35.10435 ], [ -96.03794, 35.10939 ], [ -96.03521, 35.11393 ], [ -96.02997, 35.12034 ], [ -96.02892, 35.12082 ], [ -96.02624, 35.12058 ], [ -96.01387, 35.11656 ], [ -96.01231, 35.11671 ], [ -96.01036, 35.11744 ], [ -96.00921, 35.11876 ], [ -96.00888, 35.1222 ], [ -96.01117, 35.13181 ], [ -96.01303, 35.13692 ], [ -96.01364, 35.14179 ], [ -96.01229, 35.14506 ], [ -96.01026, 35.14663 ], [ -96.00913, 35.14722 ], [ -96.0051, 35.14877 ], [ -95.99028, 35.15084 ], [ -95.98338, 35.1516 ], [ -95.98308, 35.15169 ], [ -95.97178, 35.1525 ], [ -95.96555, 35.1525 ], [ -95.95938, 35.1521 ], [ -95.95738, 35.1517 ], [ -95.95278, 35.1514 ], [ -95.94658, 35.15 ], [ -95.94258, 35.1484 ], [ -95.93788, 35.147 ], [ -95.92846, 35.14359 ], [ -95.92558, 35.1429 ], [ -95.91779, 35.1425 ], [ -95.90797, 35.14349 ], [ -95.90587, 35.14399 ], [ -95.90066, 35.14655 ], [ -95.89997, 35.1469 ], [ -95.89654, 35.14905 ], [ -95.89217, 35.1521 ], [ -95.88837, 35.1557 ], [ -95.88527, 35.1597 ], [ -95.88357, 35.1626 ], [ -95.87637, 35.1769 ], [ -95.87451, 35.18027 ], [ -95.87066, 35.18599 ], [ -95.86917, 35.1869 ], [ -95.86667, 35.1873 ], [ -95.86257, 35.1868 ], [ -95.85677, 35.1866 ], [ -95.84947, 35.1883 ], [ -95.84777, 35.1884 ], [ -95.84457, 35.1872 ], [ -95.83967, 35.1844 ], [ -95.83887, 35.1843 ], [ -95.82827, 35.1862 ], [ -95.82427, 35.1875 ], [ -95.81687, 35.1912 ], [ -95.81327, 35.1935 ], [ -95.80837, 35.1954 ], [ -95.80417, 35.1963 ], [ -95.79757, 35.1971 ], [ -95.79327, 35.1973 ], [ -95.78757, 35.1964 ], [ -95.78477, 35.1953 ], [ -95.78197, 35.1935 ], [ -95.77947, 35.1908 ], [ -95.77707, 35.1887 ], [ -95.77217, 35.1837 ], [ -95.77053, 35.18177 ], [ -95.76847, 35.179 ], [ -95.76707, 35.1781 ], [ -95.76397, 35.1771 ], [ -95.75797, 35.1767 ], [ -95.75597, 35.1772 ], [ -95.75187, 35.18097 ], [ -95.74957, 35.18371 ], [ -95.74802, 35.18772 ], [ -95.74582, 35.19047 ], [ -95.74389, 35.19188 ], [ -95.73999, 35.1928 ], [ -95.73517, 35.19282 ], [ -95.72977, 35.19205 ], [ -95.72779, 35.19138 ], [ -95.72753, 35.19129 ], [ -95.72214, 35.18946 ], [ -95.71896, 35.18885 ], [ -95.71616, 35.18935 ], [ -95.71478, 35.19131 ], [ -95.71238, 35.19713 ], [ -95.70982, 35.20047 ], [ -95.70826, 35.20182 ], [ -95.70715, 35.2023 ], [ -95.70377, 35.2024 ], [ -95.69717, 35.203 ], [ -95.6912, 35.20467 ], [ -95.68682, 35.20499 ], [ -95.67998, 35.20346 ], [ -95.67911, 35.20387 ], [ -95.67746, 35.20672 ], [ -95.67419, 35.20891 ], [ -95.67527, 35.21016 ], [ -95.6791, 35.21128 ], [ -95.68049, 35.21234 ], [ -95.68233, 35.21501 ], [ -95.68277, 35.2164 ], [ -95.68097, 35.221 ], [ -95.67687, 35.2248 ], [ -95.67207, 35.2273 ], [ -95.66507, 35.2289 ], [ -95.65747, 35.2314 ], [ -95.64326, 35.2382 ], [ -95.63587, 35.24132 ], [ -95.63496, 35.2417 ], [ -95.62806, 35.2468 ], [ -95.62426, 35.248 ], [ -95.61566, 35.2497 ], [ -95.61026, 35.2497 ], [ -95.60916, 35.2493 ], [ -95.60606, 35.2471 ], [ -95.60366, 35.243 ], [ -95.60346, 35.2394 ], [ -95.60456, 35.237 ], [ -95.60676, 35.2351 ], [ -95.61176, 35.2337 ], [ -95.61986, 35.2304 ], [ -95.62266, 35.2284 ], [ -95.62296, 35.2276 ], [ -95.62246, 35.2247 ], [ -95.61946, 35.2222 ], [ -95.61686, 35.2214 ], [ -95.61286, 35.2211 ], [ -95.60814, 35.2204 ], [ -95.60565, 35.22035 ], [ -95.60234, 35.22074 ], [ -95.59938, 35.22165 ], [ -95.5962, 35.22344 ], [ -95.59426, 35.2249 ], [ -95.59116, 35.228 ], [ -95.58626, 35.2341 ], [ -95.57266, 35.2443 ], [ -95.57037, 35.2455 ], [ -95.56487, 35.24605 ], [ -95.56294, 35.2464 ], [ -95.55696, 35.2494 ], [ -95.54986, 35.2509 ], [ -95.54646, 35.2512 ], [ -95.54326, 35.2519 ], [ -95.53956, 35.2533 ], [ -95.53466, 35.256 ], [ -95.53126, 35.2576 ], [ -95.52806, 35.26 ], [ -95.52166, 35.2624 ], [ -95.51806, 35.2624 ], [ -95.51496, 35.2632 ], [ -95.51326, 35.2652 ], [ -95.51296, 35.2672 ], [ -95.51336, 35.2687 ], [ -95.51556, 35.2718 ], [ -95.51765, 35.27538 ], [ -95.51917, 35.28039 ], [ -95.51906, 35.28119 ], [ -95.51667, 35.28499 ], [ -95.51196, 35.28909 ], [ -95.50946, 35.2931 ], [ -95.50757, 35.29689 ], [ -95.50365, 35.29989 ], [ -95.50037, 35.30089 ], [ -95.49206, 35.3009 ], [ -95.48888, 35.30049 ], [ -95.48006, 35.2985 ], [ -95.46496, 35.2937 ], [ -95.46166, 35.293 ], [ -95.45585, 35.2943 ], [ -95.45125, 35.29602 ], [ -95.45102, 35.26852 ], [ -95.45094, 35.26825 ], [ -95.45111, 35.26596 ], [ -95.45102, 35.22843 ], [ -95.45099, 35.20279 ], [ -95.45519, 35.20268 ], [ -95.45505, 35.18962 ], [ -95.45502, 35.16038 ], [ -95.45362, 35.16038 ], [ -95.45246, 35.16051 ], [ -95.39368, 35.16018 ], [ -95.34952, 35.16002 ], [ -95.34952, 35.14566 ], [ -95.3495, 35.12604 ], [ -95.34947, 35.10291 ], [ -95.34941, 35.05852 ], [ -95.34944, 35.0293 ], [ -95.45447, 35.02932 ], [ -95.50774, 35.02927 ], [ -95.50768, 35.00059 ], [ -95.5076, 34.95636 ], [ -95.50759, 34.94898 ], [ -95.50753, 34.89997 ], [ -95.50751, 34.87656 ], [ -95.50747, 34.85494 ], [ -95.5141, 34.85493 ], [ -95.51412, 34.84016 ], [ -95.51418, 34.83198 ], [ -95.51416, 34.76759 ], [ -95.51421, 34.75315 ], [ -95.51432, 34.72416 ], [ -95.51448, 34.68072 ], [ -95.51448, 34.66653 ], [ -95.51449, 34.63745 ], [ -95.51448, 34.625 ], [ -95.51451, 34.59415 ], [ -95.56652, 34.59416 ], [ -95.56716, 34.59407 ], [ -95.57048, 34.59413 ], [ -95.67088, 34.59385 ], [ -95.67181, 34.59373 ], [ -95.68954, 34.59372 ], [ -95.69791, 34.5937 ], [ -95.75312, 34.5937 ], [ -95.80665, 34.59366 ], [ -95.82903, 34.59362 ], [ -95.88199, 34.59353 ], [ -95.88206, 34.62235 ], [ -95.88212, 34.65162 ], [ -95.8822, 34.68048 ], [ -95.90175, 34.68055 ], [ -95.92965, 34.68054 ], [ -96.03963, 34.68046 ], [ -96.08852, 34.68038 ], [ -96.09204, 34.68056 ], [ -96.092, 34.76748 ] ] ] ] } },
{ "type": "Feature", "properties": { "GEOID": "40123", "NAME": "Pontotoc", "ALAND": 1865705449.0 }, "geometry": { "type": "MultiPolygon", "coordinates": [ [ [ [ -96.93249, 34.69496 ], [ -96.93249, 34.7676 ], [ -96.93246, 34.78209 ], [ -96.93244, 34.81128 ], [ -96.93243, 34.81141 ], [ -96.9325, 34.85412 ], [ -96.93244, 34.8545 ], [ -96.93087, 34.85463 ], [ -96.93078, 34.87626 ], [ -96.93078, 34.89811 ], [ -96.93075, 34.92648 ], [ -96.93067, 34.9272 ], [ -96.9307, 34.9508 ], [ -96.93042, 34.95621 ], [ -96.93067, 34.95708 ], [ -96.93059, 34.96436 ], [ -96.92987, 34.96511 ], [ -96.92827, 34.96521 ], [ -96.92129, 34.96399 ], [ -96.91791, 34.96242 ], [ -96.91512, 34.96043 ], [ -96.91395, 34.95905 ], [ -96.91124, 34.95918 ], [ -96.91061, 34.95866 ], [ -96.90316, 34.94609 ], [ -96.90219, 34.9448 ], [ -96.89946, 34.94306 ], [ -96.89684, 34.94219 ], [ -96.89446, 34.93908 ], [ -96.89228, 34.93487 ], [ -96.89053, 34.93262 ], [ -96.88997, 34.92946 ], [ -96.88736, 34.92685 ], [ -96.8854, 34.92625 ], [ -96.87632, 34.92603 ], [ -96.87204, 34.92748 ], [ -96.86994, 34.92882 ], [ -96.8681, 34.92941 ], [ -96.86098, 34.93008 ], [ -96.85305, 34.92882 ], [ -96.84944, 34.92969 ], [ -96.84621, 34.9315 ], [ -96.84137, 34.9338 ], [ -96.8371, 34.9378 ], [ -96.835, 34.93943 ], [ -96.83077, 34.94191 ], [ -96.82578, 34.94337 ], [ -96.82149, 34.94611 ], [ -96.81933, 34.94659 ], [ -96.81751, 34.94633 ], [ -96.81345, 34.94465 ], [ -96.81177, 34.9435 ], [ -96.8099, 34.94097 ], [ -96.80717, 34.93951 ], [ -96.80386, 34.93671 ], [ -96.80174, 34.93355 ], [ -96.79982, 34.93212 ], [ -96.79821, 34.92999 ], [ -96.79836, 34.92757 ], [ -96.79787, 34.92442 ], [ -96.79938, 34.91997 ], [ -96.79988, 34.91533 ], [ -96.79997, 34.91046 ], [ -96.79858, 34.90594 ], [ -96.79771, 34.90513 ], [ -96.79059, 34.90083 ], [ -96.78507, 34.89914 ], [ -96.77997, 34.89885 ], [ -96.77568, 34.89996 ], [ -96.77256, 34.90064 ], [ -96.77153, 34.90025 ], [ -96.76753, 34.90065 ], [ -96.76341, 34.90038 ], [ -96.76065, 34.90084 ], [ -96.75552, 34.89981 ], [ -96.75009, 34.89298 ], [ -96.74879, 34.89028 ], [ -96.74719, 34.88178 ], [ -96.74209, 34.86938 ], [ -96.74039, 34.86688 ], [ -96.73703, 34.86292 ], [ -96.73369, 34.85968 ], [ -96.72939, 34.85758 ], [ -96.72759, 34.85718 ], [ -96.72289, 34.85678 ], [ -96.72007, 34.85746 ], [ -96.7124, 34.85968 ], [ -96.71009, 34.86088 ], [ -96.70379, 34.86338 ], [ -96.69799, 34.86688 ], [ -96.69418, 34.8685 ], [ -96.6941, 34.87007 ], [ -96.69494, 34.87062 ], [ -96.69041, 34.875 ], [ -96.68729, 34.88098 ], [ -96.68647, 34.88318 ], [ -96.6863, 34.88855 ], [ -96.68699, 34.89128 ], [ -96.68919, 34.89558 ], [ -96.69014, 34.89627 ], [ -96.69345, 34.90126 ], [ -96.69569, 34.90361 ], [ -96.70061, 34.90691 ], [ -96.70173, 34.90827 ], [ -96.70353, 34.90931 ], [ -96.71093, 34.91172 ], [ -96.71158, 34.91236 ], [ -96.71209, 34.91388 ], [ -96.71149, 34.91628 ], [ -96.70809, 34.92108 ], [ -96.70649, 34.92398 ], [ -96.7046, 34.92628 ], [ -96.70253, 34.92815 ], [ -96.69949, 34.93027 ], [ -96.69415, 34.93279 ], [ -96.69197, 34.93331 ], [ -96.68357, 34.93303 ], [ -96.66769, 34.92958 ], [ -96.66539, 34.92838 ], [ -96.66209, 34.92588 ], [ -96.65929, 34.92308 ], [ -96.65799, 34.92098 ], [ -96.65549, 34.91508 ], [ -96.65309, 34.91038 ], [ -96.64949, 34.90528 ], [ -96.64599, 34.90138 ], [ -96.64449, 34.90058 ], [ -96.64079, 34.89948 ], [ -96.63679, 34.89878 ], [ -96.63319, 34.89858 ], [ -96.62529, 34.89898 ], [ -96.62189, 34.89898 ], [ -96.61649, 34.89968 ], [ -96.61319, 34.90048 ], [ -96.60322, 34.90371 ], [ -96.59879, 34.90488 ], [ -96.59579, 34.90598 ], [ -96.59269, 34.90758 ], [ -96.59036, 34.90917 ], [ -96.58914, 34.90997 ], [ -96.58419, 34.91219 ], [ -96.57849, 34.91598 ], [ -96.57709, 34.91658 ], [ -96.57189, 34.91678 ], [ -96.56869, 34.91658 ], [ -96.56409, 34.91728 ], [ -96.55689, 34.91418 ], [ -96.55539, 34.91128 ], [ -96.55529, 34.90748 ], [ -96.55629, 34.90458 ], [ -96.55659, 34.90088 ], [ -96.55589, 34.89808 ], [ -96.55296, 34.89361 ], [ -96.55177, 34.89091 ], [ -96.54958, 34.88711 ], [ -96.54598, 34.88227 ], [ -96.54376, 34.8801 ], [ -96.53379, 34.87218 ], [ -96.53029, 34.86998 ], [ -96.52859, 34.86959 ], [ -96.52149, 34.86989 ], [ -96.51989, 34.87019 ], [ -96.51699, 34.87159 ], [ -96.51459, 34.87339 ], [ -96.5126, 34.87547 ], [ -96.51049, 34.87862 ], [ -96.50619, 34.88649 ], [ -96.50451, 34.88818 ], [ -96.50222, 34.89187 ], [ -96.50029, 34.89346 ], [ -96.49961, 34.89697 ], [ -96.49849, 34.89908 ], [ -96.49799, 34.90268 ], [ -96.49689, 34.90458 ], [ -96.49439, 34.90738 ], [ -96.49079, 34.91058 ], [ -96.48648, 34.91299 ], [ -96.47809, 34.91635 ], [ -96.47594, 34.91638 ], [ -96.46572, 34.91522 ], [ -96.46389, 34.9159 ], [ -96.46108, 34.91564 ], [ -96.46037, 34.9165 ], [ -96.45663, 34.91526 ], [ -96.4521, 34.91212 ], [ -96.44968, 34.91068 ], [ -96.44486, 34.90909 ], [ -96.44473, 34.90763 ], [ -96.44259, 34.9064 ], [ -96.43721, 34.90477 ], [ -96.4372, 34.90305 ], [ -96.43559, 34.90228 ], [ -96.43155, 34.90258 ], [ -96.43101, 34.90347 ], [ -96.42687, 34.90313 ], [ -96.4247, 34.90369 ], [ -96.42093, 34.90744 ], [ -96.41841, 34.90785 ], [ -96.41747, 34.90965 ], [ -96.4178, 34.91173 ], [ -96.41378, 34.91562 ], [ -96.41367, 34.91638 ], [ -96.41069, 34.92214 ], [ -96.41083, 34.92369 ], [ -96.40928, 34.92508 ], [ -96.40976, 34.92609 ], [ -96.40957, 34.92945 ], [ -96.40614, 34.93419 ], [ -96.40616, 34.90045 ], [ -96.40626, 34.89887 ], [ -96.40617, 34.8981 ], [ -96.40617, 34.8836 ], [ -96.40617, 34.88 ], [ -96.40619, 34.87794 ], [ -96.40621, 34.8764 ], [ -96.4062, 34.87272 ], [ -96.40618, 34.86912 ], [ -96.40619, 34.85296 ], [ -96.40626, 34.85242 ], [ -96.40648, 34.76733 ], [ -96.40652, 34.74744 ], [ -96.40651, 34.74552 ], [ -96.40649, 34.73799 ], [ -96.4065, 34.6959 ], [ -96.40623, 34.69467 ], [ -96.40645, 34.68426 ], [ -96.40636, 34.68002 ], [ -96.42562, 34.68004 ], [ -96.42756, 34.6802 ], [ -96.45277, 34.68008 ], [ -96.51217, 34.68006 ], [ -96.51218, 34.64232 ], [ -96.51216, 34.61059 ], [ -96.51209, 34.59282 ], [ -96.51213, 34.54533 ], [ -96.51221, 34.54494 ], [ -96.51206, 34.54013 ], [ -96.51208, 34.51269 ], [ -96.5121, 34.50556 ], [ -96.51379, 34.5054 ], [ -96.56598, 34.50548 ], [ -96.6284, 34.50572 ], [ -96.62901, 34.50569 ], [ -96.67637, 34.50578 ], [ -96.69503, 34.50581 ], [ -96.74038, 34.5059 ], [ -96.75754, 34.50595 ], [ -96.75837, 34.50584 ], [ -96.82734, 34.50606 ], [ -96.82731, 34.52061 ], [ -96.82714, 34.59322 ], [ -96.84487, 34.59329 ], [ -96.90976, 34.59327 ], [ -96.93242, 34.59326 ], [ -96.93245, 34.63681 ], [ -96.93226, 34.6373 ], [ -96.93246, 34.63851 ], [ -96.93251, 34.68042 ], [ -96.93249, 34.69496 ] ] ] ] } },
{ "type": "Feature", "properties": { "GEOID": "40125", "NAME": "Pottawatomie", "ALAND": 2040375639.0 }, "geometry": { "type": "MultiPolygon", "coordinates": [ [ [ [ -97.14231, 35.01205 ], [ -97.14208, 35.01482 ], [ -97.14207, 35.01879 ], [ -97.14231, 35.02185 ], [ -97.14218, 35.07267 ], [ -97.14218, 35.07279 ], [ -97.14214, 35.08729 ], [ -97.14209, 35.10172 ], [ -97.14207, 35.13073 ], [ -97.14207, 35.13074 ], [ -97.14207, 35.13799 ], [ -97.14206, 35.1451 ], [ -97.14206, 35.14521 ], [ -97.14206, 35.15963 ], [ -97.14206, 35.16684 ], [ -97.14213, 35.18509 ], [ -97.14214, 35.1889 ], [ -97.14172, 35.20304 ], [ -97.14172, 35.21028 ], [ -97.14169, 35.22283 ], [ -97.1419, 35.23217 ], [ -97.14194, 35.24668 ], [ -97.14195, 35.24736 ], [ -97.14199, 35.26814 ], [ -97.14183, 35.28975 ], [ -97.14192, 35.3041 ], [ -97.14193, 35.30445 ], [ -97.14194, 35.3187 ], [ -97.14194, 35.31872 ], [ -97.14203, 35.33321 ], [ -97.14203, 35.34067 ], [ -97.14202, 35.34777 ], [ -97.14197, 35.35502 ], [ -97.1421, 35.36234 ], [ -97.14212, 35.37623 ], [ -97.14211, 35.37686 ], [ -97.14191, 35.38429 ], [ -97.142, 35.39145 ], [ -97.14197, 35.39769 ], [ -97.14177, 35.39862 ], [ -97.14177, 35.40113 ], [ -97.14177, 35.40402 ], [ -97.14192, 35.40629 ], [ -97.14188, 35.41136 ], [ -97.14186, 35.4158 ], [ -97.1418, 35.42042 ], [ -97.14164, 35.43478 ], [ -97.14167, 35.43491 ], [ -97.14166, 35.44176 ], [ -97.14149, 35.46398 ], [ -97.13253, 35.46397 ], [ -97.12936, 35.46401 ], [ -97.1155, 35.4641 ], [ -97.10885, 35.46352 ], [ -97.08888, 35.46356 ], [ -97.027, 35.46347 ], [ -97.02689, 35.46347 ], [ -97.00056, 35.46354 ], [ -96.9737, 35.46348 ], [ -96.96516, 35.46355 ], [ -96.9297, 35.46346 ], [ -96.90325, 35.46348 ], [ -96.88582, 35.46346 ], [ -96.8785, 35.46337 ], [ -96.87695, 35.46341 ], [ -96.84161, 35.46339 ], [ -96.82389, 35.46333 ], [ -96.80656, 35.46325 ], [ -96.73582, 35.46293 ], [ -96.67446, 35.46274 ], [ -96.67284, 35.46274 ], [ -96.62468, 35.46271 ], [ -96.62429, 35.40467 ], [ -96.62372, 35.40189 ], [ -96.6237, 35.40072 ], [ -96.62571, 35.39993 ], [ -96.62866, 35.39599 ], [ -96.63018, 35.3927 ], [ -96.63213, 35.39217 ], [ -96.63382, 35.39312 ], [ -96.63563, 35.39675 ], [ -96.63624, 35.39901 ], [ -96.6414, 35.39481 ], [ -96.64555, 35.39267 ], [ -96.64667, 35.39288 ], [ -96.65242, 35.39165 ], [ -96.65375, 35.39211 ], [ -96.65349, 35.39474 ], [ -96.65485, 35.39547 ], [ -96.65941, 35.39485 ], [ -96.66116, 35.39529 ], [ -96.66541, 35.39891 ], [ -96.6683, 35.39933 ], [ -96.67227, 35.40065 ], [ -96.67456, 35.40039 ], [ -96.67438, 35.40194 ], [ -96.67532, 35.40394 ], [ -96.67691, 35.40381 ], [ -96.67774, 35.40221 ], [ -96.679, 35.40233 ], [ -96.68022, 35.40508 ], [ -96.68254, 35.40592 ], [ -96.68861, 35.40364 ], [ -96.69, 35.40386 ], [ -96.69079, 35.40519 ], [ -96.69004, 35.40631 ], [ -96.69041, 35.40769 ], [ -96.69284, 35.40884 ], [ -96.69505, 35.40875 ], [ -96.69709, 35.40943 ], [ -96.70073, 35.40967 ], [ -96.7018, 35.41488 ], [ -96.7024, 35.41605 ], [ -96.70454, 35.41683 ], [ -96.7057, 35.41667 ], [ -96.70645, 35.41513 ], [ -96.7077, 35.41488 ], [ -96.70921, 35.41573 ], [ -96.71175, 35.41552 ], [ -96.71332, 35.41448 ], [ -96.71881, 35.41197 ], [ -96.72037, 35.41263 ], [ -96.72001, 35.41444 ], [ -96.7172, 35.41706 ], [ -96.71688, 35.41918 ], [ -96.72027, 35.42347 ], [ -96.72146, 35.42431 ], [ -96.72481, 35.42501 ], [ -96.72912, 35.42371 ], [ -96.73132, 35.42341 ], [ -96.73493, 35.42044 ], [ -96.73806, 35.41986 ], [ -96.73629, 35.41765 ], [ -96.73314, 35.41656 ], [ -96.73426, 35.4138 ], [ -96.73575, 35.41353 ], [ -96.73686, 35.41545 ], [ -96.74145, 35.41439 ], [ -96.74166, 35.41207 ], [ -96.74012, 35.40886 ], [ -96.74116, 35.40745 ], [ -96.74278, 35.40682 ], [ -96.74427, 35.40659 ], [ -96.74876, 35.40704 ], [ -96.74995, 35.40633 ], [ -96.75259, 35.40697 ], [ -96.75903, 35.4075 ], [ -96.76065, 35.40796 ], [ -96.76237, 35.40923 ], [ -96.76505, 35.40926 ], [ -96.76702, 35.40846 ], [ -96.7692, 35.41062 ], [ -96.77056, 35.40715 ], [ -96.77447, 35.4058 ], [ -96.77509, 35.40673 ], [ -96.77438, 35.40808 ], [ -96.77581, 35.41128 ], [ -96.7767, 35.41089 ], [ -96.77689, 35.40988 ], [ -96.77688, 35.40556 ], [ -96.77669, 35.40542 ], [ -96.77671, 35.38426 ], [ -96.77671, 35.38399 ], [ -96.77677, 35.36207 ], [ -96.7768, 35.33338 ], [ -96.77711, 35.30414 ], [ -96.77709, 35.29726 ], [ -96.77703, 35.29001 ], [ -96.77715, 35.28986 ], [ -96.77683, 35.26822 ], [ -96.77692, 35.26096 ], [ -96.77704, 35.26041 ], [ -96.77702, 35.25314 ], [ -96.77686, 35.21729 ], [ -96.77674, 35.19543 ], [ -96.77663, 35.18068 ], [ -96.77657, 35.17456 ], [ -96.77579, 35.14471 ], [ -96.77573, 35.13754 ], [ -96.77569, 35.12583 ], [ -96.77568, 35.12427 ], [ -96.77567, 35.11586 ], [ -96.77555, 35.08217 ], [ -96.77536, 35.04322 ], [ -96.7754, 35.01414 ], [ -96.77537, 34.9706 ], [ -96.77543, 34.94161 ], [ -96.77514, 34.90164 ], [ -96.77568, 34.89996 ], [ -96.77997, 34.89885 ], [ -96.78507, 34.89914 ], [ -96.79059, 34.90083 ], [ -96.79771, 34.90513 ], [ -96.79858, 34.90594 ], [ -96.79997, 34.91046 ], [ -96.79988, 34.91533 ], [ -96.79938, 34.91997 ], [ -96.79787, 34.92442 ], [ -96.79836, 34.92757 ], [ -96.79821, 34.92999 ], [ -96.79982, 34.93212 ], [ -96.80174, 34.93355 ], [ -96.80386, 34.93671 ], [ -96.80717, 34.93951 ], [ -96.8099, 34.94097 ], [ -96.81177, 34.9435 ], [ -96.81345, 34.94465 ], [ -96.81751, 34.94633 ], [ -96.81933, 34.94659 ], [ -96.82149, 34.94611 ], [ -96.82578, 34.94337 ], [ -96.83077, 34.94191 ], [ -96.835, 34.93943 ], [ -96.8371, 34.9378 ], [ -96.84137, 34.9338 ], [ -96.84621, 34.9315 ], [ -96.84944, 34.92969 ], [ -96.85305, 34.92882 ], [ -96.86098, 34.93008 ], [ -96.8681, 34.92941 ], [ -96.86994, 34.92882 ], [ -96.87204, 34.92748 ], [ -96.87632, 34.92603 ], [ -96.8854, 34.92625 ], [ -96.88736, 34.92685 ], [ -96.88997, 34.92946 ], [ -96.89053, 34.93262 ], [ -96.89228, 34.93487 ], [ -96.89446, 34.93908 ], [ -96.89684, 34.94219 ], [ -96.89946, 34.94306 ], [ -96.90219, 34.9448 ], [ -96.90316, 34.94609 ], [ -96.91061, 34.95866 ], [ -96.91124, 34.95918 ], [ -96.91395, 34.95905 ], [ -96.91512, 34.96043 ], [ -96.91791, 34.96242 ], [ -96.92129, 34.96399 ], [ -96.92827, 34.96521 ], [ -96.92987, 34.96511 ], [ -96.93059, 34.96436 ], [ -96.93483, 34.96282 ], [ -96.937, 34.96258 ], [ -96.9416, 34.96088 ], [ -96.94646, 34.95854 ], [ -96.94778, 34.95741 ], [ -96.95704, 34.95098 ], [ -96.95737, 34.94884 ], [ -96.95884, 34.94695 ], [ -96.95891, 34.94587 ], [ -96.96394, 34.94062 ], [ -96.96582, 34.93906 ], [ -96.96498, 34.93815 ], [ -96.96735, 34.93467 ], [ -96.97085, 34.93434 ], [ -96.9727, 34.93541 ], [ -96.97494, 34.93427 ], [ -96.97624, 34.93207 ], [ -96.97506, 34.93015 ], [ -96.97793, 34.92563 ], [ -96.98331, 34.92148 ], [ -96.98781, 34.92034 ], [ -96.98934, 34.91829 ], [ -96.99363, 34.91583 ], [ -96.99593, 34.91494 ], [ -97.00051, 34.91428 ], [ -97.00448, 34.9121 ], [ -97.00869, 34.91058 ], [ -97.01368, 34.90795 ], [ -97.01593, 34.90735 ], [ -97.01893, 34.9086 ], [ -97.02032, 34.90967 ], [ -97.02595, 34.91233 ], [ -97.0304, 34.91206 ], [ -97.03581, 34.91289 ], [ -97.03717, 34.9135 ], [ -97.04321, 34.91521 ], [ -97.04701, 34.91674 ], [ -97.04947, 34.91826 ], [ -97.05054, 34.92002 ], [ -97.05248, 34.92125 ], [ -97.05482, 34.92141 ], [ -97.0606, 34.92126 ], [ -97.06932, 34.91969 ], [ -97.07179, 34.91986 ], [ -97.07526, 34.92243 ], [ -97.07972, 34.92892 ], [ -97.08272, 34.93045 ], [ -97.08554, 34.93136 ], [ -97.08756, 34.93154 ], [ -97.09219, 34.93107 ], [ -97.09682, 34.93092 ], [ -97.09864, 34.92962 ], [ -97.10035, 34.92961 ], [ -97.1013, 34.93032 ], [ -97.10602, 34.9329 ], [ -97.11045, 34.93436 ], [ -97.114, 34.9351 ], [ -97.11679, 34.93517 ], [ -97.12403, 34.93411 ], [ -97.12874, 34.93404 ], [ -97.13287, 34.93464 ], [ -97.13493, 34.93259 ], [ -97.13447, 34.93037 ], [ -97.13284, 34.92809 ], [ -97.13243, 34.92617 ], [ -97.13369, 34.92469 ], [ -97.13581, 34.9244 ], [ -97.13976, 34.92714 ], [ -97.14235, 34.92818 ], [ -97.14231, 35.01205 ] ] ] ] } },
{ "type": "Feature", "properties": { "GEOID": "40127", "NAME": "Pushmataha", "ALAND": 3614429654.0 }, "geometry": { "type": "MultiPolygon", "coordinates": [ [ [ [ -95.77939, 34.16561 ], [ -95.77918, 34.17175 ], [ -95.77924, 34.24832 ], [ -95.7792, 34.27268 ], [ -95.77925, 34.32671 ], [ -95.77924, 34.41757 ], [ -95.77913, 34.50664 ], [ -95.73172, 34.50672 ], [ -95.72914, 34.50672 ], [ -95.72691, 34.50672 ], [ -95.70664, 34.50675 ], [ -95.67945, 34.50679 ], [ -95.67433, 34.50679 ], [ -95.67175, 34.50679 ], [ -95.67178, 34.54341 ], [ -95.67178, 34.55401 ], [ -95.67181, 34.59373 ], [ -95.67088, 34.59385 ], [ -95.57048, 34.59413 ], [ -95.56716, 34.59407 ], [ -95.56652, 34.59416 ], [ -95.51451, 34.59415 ], [ -95.51448, 34.625 ], [ -95.51449, 34.63745 ], [ -95.51448, 34.66653 ], [ -95.51448, 34.68072 ], [ -95.44481, 34.68083 ], [ -95.31516, 34.68093 ], [ -95.31407, 34.68098 ], [ -95.30566, 34.68092 ], [ -95.30466, 34.68086 ], [ -95.2001, 34.68054 ], [ -95.18208, 34.68054 ], [ -95.13209, 34.68059 ], [ -95.1014, 34.68066 ], [ -95.09969, 34.68078 ], [ -95.05962, 34.68074 ], [ -95.02514, 34.6808 ], [ -94.93756, 34.68079 ], [ -94.93751, 34.66668 ], [ -94.93749, 34.6662 ], [ -94.9375, 34.6251 ], [ -94.93756, 34.59433 ], [ -94.93756, 34.59359 ], [ -94.93748, 34.53846 ], [ -94.93757, 34.53794 ], [ -94.9376, 34.5073 ], [ -94.99006, 34.50729 ], [ -95.04675, 34.50728 ], [ -95.04675, 34.47755 ], [ -95.04677, 34.41936 ], [ -95.04677, 34.41755 ], [ -95.04663, 34.39645 ], [ -95.04652, 34.39587 ], [ -95.04662, 34.39548 ], [ -95.04661, 34.29799 ], [ -95.0466, 34.28726 ], [ -95.04658, 34.24378 ], [ -95.13514, 34.24375 ], [ -95.1356, 34.24374 ], [ -95.15132, 34.24374 ], [ -95.15134, 34.18268 ], [ -95.15134, 34.15684 ], [ -95.15652, 34.15696 ], [ -95.27332, 34.15693 ], [ -95.27366, 34.15687 ], [ -95.3303, 34.15688 ], [ -95.38232, 34.15687 ], [ -95.44222, 34.15687 ], [ -95.48766, 34.15685 ], [ -95.55411, 34.1568 ], [ -95.5554, 34.15688 ], [ -95.55645, 34.15687 ], [ -95.55693, 34.1568 ], [ -95.56147, 34.15679 ], [ -95.57016, 34.15679 ], [ -95.58757, 34.15678 ], [ -95.60512, 34.15679 ], [ -95.62459, 34.15671 ], [ -95.63725, 34.1567 ], [ -95.63779, 34.15677 ], [ -95.67758, 34.15664 ], [ -95.67882, 34.15674 ], [ -95.77938, 34.1567 ], [ -95.77933, 34.16417 ], [ -95.77952, 34.16497 ], [ -95.77939, 34.16561 ] ] ] ] } },
{ "type": "Feature", "properties": { "GEOID": "40129", "NAME": "Roger Mills", "ALAND": 2955524813.0 }, "geometry": { "type": "MultiPolygon", "coordinates": [ [ [ [ -100.0004, 35.88123 ], [ -99.99482, 35.88182 ], [ -99.9887, 35.8836 ], [ -99.98544, 35.88405 ], [ -99.98171, 35.88538 ], [ -99.97724, 35.88753 ], [ -99.97211, 35.88878 ], [ -99.96871, 35.89057 ], [ -99.96701, 35.8921 ], [ -99.96376, 35.89639 ], [ -99.95963, 35.90004 ], [ -99.95616, 35.9018 ], [ -99.94904, 35.90391 ], [ -99.94329, 35.90649 ], [ -99.93447, 35.90949 ], [ -99.92996, 35.91131 ], [ -99.92515, 35.91366 ], [ -99.92118, 35.91981 ], [ -99.91893, 35.92181 ], [ -99.91644, 35.92307 ], [ -99.90994, 35.92697 ], [ -99.90839, 35.92812 ], [ -99.9056, 35.93673 ], [ -99.9057, 35.93955 ], [ -99.90705, 35.94234 ], [ -99.90874, 35.94299 ], [ -99.91067, 35.94444 ], [ -99.91128, 35.94602 ], [ -99.91253, 35.95499 ], [ -99.91145, 35.96192 ], [ -99.91052, 35.96413 ], [ -99.90827, 35.96663 ], [ -99.90586, 35.96813 ], [ -99.90224, 35.9714 ], [ -99.89505, 35.97712 ], [ -99.89442, 35.97832 ], [ -99.89441, 35.98413 ], [ -99.89337, 35.9853 ], [ -99.88831, 35.98785 ], [ -99.88434, 35.98819 ], [ -99.88227, 35.98784 ], [ -99.87539, 35.9878 ], [ -99.87405, 35.988 ], [ -99.87227, 35.98871 ], [ -99.86889, 35.99093 ], [ -99.86452, 35.99519 ], [ -99.86005, 35.99883 ], [ -99.85983, 35.99945 ], [ -99.85501, 36.00368 ], [ -99.85154, 36.00513 ], [ -99.8473, 36.00608 ], [ -99.83795, 36.00679 ], [ -99.83046, 36.00633 ], [ -99.82356, 36.00553 ], [ -99.81734, 36.00435 ], [ -99.81381, 36.00308 ], [ -99.81184, 36.00188 ], [ -99.81036, 36.00004 ], [ -99.80944, 36.00004 ], [ -99.8089, 35.99772 ], [ -99.80724, 35.99363 ], [ -99.8074, 35.99136 ], [ -99.80492, 35.98845 ], [ -99.80566, 35.98627 ], [ -99.80594, 35.98382 ], [ -99.80441, 35.98017 ], [ -99.80229, 35.9716 ], [ -99.80335, 35.96909 ], [ -99.80487, 35.9641 ], [ -99.80578, 35.96256 ], [ -99.80792, 35.96034 ], [ -99.80976, 35.95334 ], [ -99.80977, 35.94549 ], [ -99.80922, 35.94368 ], [ -99.80784, 35.94263 ], [ -99.80721, 35.94087 ], [ -99.81044, 35.93414 ], [ -99.81071, 35.93184 ], [ -99.81022, 35.92891 ], [ -99.80914, 35.92748 ], [ -99.80496, 35.92461 ], [ -99.80306, 35.92203 ], [ -99.80231, 35.92039 ], [ -99.80201, 35.91272 ], [ -99.80139, 35.91065 ], [ -99.79647, 35.90687 ], [ -99.78977, 35.90425 ], [ -99.78695, 35.90186 ], [ -99.78653, 35.90028 ], [ -99.78535, 35.89949 ], [ -99.78155, 35.89859 ], [ -99.7791, 35.89639 ], [ -99.77866, 35.89364 ], [ -99.77699, 35.88906 ], [ -99.77495, 35.88733 ], [ -99.77234, 35.8863 ], [ -99.76822, 35.88384 ], [ -99.767, 35.88264 ], [ -99.76381, 35.88141 ], [ -99.76108, 35.88074 ], [ -99.75919, 35.88088 ], [ -99.75329, 35.88263 ], [ -99.75039, 35.88273 ], [ -99.74643, 35.88196 ], [ -99.74239, 35.87969 ], [ -99.73838, 35.87504 ], [ -99.72939, 35.87029 ], [ -99.72782, 35.86861 ], [ -99.7274, 35.87031 ], [ -99.72609, 35.86767 ], [ -99.72388, 35.86568 ], [ -99.72271, 35.86255 ], [ -99.7171, 35.85977 ], [ -99.70272, 35.85628 ], [ -99.69382, 35.8545 ], [ -99.68792, 35.85289 ], [ -99.68549, 35.85175 ], [ -99.68141, 35.85101 ], [ -99.67782, 35.85101 ], [ -99.66442, 35.8518 ], [ -99.65318, 35.85012 ], [ -99.64997, 35.84922 ], [ -99.64251, 35.84582 ], [ -99.64045, 35.84535 ], [ -99.63497, 35.8431 ], [ -99.62966, 35.84256 ], [ -99.6244, 35.84296 ], [ -99.62056, 35.84195 ], [ -99.61767, 35.84286 ], [ -99.61515, 35.84497 ], [ -99.61094, 35.84745 ], [ -99.60718, 35.85098 ], [ -99.60549, 35.85319 ], [ -99.60179, 35.8559 ], [ -99.59604, 35.85723 ], [ -99.58757, 35.85786 ], [ -99.58368, 35.85885 ], [ -99.58063, 35.85889 ], [ -99.57736, 35.85959 ], [ -99.56807, 35.86264 ], [ -99.56191, 35.86337 ], [ -99.56072, 35.86398 ], [ -99.55849, 35.86599 ], [ -99.55778, 35.86877 ], [ -99.55663, 35.87505 ], [ -99.55505, 35.87898 ], [ -99.55034, 35.88484 ], [ -99.54972, 35.88605 ], [ -99.54971, 35.88722 ], [ -99.55214, 35.8948 ], [ -99.5519, 35.89634 ], [ -99.55067, 35.89889 ], [ -99.54963, 35.90022 ], [ -99.54439, 35.90258 ], [ -99.53862, 35.90676 ], [ -99.53594, 35.90843 ], [ -99.53486, 35.90963 ], [ -99.53418, 35.9116 ], [ -99.53165, 35.91337 ], [ -99.52569, 35.91846 ], [ -99.5247, 35.91987 ], [ -99.51531, 35.9258 ], [ -99.5139, 35.92767 ], [ -99.5117, 35.93441 ], [ -99.51111, 35.93681 ], [ -99.50924, 35.93922 ], [ -99.50899, 35.94137 ], [ -99.50927, 35.94374 ], [ -99.50894, 35.94586 ], [ -99.50604, 35.9489 ], [ -99.5054, 35.95778 ], [ -99.50032, 35.96704 ], [ -99.49957, 35.96895 ], [ -99.49926, 35.97214 ], [ -99.49793, 35.97523 ], [ -99.49603, 35.97773 ], [ -99.49581, 35.97873 ], [ -99.49368, 35.97968 ], [ -99.48811, 35.98454 ], [ -99.4852, 35.98629 ], [ -99.47942, 35.98547 ], [ -99.47749, 35.98573 ], [ -99.46978, 35.99123 ], [ -99.46695, 35.99465 ], [ -99.46287, 36.00005 ], [ -99.45884, 36.00238 ], [ -99.45189, 36.00551 ], [ -99.44652, 36.00699 ], [ -99.43721, 36.00818 ], [ -99.43117, 36.00957 ], [ -99.42552, 36.01139 ], [ -99.42215, 36.01193 ], [ -99.41152, 36.01244 ], [ -99.40763, 36.01252 ], [ -99.39951, 36.0119 ], [ -99.39644, 36.0125 ], [ -99.38963, 36.01328 ], [ -99.38636, 36.01317 ], [ -99.38347, 36.01367 ], [ -99.38102, 36.01293 ], [ -99.38102, 36.01273 ], [ -99.38095, 35.97136 ], [ -99.38089, 35.94825 ], [ -99.38112, 35.94658 ], [ -99.38119, 35.89888 ], [ -99.37602, 35.89889 ], [ -99.37582, 35.81219 ], [ -99.37614, 35.77609 ], [ -99.37614, 35.77568 ], [ -99.37621, 35.7688 ], [ -99.37633, 35.75408 ], [ -99.37656, 35.7401 ], [ -99.37668, 35.71101 ], [ -99.37665, 35.70445 ], [ -99.37672, 35.70295 ], [ -99.37691, 35.63887 ], [ -99.37692, 35.63174 ], [ -99.37694, 35.62445 ], [ -99.37705, 35.55174 ], [ -99.36413, 35.55172 ], [ -99.36415, 35.51603 ], [ -99.36414, 35.50879 ], [ -99.4174, 35.50895 ], [ -99.41821, 35.50892 ], [ -99.4699, 35.50893 ], [ -99.4874, 35.50892 ], [ -99.55697, 35.50876 ], [ -99.55835, 35.50888 ], [ -99.57572, 35.50886 ], [ -99.57576, 35.49401 ], [ -99.57576, 35.49392 ], [ -99.5758, 35.47854 ], [ -99.57582, 35.42166 ], [ -99.59346, 35.42154 ], [ -99.59507, 35.42165 ], [ -99.60179, 35.42164 ], [ -99.60193, 35.42164 ], [ -99.61025, 35.42164 ], [ -99.61185, 35.42152 ], [ -99.73411, 35.42208 ], [ -99.7373, 35.42195 ], [ -99.78473, 35.42215 ], [ -99.78763, 35.42215 ], [ -99.78787, 35.42215 ], [ -99.87635, 35.42218 ], [ -99.94686, 35.42233 ], [ -99.97551, 35.42247 ], [ -99.97872, 35.42222 ], [ -100.00039, 35.42236 ], [ -100.00039, 35.42851 ], [ -100.00039, 35.55246 ], [ -100.00039, 35.61912 ], [ -100.00039, 35.62496 ], [ -100.00039, 35.74615 ], [ -100.0004, 35.88123 ] ] ] ] } },
{ "type": "Feature", "properties": { "GEOID": "40131", "NAME": "Rogers", "ALAND": 1750176496.0 }, "geometry": { "type": "MultiPolygon", "coordinates": [ [ [ [ -95.81535, 36.20613 ], [ -95.81534, 36.2223 ], [ -95.81527, 36.22445 ], [ -95.81526, 36.22596 ], [ -95.81526, 36.22657 ], [ -95.815, 36.22941 ], [ -95.81525, 36.23507 ], [ -95.81533, 36.24745 ], [ -95.81533, 36.24788 ], [ -95.81534, 36.24897 ], [ -95.81534, 36.24911 ], [ -95.81534, 36.24944 ], [ -95.81534, 36.24953 ], [ -95.81206, 36.24953 ], [ -95.81206, 36.25697 ], [ -95.81219, 36.25748 ], [ -95.81218, 36.26388 ], [ -95.81213, 36.26428 ], [ -95.8121, 36.26443 ], [ -95.81211, 36.26748 ], [ -95.81211, 36.27129 ], [ -95.81212, 36.27579 ], [ -95.81216, 36.27853 ], [ -95.81217, 36.28575 ], [ -95.81218, 36.29305 ], [ -95.81216, 36.30486 ], [ -95.81218, 36.30754 ], [ -95.81219, 36.31242 ], [ -95.8122, 36.3148 ], [ -95.81218, 36.31935 ], [ -95.81218, 36.31972 ], [ -95.8122, 36.3208 ], [ -95.8122, 36.32205 ], [ -95.81222, 36.32393 ], [ -95.81221, 36.32568 ], [ -95.81222, 36.33628 ], [ -95.81222, 36.33652 ], [ -95.81225, 36.33664 ], [ -95.81226, 36.33671 ], [ -95.81221, 36.35101 ], [ -95.81225, 36.35655 ], [ -95.81227, 36.35833 ], [ -95.81221, 36.35925 ], [ -95.81218, 36.36549 ], [ -95.81218, 36.36554 ], [ -95.81219, 36.36565 ], [ -95.81218, 36.37829 ], [ -95.81218, 36.37999 ], [ -95.81218, 36.38001 ], [ -95.81218, 36.38012 ], [ -95.81218, 36.39417 ], [ -95.81226, 36.39458 ], [ -95.81108, 36.39457 ], [ -95.79425, 36.39451 ], [ -95.79425, 36.39577 ], [ -95.79437, 36.42358 ], [ -95.81234, 36.42358 ], [ -95.81236, 36.45254 ], [ -95.81245, 36.4942 ], [ -95.8123, 36.49606 ], [ -95.81232, 36.51057 ], [ -95.81234, 36.58307 ], [ -95.81234, 36.59754 ], [ -95.80954, 36.59754 ], [ -95.75838, 36.59753 ], [ -95.75618, 36.5975 ], [ -95.57996, 36.59753 ], [ -95.55597, 36.59754 ], [ -95.52796, 36.59764 ], [ -95.52724, 36.59756 ], [ -95.48968, 36.59754 ], [ -95.46494, 36.5976 ], [ -95.45362, 36.59755 ], [ -95.43157, 36.59754 ], [ -95.39567, 36.59759 ], [ -95.32837, 36.59763 ], [ -95.3283, 36.56817 ], [ -95.32827, 36.56125 ], [ -95.32817, 36.51024 ], [ -95.35605, 36.51022 ], [ -95.36359, 36.5102 ], [ -95.36447, 36.51008 ], [ -95.36569, 36.5102 ], [ -95.42001, 36.5102 ], [ -95.43561, 36.51016 ], [ -95.43562, 36.49569 ], [ -95.4356, 36.4667 ], [ -95.43557, 36.45219 ], [ -95.43558, 36.42319 ], [ -95.43557, 36.40854 ], [ -95.43556, 36.39421 ], [ -95.43562, 36.39059 ], [ -95.4355, 36.38239 ], [ -95.43459, 36.38042 ], [ -95.43431, 36.37984 ], [ -95.43555, 36.37722 ], [ -95.43554, 36.37247 ], [ -95.43555, 36.34658 ], [ -95.43555, 36.34618 ], [ -95.43554, 36.33632 ], [ -95.43553, 36.29441 ], [ -95.43553, 36.29283 ], [ -95.43552, 36.28544 ], [ -95.43552, 36.27833 ], [ -95.43552, 36.26381 ], [ -95.43552, 36.25614 ], [ -95.43552, 36.24932 ], [ -95.43846, 36.24932 ], [ -95.43895, 36.2349 ], [ -95.43943, 36.22057 ], [ -95.43991, 36.20622 ], [ -95.44002, 36.20597 ], [ -95.43998, 36.19142 ], [ -95.43997, 36.16239 ], [ -95.43998, 36.12603 ], [ -95.43997, 36.07527 ], [ -95.49363, 36.07528 ], [ -95.5295, 36.07529 ], [ -95.57152, 36.07528 ], [ -95.57752, 36.07843 ], [ -95.57938, 36.08032 ], [ -95.5799, 36.08299 ], [ -95.57844, 36.08409 ], [ -95.57673, 36.08376 ], [ -95.57475, 36.08246 ], [ -95.57097, 36.08224 ], [ -95.56428, 36.08458 ], [ -95.56268, 36.08426 ], [ -95.55831, 36.08199 ], [ -95.55663, 36.08245 ], [ -95.55259, 36.09149 ], [ -95.55813, 36.09659 ], [ -95.56151, 36.09918 ], [ -95.56831, 36.1074 ], [ -95.57027, 36.11073 ], [ -95.57067, 36.11376 ], [ -95.57002, 36.12028 ], [ -95.56784, 36.12938 ], [ -95.56832, 36.13012 ], [ -95.5713, 36.13023 ], [ -95.5736, 36.13127 ], [ -95.57619, 36.13356 ], [ -95.58071, 36.13435 ], [ -95.58724, 36.13408 ], [ -95.58901, 36.13622 ], [ -95.59142, 36.13707 ], [ -95.59279, 36.13705 ], [ -95.59351, 36.13571 ], [ -95.59234, 36.13232 ], [ -95.5931, 36.12967 ], [ -95.59486, 36.12943 ], [ -95.6047, 36.13346 ], [ -95.60642, 36.13499 ], [ -95.60985, 36.14121 ], [ -95.61059, 36.14219 ], [ -95.61624, 36.14662 ], [ -95.61748, 36.14847 ], [ -95.61794, 36.15033 ], [ -95.61852, 36.16251 ], [ -95.61855, 36.16251 ], [ -95.61919, 36.1626 ], [ -95.61983, 36.16269 ], [ -95.63685, 36.16245 ], [ -95.67268, 36.16233 ], [ -95.69046, 36.16239 ], [ -95.69963, 36.1624 ], [ -95.70822, 36.1619 ], [ -95.71307, 36.16189 ], [ -95.72139, 36.16207 ], [ -95.72641, 36.16245 ], [ -95.7328, 36.16246 ], [ -95.74399, 36.16247 ], [ -95.74528, 36.16247 ], [ -95.7545, 36.16248 ], [ -95.75661, 36.16301 ], [ -95.75752, 36.16285 ], [ -95.76165, 36.16275 ], [ -95.77958, 36.16261 ], [ -95.8154, 36.16263 ], [ -95.81535, 36.20613 ] ] ] ] } },
{ "type": "Feature", "properties": { "GEOID": "40133", "NAME": "Seminole", "ALAND": 1638993887.0 }, "geometry": { "type": "MultiPolygon", "coordinates": [ [ [ [ -96.77703, 35.29001 ], [ -96.77709, 35.29726 ], [ -96.77711, 35.30414 ], [ -96.7768, 35.33338 ], [ -96.77677, 35.36207 ], [ -96.77671, 35.38399 ], [ -96.77671, 35.38426 ], [ -96.77669, 35.40542 ], [ -96.77688, 35.40556 ], [ -96.77689, 35.40988 ], [ -96.7767, 35.41089 ], [ -96.77581, 35.41128 ], [ -96.77438, 35.40808 ], [ -96.77509, 35.40673 ], [ -96.77447, 35.4058 ], [ -96.77056, 35.40715 ], [ -96.7692, 35.41062 ], [ -96.76702, 35.40846 ], [ -96.76505, 35.40926 ], [ -96.76237, 35.40923 ], [ -96.76065, 35.40796 ], [ -96.75903, 35.4075 ], [ -96.75259, 35.40697 ], [ -96.74995, 35.40633 ], [ -96.74876, 35.40704 ], [ -96.74427, 35.40659 ], [ -96.74278, 35.40682 ], [ -96.74116, 35.40745 ], [ -96.74012, 35.40886 ], [ -96.74166, 35.41207 ], [ -96.74145, 35.41439 ], [ -96.73686, 35.41545 ], [ -96.73575, 35.41353 ], [ -96.73426, 35.4138 ], [ -96.73314, 35.41656 ], [ -96.73629, 35.41765 ], [ -96.73806, 35.41986 ], [ -96.73493, 35.42044 ], [ -96.73132, 35.42341 ], [ -96.72912, 35.42371 ], [ -96.72481, 35.42501 ], [ -96.72146, 35.42431 ], [ -96.72027, 35.42347 ], [ -96.71688, 35.41918 ], [ -96.7172, 35.41706 ], [ -96.72001, 35.41444 ], [ -96.72037, 35.41263 ], [ -96.71881, 35.41197 ], [ -96.71332, 35.41448 ], [ -96.71175, 35.41552 ], [ -96.70921, 35.41573 ], [ -96.7077, 35.41488 ], [ -96.70645, 35.41513 ], [ -96.7057, 35.41667 ], [ -96.70454, 35.41683 ], [ -96.7024, 35.41605 ], [ -96.7018, 35.41488 ], [ -96.70073, 35.40967 ], [ -96.69709, 35.40943 ], [ -96.69505, 35.40875 ], [ -96.69284, 35.40884 ], [ -96.69041, 35.40769 ], [ -96.69004, 35.40631 ], [ -96.69079, 35.40519 ], [ -96.69, 35.40386 ], [ -96.68861, 35.40364 ], [ -96.68254, 35.40592 ], [ -96.68022, 35.40508 ], [ -96.679, 35.40233 ], [ -96.67774, 35.40221 ], [ -96.67691, 35.40381 ], [ -96.67532, 35.40394 ], [ -96.67438, 35.40194 ], [ -96.67456, 35.40039 ], [ -96.67227, 35.40065 ], [ -96.6683, 35.39933 ], [ -96.66541, 35.39891 ], [ -96.66116, 35.39529 ], [ -96.65941, 35.39485 ], [ -96.65485, 35.39547 ], [ -96.65349, 35.39474 ], [ -96.65375, 35.39211 ], [ -96.65242, 35.39165 ], [ -96.64667, 35.39288 ], [ -96.64555, 35.39267 ], [ -96.6414, 35.39481 ], [ -96.63624, 35.39901 ], [ -96.63563, 35.39675 ], [ -96.63382, 35.39312 ], [ -96.63213, 35.39217 ], [ -96.63018, 35.3927 ], [ -96.62866, 35.39599 ], [ -96.62571, 35.39993 ], [ -96.6237, 35.40072 ], [ -96.62264, 35.40026 ], [ -96.6213, 35.39809 ], [ -96.61731, 35.39583 ], [ -96.61603, 35.3957 ], [ -96.61378, 35.39682 ], [ -96.61261, 35.39657 ], [ -96.61139, 35.39423 ], [ -96.6102, 35.39426 ], [ -96.60676, 35.39588 ], [ -96.60637, 35.39798 ], [ -96.60671, 35.39937 ], [ -96.60483, 35.39938 ], [ -96.59972, 35.39695 ], [ -96.59728, 35.39883 ], [ -96.59625, 35.4002 ], [ -96.595, 35.40315 ], [ -96.594, 35.40428 ], [ -96.5917, 35.40878 ], [ -96.5891, 35.41157 ], [ -96.58565, 35.41147 ], [ -96.58137, 35.40953 ], [ -96.57868, 35.40718 ], [ -96.57745, 35.40479 ], [ -96.57733, 35.40266 ], [ -96.57667, 35.40193 ], [ -96.57422, 35.40194 ], [ -96.56985, 35.40108 ], [ -96.56695, 35.39938 ], [ -96.56542, 35.39937 ], [ -96.56111, 35.40019 ], [ -96.55686, 35.4024 ], [ -96.55557, 35.40244 ], [ -96.55494, 35.40169 ], [ -96.55651, 35.39902 ], [ -96.55673, 35.39497 ], [ -96.5544, 35.39366 ], [ -96.55, 35.39218 ], [ -96.54658, 35.39261 ], [ -96.54191, 35.39256 ], [ -96.5394, 35.39183 ], [ -96.53829, 35.39093 ], [ -96.53672, 35.39077 ], [ -96.53515, 35.39137 ], [ -96.5351, 35.39146 ], [ -96.53439, 35.39389 ], [ -96.53458, 35.39498 ], [ -96.53377, 35.39715 ], [ -96.5317, 35.39981 ], [ -96.53188, 35.40091 ], [ -96.53455, 35.40271 ], [ -96.53741, 35.40353 ], [ -96.53813, 35.40523 ], [ -96.53692, 35.40969 ], [ -96.53716, 35.41094 ], [ -96.54051, 35.41204 ], [ -96.54405, 35.41184 ], [ -96.54691, 35.41296 ], [ -96.55, 35.41494 ], [ -96.55001, 35.41574 ], [ -96.5481, 35.41753 ], [ -96.54778, 35.41855 ], [ -96.54919, 35.4196 ], [ -96.5511, 35.42013 ], [ -96.55171, 35.42225 ], [ -96.55263, 35.42299 ], [ -96.5548, 35.42283 ], [ -96.55562, 35.422 ], [ -96.55549, 35.41984 ], [ -96.55684, 35.41882 ], [ -96.5601, 35.42156 ], [ -96.56082, 35.42269 ], [ -96.56067, 35.42443 ], [ -96.55907, 35.4292 ], [ -96.55631, 35.43262 ], [ -96.55572, 35.43457 ], [ -96.56463, 35.43606 ], [ -96.56848, 35.43816 ], [ -96.5696, 35.43956 ], [ -96.56913, 35.44168 ], [ -96.56816, 35.44222 ], [ -96.56537, 35.44227 ], [ -96.56305, 35.44328 ], [ -96.56234, 35.44418 ], [ -96.56123, 35.44747 ], [ -96.56029, 35.44875 ], [ -96.5587, 35.44891 ], [ -96.55648, 35.44736 ], [ -96.55409, 35.44783 ], [ -96.55329, 35.44991 ], [ -96.55466, 35.45345 ], [ -96.55364, 35.45431 ], [ -96.54892, 35.45354 ], [ -96.54564, 35.45268 ], [ -96.54447, 35.45273 ], [ -96.54368, 35.45414 ], [ -96.54612, 35.45642 ], [ -96.54618, 35.45747 ], [ -96.54412, 35.45783 ], [ -96.54321, 35.45732 ], [ -96.54033, 35.45339 ], [ -96.53928, 35.44977 ], [ -96.53649, 35.44716 ], [ -96.53461, 35.44687 ], [ -96.53234, 35.44637 ], [ -96.52966, 35.44446 ], [ -96.52548, 35.44114 ], [ -96.52155, 35.43849 ], [ -96.51971, 35.43581 ], [ -96.52041, 35.4326 ], [ -96.51863, 35.4312 ], [ -96.51141, 35.42964 ], [ -96.5057, 35.43 ], [ -96.50157, 35.42872 ], [ -96.49659, 35.4289 ], [ -96.49176, 35.43042 ], [ -96.49012, 35.43094 ], [ -96.48752, 35.43252 ], [ -96.4844, 35.43655 ], [ -96.48302, 35.43984 ], [ -96.48306, 35.44249 ], [ -96.48428, 35.44453 ], [ -96.48797, 35.44583 ], [ -96.48828, 35.44823 ], [ -96.48774, 35.44916 ], [ -96.4855, 35.45078 ], [ -96.48419, 35.4512 ], [ -96.48106, 35.45388 ], [ -96.47673, 35.45887 ], [ -96.47669, 35.46091 ], [ -96.47575, 35.46342 ], [ -96.4731, 35.46396 ], [ -96.47151, 35.46299 ], [ -96.47041, 35.46058 ], [ -96.4693, 35.45957 ], [ -96.46559, 35.45811 ], [ -96.46382, 35.45873 ], [ -96.46224, 35.46091 ], [ -96.45905, 35.46151 ], [ -96.45651, 35.46126 ], [ -96.45456, 35.46015 ], [ -96.45399, 35.45881 ], [ -96.45255, 35.45821 ], [ -96.44924, 35.45943 ], [ -96.4462, 35.45844 ], [ -96.44348, 35.46114 ], [ -96.44222, 35.46556 ], [ -96.44129, 35.46771 ], [ -96.44122, 35.43543 ], [ -96.44115, 35.43494 ], [ -96.44125, 35.39182 ], [ -96.44128, 35.34814 ], [ -96.44128, 35.33371 ], [ -96.44138, 35.31173 ], [ -96.44137, 35.29012 ], [ -96.44134, 35.2319 ], [ -96.44125, 35.20289 ], [ -96.44119, 35.17392 ], [ -96.44123, 35.15928 ], [ -96.44128, 35.13531 ], [ -96.4413, 35.11577 ], [ -96.47224, 35.11579 ], [ -96.49043, 35.11586 ], [ -96.49047, 35.09406 ], [ -96.49048, 35.08681 ], [ -96.49049, 35.07233 ], [ -96.49052, 35.06141 ], [ -96.49053, 35.05773 ], [ -96.49053, 35.0499 ], [ -96.49058, 35.02129 ], [ -96.49065, 34.96609 ], [ -96.49079, 34.91058 ], [ -96.49439, 34.90738 ], [ -96.49689, 34.90458 ], [ -96.49799, 34.90268 ], [ -96.49849, 34.89908 ], [ -96.49961, 34.89697 ], [ -96.50029, 34.89346 ], [ -96.50222, 34.89187 ], [ -96.50451, 34.88818 ], [ -96.50619, 34.88649 ], [ -96.51049, 34.87862 ], [ -96.5126, 34.87547 ], [ -96.51459, 34.87339 ], [ -96.51699, 34.87159 ], [ -96.51989, 34.87019 ], [ -96.52149, 34.86989 ], [ -96.52859, 34.86959 ], [ -96.53029, 34.86998 ], [ -96.53379, 34.87218 ], [ -96.54376, 34.8801 ], [ -96.54598, 34.88227 ], [ -96.54958, 34.88711 ], [ -96.55177, 34.89091 ], [ -96.55296, 34.89361 ], [ -96.55589, 34.89808 ], [ -96.55659, 34.90088 ], [ -96.55629, 34.90458 ], [ -96.55529, 34.90748 ], [ -96.55539, 34.91128 ], [ -96.55689, 34.91418 ], [ -96.56409, 34.91728 ], [ -96.56869, 34.91658 ], [ -96.57189, 34.91678 ], [ -96.57709, 34.91658 ], [ -96.57849, 34.91598 ], [ -96.58419, 34.91219 ], [ -96.58914, 34.90997 ], [ -96.59036, 34.90917 ], [ -96.59269, 34.90758 ], [ -96.59579, 34.90598 ], [ -96.59879, 34.90488 ], [ -96.60322, 34.90371 ], [ -96.61319, 34.90048 ], [ -96.61649, 34.89968 ], [ -96.62189, 34.89898 ], [ -96.62529, 34.89898 ], [ -96.63319, 34.89858 ], [ -96.63679, 34.89878 ], [ -96.64079, 34.89948 ], [ -96.64449, 34.90058 ], [ -96.64599, 34.90138 ], [ -96.64949, 34.90528 ], [ -96.65309, 34.91038 ], [ -96.65549, 34.91508 ], [ -96.65799, 34.92098 ], [ -96.65929, 34.92308 ], [ -96.66209, 34.92588 ], [ -96.66539, 34.92838 ], [ -96.66769, 34.92958 ], [ -96.68357, 34.93303 ], [ -96.69197, 34.93331 ], [ -96.69415, 34.93279 ], [ -96.69949, 34.93027 ], [ -96.70253, 34.92815 ], [ -96.7046, 34.92628 ], [ -96.70649, 34.92398 ], [ -96.70809, 34.92108 ], [ -96.71149, 34.91628 ], [ -96.71209, 34.91388 ], [ -96.71158, 34.91236 ], [ -96.71093, 34.91172 ], [ -96.70353, 34.90931 ], [ -96.70173, 34.90827 ], [ -96.70061, 34.90691 ], [ -96.69569, 34.90361 ], [ -96.69345, 34.90126 ], [ -96.69014, 34.89627 ], [ -96.68919, 34.89558 ], [ -96.68699, 34.89128 ], [ -96.6863, 34.88855 ], [ -96.68647, 34.88318 ], [ -96.68729, 34.88098 ], [ -96.69041, 34.875 ], [ -96.69494, 34.87062 ], [ -96.6941, 34.87007 ], [ -96.69418, 34.8685 ], [ -96.69799, 34.86688 ], [ -96.70379, 34.86338 ], [ -96.71009, 34.86088 ], [ -96.7124, 34.85968 ], [ -96.72007, 34.85746 ], [ -96.72289, 34.85678 ], [ -96.72759, 34.85718 ], [ -96.72939, 34.85758 ], [ -96.73369, 34.85968 ], [ -96.73703, 34.86292 ], [ -96.74039, 34.86688 ], [ -96.74209, 34.86938 ], [ -96.74719, 34.88178 ], [ -96.74879, 34.89028 ], [ -96.75009, 34.89298 ], [ -96.75552, 34.89981 ], [ -96.76065, 34.90084 ], [ -96.76341, 34.90038 ], [ -96.76753, 34.90065 ], [ -96.77153, 34.90025 ], [ -96.77256, 34.90064 ], [ -96.77568, 34.89996 ], [ -96.77514, 34.90164 ], [ -96.77543, 34.94161 ], [ -96.77537, 34.9706 ], [ -96.7754, 35.01414 ], [ -96.77536, 35.04322 ], [ -96.77555, 35.08217 ], [ -96.77567, 35.11586 ], [ -96.77568, 35.12427 ], [ -96.77569, 35.12583 ], [ -96.77573, 35.13754 ], [ -96.77579, 35.14471 ], [ -96.77657, 35.17456 ], [ -96.77663, 35.18068 ], [ -96.77674, 35.19543 ], [ -96.77686, 35.21729 ], [ -96.77702, 35.25314 ], [ -96.77704, 35.26041 ], [ -96.77692, 35.26096 ], [ -96.77683, 35.26822 ], [ -96.77715, 35.28986 ], [ -96.77703, 35.29001 ] ] ] ] } },
{ "type": "Feature", "properties": { "GEOID": "40135", "NAME": "Sequoyah", "ALAND": 1744553526.0 }, "geometry": { "type": "MultiPolygon", "coordinates": [ [ [ [ -95.13229, 35.54776 ], [ -95.13229, 35.55181 ], [ -95.13127, 35.55172 ], [ -95.12731, 35.55182 ], [ -95.12731, 35.55429 ], [ -95.12724, 35.59584 ], [ -95.12727, 35.60245 ], [ -95.12761, 35.62024 ], [ -95.12735, 35.6251 ], [ -95.12746, 35.63862 ], [ -95.12721, 35.63879 ], [ -95.01252, 35.63862 ], [ -95.007, 35.63862 ], [ -95.00011, 35.63862 ], [ -94.99171, 35.63863 ], [ -94.9709, 35.63856 ], [ -94.96044, 35.63864 ], [ -94.95258, 35.63846 ], [ -94.95192, 35.63863 ], [ -94.86048, 35.63859 ], [ -94.85416, 35.63859 ], [ -94.82898, 35.63856 ], [ -94.80776, 35.63855 ], [ -94.77227, 35.6385 ], [ -94.76877, 35.63849 ], [ -94.75369, 35.63847 ], [ -94.70118, 35.63838 ], [ -94.67519, 35.63837 ], [ -94.64775, 35.63836 ], [ -94.63072, 35.63835 ], [ -94.62991, 35.63835 ], [ -94.59499, 35.63833 ], [ -94.53375, 35.63835 ], [ -94.52061, 35.63835 ], [ -94.50273, 35.63835 ], [ -94.47265, 35.63856 ], [ -94.4662, 35.59962 ], [ -94.46527, 35.59404 ], [ -94.46446, 35.58891 ], [ -94.46421, 35.58779 ], [ -94.4641, 35.58727 ], [ -94.46332, 35.58266 ], [ -94.4629, 35.58001 ], [ -94.46, 35.56174 ], [ -94.45658, 35.54018 ], [ -94.45472, 35.5284 ], [ -94.45223, 35.51273 ], [ -94.4499, 35.49798 ], [ -94.4497, 35.49672 ], [ -94.44326, 35.46149 ], [ -94.44145, 35.45155 ], [ -94.44123, 35.45034 ], [ -94.44119, 35.45015 ], [ -94.44114, 35.44988 ], [ -94.43895, 35.43784 ], [ -94.4356, 35.41953 ], [ -94.43084, 35.39346 ], [ -94.43066, 35.39248 ], [ -94.43146, 35.39145 ], [ -94.43559, 35.38612 ], [ -94.44114, 35.38215 ], [ -94.44601, 35.3801 ], [ -94.44875, 35.37937 ], [ -94.45479, 35.3785 ], [ -94.46062, 35.37864 ], [ -94.46826, 35.3764 ], [ -94.46684, 35.377 ], [ -94.4728, 35.37578 ], [ -94.47691, 35.37412 ], [ -94.48003, 35.37216 ], [ -94.48178, 35.37012 ], [ -94.4836, 35.36942 ], [ -94.48622, 35.36606 ], [ -94.48669, 35.36488 ], [ -94.48586, 35.36036 ], [ -94.48327, 35.35508 ], [ -94.48052, 35.35229 ], [ -94.48154, 35.34999 ], [ -94.48246, 35.34907 ], [ -94.48637, 35.34683 ], [ -94.48905, 35.34513 ], [ -94.49235, 35.34428 ], [ -94.49477, 35.34257 ], [ -94.49438, 35.33714 ], [ -94.49474, 35.33228 ], [ -94.4948, 35.32981 ], [ -94.49201, 35.32541 ], [ -94.48774, 35.32251 ], [ -94.4833, 35.31811 ], [ -94.48206, 35.31537 ], [ -94.48115, 35.30951 ], [ -94.48237, 35.30725 ], [ -94.48533, 35.30479 ], [ -94.49018, 35.30318 ], [ -94.49144, 35.30223 ], [ -94.49456, 35.30113 ], [ -94.49624, 35.30184 ], [ -94.49831, 35.30454 ], [ -94.50109, 35.30584 ], [ -94.50413, 35.30592 ], [ -94.5057, 35.30494 ], [ -94.51117, 35.30452 ], [ -94.51522, 35.30657 ], [ -94.5152, 35.30869 ], [ -94.51696, 35.30952 ], [ -94.51913, 35.30819 ], [ -94.52865, 35.3052 ], [ -94.53353, 35.30433 ], [ -94.53846, 35.30435 ], [ -94.54273, 35.30496 ], [ -94.54765, 35.30635 ], [ -94.55463, 35.31022 ], [ -94.559, 35.31503 ], [ -94.56355, 35.31986 ], [ -94.5652, 35.32263 ], [ -94.56915, 35.32564 ], [ -94.57647, 35.32887 ], [ -94.57906, 35.32878 ], [ -94.58318, 35.32829 ], [ -94.58896, 35.32853 ], [ -94.5948, 35.32797 ], [ -94.59882, 35.32644 ], [ -94.60386, 35.32168 ], [ -94.60997, 35.31299 ], [ -94.61298, 35.30763 ], [ -94.61588, 35.30411 ], [ -94.62116, 35.30075 ], [ -94.62522, 35.29752 ], [ -94.6295, 35.29527 ], [ -94.63343, 35.29377 ], [ -94.64351, 35.29178 ], [ -94.64797, 35.29123 ], [ -94.65182, 35.29121 ], [ -94.65743, 35.29158 ], [ -94.66313, 35.29256 ], [ -94.6688, 35.29503 ], [ -94.6738, 35.29876 ], [ -94.6756, 35.30053 ], [ -94.67834, 35.3048 ], [ -94.67856, 35.3071 ], [ -94.67819, 35.31189 ], [ -94.67838, 35.31557 ], [ -94.67889, 35.31841 ], [ -94.68044, 35.32266 ], [ -94.68346, 35.32625 ], [ -94.68488, 35.32729 ], [ -94.69086, 35.32987 ], [ -94.69523, 35.33099 ], [ -94.70228, 35.33201 ], [ -94.704, 35.33248 ], [ -94.70958, 35.33599 ], [ -94.71459, 35.33969 ], [ -94.72056, 35.34593 ], [ -94.7257, 35.3497 ], [ -94.73001, 35.35195 ], [ -94.73782, 35.35465 ], [ -94.74338, 35.35601 ], [ -94.75022, 35.35697 ], [ -94.75641, 35.35681 ], [ -94.76384, 35.35569 ], [ -94.76973, 35.35532 ], [ -94.77525, 35.35318 ], [ -94.77766, 35.35144 ], [ -94.77776, 35.35137 ], [ -94.77844, 35.3509 ], [ -94.78162, 35.34715 ], [ -94.785, 35.34219 ], [ -94.78858, 35.33557 ], [ -94.79009, 35.33338 ], [ -94.79053, 35.33133 ], [ -94.79271, 35.32835 ], [ -94.79437, 35.32709 ], [ -94.79629, 35.32646 ], [ -94.80091, 35.32495 ], [ -94.80605, 35.32386 ], [ -94.81172, 35.32307 ], [ -94.81363, 35.32334 ], [ -94.81726, 35.32387 ], [ -94.82068, 35.32589 ], [ -94.82379, 35.32939 ], [ -94.82591, 35.3334 ], [ -94.82746, 35.33741 ], [ -94.82901, 35.3468 ], [ -94.82915, 35.35143 ], [ -94.82895, 35.35612 ], [ -94.82918, 35.36192 ], [ -94.83123, 35.36555 ], [ -94.83495, 35.36837 ], [ -94.83707, 35.36945 ], [ -94.84214, 35.37109 ], [ -94.84518, 35.37078 ], [ -94.84968, 35.36857 ], [ -94.85406, 35.36412 ], [ -94.85952, 35.36002 ], [ -94.86237, 35.35827 ], [ -94.86589, 35.3566 ], [ -94.87242, 35.35453 ], [ -94.87691, 35.35413 ], [ -94.88454, 35.35193 ], [ -94.88671, 35.35159 ], [ -94.89552, 35.34919 ], [ -94.90198, 35.34671 ], [ -94.90469, 35.34642 ], [ -94.91192, 35.34665 ], [ -94.91445, 35.34752 ], [ -94.91871, 35.35041 ], [ -94.91958, 35.35332 ], [ -94.91927, 35.35414 ], [ -94.91531, 35.35865 ], [ -94.91323, 35.36035 ], [ -94.90869, 35.36289 ], [ -94.90244, 35.36719 ], [ -94.89474, 35.37309 ], [ -94.89352, 35.37515 ], [ -94.8923, 35.37968 ], [ -94.8923, 35.38435 ], [ -94.89393, 35.3881 ], [ -94.89628, 35.39177 ], [ -94.89948, 35.39561 ], [ -94.90183, 35.39794 ], [ -94.90469, 35.39884 ], [ -94.90815, 35.39838 ], [ -94.91114, 35.39718 ], [ -94.91705, 35.39376 ], [ -94.9205, 35.3931 ], [ -94.92575, 35.39285 ], [ -94.92889, 35.39342 ], [ -94.93424, 35.39551 ], [ -94.93852, 35.39659 ], [ -94.94065, 35.39826 ], [ -94.94461, 35.40246 ], [ -94.94522, 35.40309 ], [ -94.94624, 35.40454 ], [ -94.94886, 35.40727 ], [ -94.95133, 35.40833 ], [ -94.95516, 35.40869 ], [ -94.95915, 35.40827 ], [ -94.96596, 35.40672 ], [ -94.97147, 35.4071 ], [ -94.97496, 35.40796 ], [ -94.97897, 35.40826 ], [ -94.98683, 35.40838 ], [ -94.99196, 35.4095 ], [ -94.99634, 35.41115 ], [ -95.00023, 35.41202 ], [ -95.00435, 35.41347 ], [ -95.00651, 35.4146 ], [ -95.01176, 35.41842 ], [ -95.01443, 35.42099 ], [ -95.01993, 35.425 ], [ -95.02153, 35.42679 ], [ -95.02373, 35.4303 ], [ -95.02443, 35.43239 ], [ -95.02463, 35.4352 ], [ -95.02443, 35.44219 ], [ -95.02333, 35.4485 ], [ -95.02353, 35.45079 ], [ -95.02493, 35.45309 ], [ -95.02773, 35.45479 ], [ -95.03203, 35.45629 ], [ -95.03593, 35.45699 ], [ -95.04343, 35.45699 ], [ -95.04623, 35.4575 ], [ -95.04993, 35.45889 ], [ -95.06144, 35.46509 ], [ -95.06232, 35.46509 ], [ -95.06553, 35.4648 ], [ -95.07153, 35.46169 ], [ -95.07384, 35.45999 ], [ -95.07724, 35.4588 ], [ -95.08083, 35.4591 ], [ -95.08404, 35.4604 ], [ -95.08683, 35.4625 ], [ -95.08834, 35.4648 ], [ -95.08964, 35.4694 ], [ -95.09104, 35.4759 ], [ -95.09244, 35.4797 ], [ -95.09614, 35.4857 ], [ -95.09705, 35.48661 ], [ -95.09748, 35.48704 ], [ -95.10094, 35.4894 ], [ -95.10384, 35.4905 ], [ -95.10764, 35.49309 ], [ -95.11463, 35.49933 ], [ -95.11513, 35.5003 ], [ -95.12084, 35.5057 ], [ -95.12467, 35.51202 ], [ -95.12524, 35.516 ], [ -95.12649, 35.51906 ], [ -95.12657, 35.51923 ], [ -95.12754, 35.5213 ], [ -95.13227, 35.52605 ], [ -95.13231, 35.54382 ], [ -95.13229, 35.54776 ] ] ] ] } },
{ "type": "Feature", "properties": { "GEOID": "40137", "NAME": "Stephens", "ALAND": 2253839276.0 }, "geometry": { "type": "MultiPolygon", "coordinates": [ [ [ [ -98.14212, 34.54336 ], [ -98.14212, 34.54376 ], [ -98.1421, 34.55054 ], [ -98.1421, 34.5506 ], [ -98.14205, 34.59425 ], [ -98.14199, 34.65926 ], [ -98.1418, 34.68116 ], [ -98.11575, 34.6812 ], [ -98.11557, 34.6812 ], [ -98.09021, 34.68121 ], [ -98.0891, 34.68116 ], [ -98.06366, 34.68139 ], [ -98.06314, 34.68138 ], [ -98.03703, 34.68152 ], [ -97.99711, 34.6818 ], [ -97.99679, 34.6818 ], [ -97.99284, 34.68179 ], [ -97.98425, 34.68176 ], [ -97.96694, 34.68182 ], [ -97.95816, 34.6817 ], [ -97.94931, 34.68172 ], [ -97.94046, 34.68168 ], [ -97.89674, 34.68159 ], [ -97.88771, 34.68155 ], [ -97.87897, 34.68162 ], [ -97.84515, 34.68157 ], [ -97.84426, 34.6815 ], [ -97.75667, 34.68148 ], [ -97.7563, 34.68149 ], [ -97.72119, 34.68143 ], [ -97.71978, 34.68132 ], [ -97.66851, 34.68134 ], [ -97.59943, 34.68128 ], [ -97.59801, 34.68122 ], [ -97.563, 34.68118 ], [ -97.56301, 34.67759 ], [ -97.56296, 34.6328 ], [ -97.56283, 34.63149 ], [ -97.56284, 34.63034 ], [ -97.5629, 34.61609 ], [ -97.56286, 34.59416 ], [ -97.56289, 34.57257 ], [ -97.56286, 34.56518 ], [ -97.56308, 34.52864 ], [ -97.56329, 34.51552 ], [ -97.56294, 34.51153 ], [ -97.56318, 34.50703 ], [ -97.56232, 34.50704 ], [ -97.56238, 34.48533 ], [ -97.56239, 34.47778 ], [ -97.56239, 34.47703 ], [ -97.56233, 34.47644 ], [ -97.56242, 34.4273 ], [ -97.56243, 34.40518 ], [ -97.56263, 34.31817 ], [ -97.5626, 34.31089 ], [ -97.56257, 34.30358 ], [ -97.56251, 34.28918 ], [ -97.64159, 34.28912 ], [ -97.75482, 34.28926 ], [ -97.7722, 34.28924 ], [ -97.81595, 34.28923 ], [ -97.89468, 34.28919 ], [ -97.92958, 34.28917 ], [ -97.95377, 34.28914 ], [ -97.98217, 34.2891 ], [ -97.99896, 34.28908 ], [ -97.99985, 34.2895 ], [ -98.00032, 34.28948 ], [ -98.00567, 34.28948 ], [ -98.00784, 34.28947 ], [ -98.00823, 34.28947 ], [ -98.01672, 34.28949 ], [ -98.05915, 34.28969 ], [ -98.06015, 34.2897 ], [ -98.08675, 34.28989 ], [ -98.09525, 34.28988 ], [ -98.09549, 34.28989 ], [ -98.13923, 34.28982 ], [ -98.13931, 34.33338 ], [ -98.1393, 34.34045 ], [ -98.1393, 34.3406 ], [ -98.13919, 34.36233 ], [ -98.13919, 34.36962 ], [ -98.13917, 34.3985 ], [ -98.13904, 34.40576 ], [ -98.13904, 34.40586 ], [ -98.13896, 34.42024 ], [ -98.13924, 34.507 ], [ -98.14215, 34.50699 ], [ -98.14212, 34.54336 ] ] ] ] } },
{ "type": "Feature", "properties": { "GEOID": "40139", "NAME": "Texas", "ALAND": 5286923168.0 }, "geometry": { "type": "MultiPolygon", "coordinates": [ [ [ [ -102.03201, 36.70416 ], [ -102.0319, 36.76162 ], [ -102.03183, 36.76231 ], [ -102.03208, 36.84918 ], [ -102.02832, 36.84936 ], [ -102.02821, 36.99312 ], [ -102.00045, 36.99327 ], [ -102.00045, 36.99325 ], [ -101.93522, 36.99355 ], [ -101.90805, 36.99368 ], [ -101.90244, 36.9937 ], [ -101.89898, 36.99372 ], [ -101.88087, 36.9938 ], [ -101.86268, 36.99389 ], [ -101.82655, 36.99405 ], [ -101.71826, 36.99455 ], [ -101.70368, 36.99462 ], [ -101.63251, 36.99495 ], [ -101.60159, 36.99509 ], [ -101.6004, 36.99515 ], [ -101.5952, 36.99518 ], [ -101.55526, 36.99541 ], [ -101.55524, 36.99541 ], [ -101.51907, 36.99555 ], [ -101.48533, 36.99561 ], [ -101.415, 36.99597 ], [ -101.41387, 36.99601 ], [ -101.39704, 36.99608 ], [ -101.37818, 36.99616 ], [ -101.36113, 36.99623 ], [ -101.35967, 36.99623 ], [ -101.3578, 36.99627 ], [ -101.28321, 36.99667 ], [ -101.21492, 36.99703 ], [ -101.21291, 36.99704 ], [ -101.21149, 36.99712 ], [ -101.09005, 36.99779 ], [ -101.06674, 36.99792 ], [ -101.06645, 36.99792 ], [ -101.05359, 36.99797 ], [ -101.01773, 36.99815 ], [ -101.01264, 36.99818 ], [ -100.9965, 36.99804 ], [ -100.95823, 36.99813 ], [ -100.94557, 36.99815 ], [ -100.94547, 36.99815 ], [ -100.9455, 36.87772 ], [ -100.94555, 36.84865 ], [ -100.95389, 36.84819 ], [ -100.95407, 36.76164 ], [ -100.95405, 36.7471 ], [ -100.95421, 36.71798 ], [ -100.95435, 36.67086 ], [ -100.95429, 36.64599 ], [ -100.95415, 36.4996 ], [ -100.97709, 36.49959 ], [ -101.04533, 36.49954 ], [ -101.05242, 36.49956 ], [ -101.08516, 36.49924 ], [ -101.20479, 36.49931 ], [ -101.36684, 36.49939 ], [ -101.58301, 36.49951 ], [ -101.62391, 36.49953 ], [ -101.64997, 36.49957 ], [ -101.65371, 36.49957 ], [ -101.67277, 36.49955 ], [ -101.69063, 36.49952 ], [ -101.69868, 36.49951 ], [ -101.70931, 36.49972 ], [ -101.75168, 36.49973 ], [ -101.77324, 36.49973 ], [ -101.77813, 36.49973 ], [ -101.77944, 36.49973 ], [ -101.78061, 36.49973 ], [ -101.78199, 36.49972 ], [ -101.78336, 36.49971 ], [ -101.78718, 36.49968 ], [ -101.78811, 36.49968 ], [ -101.81449, 36.49958 ], [ -101.8265, 36.49954 ], [ -101.82657, 36.49965 ], [ -101.91483, 36.5004 ], [ -101.93024, 36.50053 ], [ -101.93166, 36.50053 ], [ -102.03234, 36.50061 ], [ -102.03201, 36.70416 ] ] ] ] } },
{ "type": "Feature", "properties": { "GEOID": "40141", "NAME": "Tillman", "ALAND": 2256226949.0 }, "geometry": { "type": "MultiPolygon", "coordinates": [ [ [ [ -99.23806, 34.42501 ], [ -99.23762, 34.42753 ], [ -99.23671, 34.42856 ], [ -99.23403, 34.42851 ], [ -99.23151, 34.42595 ], [ -99.23073, 34.42439 ], [ -99.23115, 34.42304 ], [ -99.23084, 34.42121 ], [ -99.23001, 34.42029 ], [ -99.22802, 34.41956 ], [ -99.22611, 34.41981 ], [ -99.22355, 34.42149 ], [ -99.22164, 34.4254 ], [ -99.22195, 34.42829 ], [ -99.22297, 34.43285 ], [ -99.2243, 34.43379 ], [ -99.22789, 34.4339 ], [ -99.22911, 34.43559 ], [ -99.2303, 34.43834 ], [ -99.23077, 34.44137 ], [ -99.22989, 34.44787 ], [ -99.22854, 34.45135 ], [ -99.22674, 34.45197 ], [ -99.22519, 34.45126 ], [ -99.22383, 34.45179 ], [ -99.22287, 34.45376 ], [ -99.21626, 34.45447 ], [ -99.21441, 34.45505 ], [ -99.21305, 34.45699 ], [ -99.21341, 34.45938 ], [ -99.21601, 34.46121 ], [ -99.21928, 34.46182 ], [ -99.22099, 34.46295 ], [ -99.22116, 34.46418 ], [ -99.21878, 34.46771 ], [ -99.21726, 34.47106 ], [ -99.21688, 34.47534 ], [ -99.21486, 34.48102 ], [ -99.21591, 34.48395 ], [ -99.21798, 34.48308 ], [ -99.21809, 34.47974 ], [ -99.22028, 34.47795 ], [ -99.22302, 34.4791 ], [ -99.22459, 34.48104 ], [ -99.2233, 34.48283 ], [ -99.22108, 34.48482 ], [ -99.22042, 34.48789 ], [ -99.22205, 34.49112 ], [ -99.22208, 34.49277 ], [ -99.22071, 34.49448 ], [ -99.21739, 34.49507 ], [ -99.21571, 34.49837 ], [ -99.21011, 34.50166 ], [ -99.20839, 34.5037 ], [ -99.20784, 34.50535 ], [ -99.20856, 34.50984 ], [ -99.2087, 34.51307 ], [ -99.20673, 34.51767 ], [ -99.20366, 34.52287 ], [ -99.20126, 34.52793 ], [ -99.1984, 34.53075 ], [ -99.19719, 34.53526 ], [ -99.19733, 34.53751 ], [ -99.1968, 34.54239 ], [ -99.19567, 34.545 ], [ -99.19331, 34.54454 ], [ -99.19007, 34.54111 ], [ -99.18861, 34.54062 ], [ -99.18221, 34.54055 ], [ -99.17961, 34.53971 ], [ -99.17798, 34.5401 ], [ -99.17776, 34.54268 ], [ -99.17623, 34.54479 ], [ -99.17183, 34.54639 ], [ -99.17111, 34.54715 ], [ -99.17103, 34.54793 ], [ -99.17249, 34.54926 ], [ -99.17391, 34.54914 ], [ -99.17576, 34.54807 ], [ -99.1777, 34.5485 ], [ -99.17983, 34.55036 ], [ -99.17933, 34.55361 ], [ -99.17989, 34.55473 ], [ -99.1834, 34.55746 ], [ -99.18484, 34.56003 ], [ -99.18451, 34.56231 ], [ -99.18149, 34.56355 ], [ -99.17775, 34.56648 ], [ -99.17465, 34.57097 ], [ -99.1734, 34.57418 ], [ -99.1711, 34.57823 ], [ -99.16778, 34.58231 ], [ -99.16689, 34.58384 ], [ -99.16332, 34.58804 ], [ -99.16005, 34.58746 ], [ -99.15637, 34.58797 ], [ -99.15144, 34.58945 ], [ -99.14476, 34.59181 ], [ -99.14099, 34.59254 ], [ -99.13839, 34.59261 ], [ -99.13543, 34.5921 ], [ -99.13221, 34.59208 ], [ -99.13324, 34.59022 ], [ -99.13257, 34.58808 ], [ -99.13103, 34.58695 ], [ -99.12926, 34.58436 ], [ -99.12712, 34.58337 ], [ -99.12459, 34.58298 ], [ -99.1218, 34.58789 ], [ -99.1193, 34.58938 ], [ -99.11462, 34.59069 ], [ -99.11155, 34.59222 ], [ -99.10784, 34.59172 ], [ -99.10479, 34.59231 ], [ -99.10288, 34.59371 ], [ -99.09967, 34.59413 ], [ -99.09892, 34.59316 ], [ -99.09828, 34.58975 ], [ -99.09665, 34.58812 ], [ -99.09396, 34.58709 ], [ -99.09066, 34.58742 ], [ -99.08665, 34.58826 ], [ -99.08457, 34.58914 ], [ -99.0831, 34.59044 ], [ -99.08255, 34.59605 ], [ -99.0836, 34.60027 ], [ -99.08502, 34.60357 ], [ -99.08488, 34.60673 ], [ -99.0866, 34.60936 ], [ -99.09175, 34.61174 ], [ -99.09178, 34.61307 ], [ -99.09076, 34.61451 ], [ -99.08846, 34.61525 ], [ -99.08502, 34.61335 ], [ -99.08183, 34.61381 ], [ -99.08001, 34.61534 ], [ -99.0792, 34.61811 ], [ -99.07962, 34.62052 ], [ -99.08028, 34.62235 ], [ -99.08272, 34.62432 ], [ -99.09001, 34.62556 ], [ -99.09187, 34.62656 ], [ -99.0937, 34.62876 ], [ -99.09606, 34.63407 ], [ -99.09819, 34.63552 ], [ -99.10251, 34.63602 ], [ -99.10315, 34.63795 ], [ -99.00102, 34.63787 ], [ -99.00111, 34.59437 ], [ -98.84364, 34.59441 ], [ -98.83496, 34.59441 ], [ -98.82601, 34.59441 ], [ -98.82604, 34.58696 ], [ -98.8261, 34.54367 ], [ -98.82599, 34.52193 ], [ -98.82612, 34.52094 ], [ -98.82614, 34.50737 ], [ -98.81861, 34.50742 ], [ -98.74903, 34.50749 ], [ -98.72916, 34.50751 ], [ -98.68553, 34.50747 ], [ -98.66198, 34.50746 ], [ -98.66214, 34.42764 ], [ -98.66215, 34.42135 ], [ -98.66214, 34.42032 ], [ -98.66196, 34.40595 ], [ -98.662, 34.33343 ], [ -98.63539, 34.33358 ], [ -98.60966, 34.33372 ], [ -98.60962, 34.31906 ], [ -98.6096, 34.3045 ], [ -98.60948, 34.29627 ], [ -98.60983, 34.20978 ], [ -98.60985, 34.19528 ], [ -98.60999, 34.15715 ], [ -98.61183, 34.15656 ], [ -98.61673, 34.15642 ], [ -98.61862, 34.15671 ], [ -98.62167, 34.1572 ], [ -98.63573, 34.16162 ], [ -98.64322, 34.16453 ], [ -98.64807, 34.16444 ], [ -98.65058, 34.16311 ], [ -98.65565, 34.15826 ], [ -98.67738, 34.14254 ], [ -98.67869, 34.14214 ], [ -98.68412, 34.13879 ], [ -98.68563, 34.13657 ], [ -98.6906, 34.13297 ], [ -98.6934, 34.13375 ], [ -98.69652, 34.13352 ], [ -98.70018, 34.136 ], [ -98.70305, 34.1359 ], [ -98.70613, 34.13499 ], [ -98.70996, 34.13155 ], [ -98.71247, 34.13116 ], [ -98.71412, 34.13214 ], [ -98.71423, 34.1334 ], [ -98.71495, 34.13485 ], [ -98.7161, 34.13595 ], [ -98.71754, 34.13645 ], [ -98.71922, 34.13638 ], [ -98.72272, 34.13528 ], [ -98.72363, 34.13519 ], [ -98.725, 34.13546 ], [ -98.7285, 34.13528 ], [ -98.73043, 34.13592 ], [ -98.73429, 34.13576 ], [ -98.73547, 34.13521 ], [ -98.73682, 34.13337 ], [ -98.73723, 34.13099 ], [ -98.73946, 34.12739 ], [ -98.74197, 34.12553 ], [ -98.74929, 34.12424 ], [ -98.75076, 34.12431 ], [ -98.75371, 34.12446 ], [ -98.75704, 34.12463 ], [ -98.75965, 34.12691 ], [ -98.75949, 34.12888 ], [ -98.76056, 34.13239 ], [ -98.7618, 34.13379 ], [ -98.76557, 34.13638 ], [ -98.77943, 34.14023 ], [ -98.7884, 34.14667 ], [ -98.79202, 34.14374 ], [ -98.7962, 34.14278 ], [ -98.79976, 34.14788 ], [ -98.80441, 34.15393 ], [ -98.80681, 34.1559 ], [ -98.81295, 34.15844 ], [ -98.81527, 34.1581 ], [ -98.83111, 34.16215 ], [ -98.83213, 34.16179 ], [ -98.83335, 34.15911 ], [ -98.83668, 34.15649 ], [ -98.84068, 34.1573 ], [ -98.84219, 34.15805 ], [ -98.84354, 34.15814 ], [ -98.84473, 34.15908 ], [ -98.84699, 34.15973 ], [ -98.84777, 34.15995 ], [ -98.84966, 34.1597 ], [ -98.85167, 34.16029 ], [ -98.85418, 34.16165 ], [ -98.85559, 34.16162 ], [ -98.85732, 34.16109 ], [ -98.8579, 34.15963 ], [ -98.85842, 34.15273 ], [ -98.86012, 34.14991 ], [ -98.86255, 34.14911 ], [ -98.86812, 34.14964 ], [ -98.87327, 34.1536 ], [ -98.87487, 34.15566 ], [ -98.87495, 34.15703 ], [ -98.87223, 34.16045 ], [ -98.87121, 34.16301 ], [ -98.87154, 34.16503 ], [ -98.87292, 34.16658 ], [ -98.87485, 34.16752 ], [ -98.87629, 34.16759 ], [ -98.88133, 34.16735 ], [ -98.88604, 34.16792 ], [ -98.88896, 34.16941 ], [ -98.89215, 34.17234 ], [ -98.90935, 34.1775 ], [ -98.91833, 34.18183 ], [ -98.9207, 34.18344 ], [ -98.92313, 34.18598 ], [ -98.92343, 34.18634 ], [ -98.92746, 34.19116 ], [ -98.92815, 34.19269 ], [ -98.94022, 34.20369 ], [ -98.9504, 34.21168 ], [ -98.95236, 34.21258 ], [ -98.95251, 34.21265 ], [ -98.95848, 34.21386 ], [ -98.96079, 34.21303 ], [ -98.96231, 34.21131 ], [ -98.96209, 34.20639 ], [ -98.96247, 34.20467 ], [ -98.9663, 34.20132 ], [ -98.969, 34.2013 ], [ -98.97413, 34.20357 ], [ -98.97659, 34.20629 ], [ -98.97868, 34.21023 ], [ -98.98136, 34.21758 ], [ -98.98729, 34.22122 ], [ -98.99085, 34.22163 ], [ -99.00076, 34.21764 ], [ -99.00343, 34.21447 ], [ -99.00292, 34.20878 ], [ -99.00579, 34.20665 ], [ -99.01308, 34.20322 ], [ -99.02794, 34.20559 ], [ -99.03627, 34.20691 ], [ -99.03746, 34.20645 ], [ -99.039, 34.20467 ], [ -99.04096, 34.20084 ], [ -99.04347, 34.19821 ], [ -99.04879, 34.19821 ], [ -99.05808, 34.20057 ], [ -99.0588, 34.20126 ], [ -99.05916, 34.20293 ], [ -99.06034, 34.20476 ], [ -99.06646, 34.2084 ], [ -99.07598, 34.21122 ], [ -99.07954, 34.21152 ], [ -99.08461, 34.20943 ], [ -99.08892, 34.20847 ], [ -99.09219, 34.20932 ], [ -99.09285, 34.21074 ], [ -99.09527, 34.21184 ], [ -99.09788, 34.21102 ], [ -99.10025, 34.20887 ], [ -99.10219, 34.20548 ], [ -99.1063, 34.2047 ], [ -99.1093, 34.20545 ], [ -99.11284, 34.20582 ], [ -99.11696, 34.20373 ], [ -99.1192, 34.20175 ], [ -99.11997, 34.20188 ], [ -99.12657, 34.203 ], [ -99.12979, 34.2044 ], [ -99.13117, 34.20574 ], [ -99.13188, 34.20738 ], [ -99.13155, 34.20935 ], [ -99.13009, 34.21219 ], [ -99.12753, 34.21377 ], [ -99.12661, 34.21533 ], [ -99.1268, 34.21711 ], [ -99.12755, 34.21799 ], [ -99.12851, 34.21877 ], [ -99.13061, 34.21941 ], [ -99.1334, 34.21966 ], [ -99.13822, 34.21916 ], [ -99.13918, 34.2176 ], [ -99.1415, 34.21666 ], [ -99.14247, 34.21541 ], [ -99.14399, 34.21476 ], [ -99.14448, 34.21333 ], [ -99.14785, 34.20944 ], [ -99.15134, 34.2076 ], [ -99.15682, 34.20721 ], [ -99.15902, 34.20888 ], [ -99.18951, 34.21431 ], [ -99.1921, 34.21669 ], [ -99.19268, 34.21883 ], [ -99.19208, 34.22219 ], [ -99.19004, 34.22719 ], [ -99.19015, 34.22966 ], [ -99.19114, 34.23234 ], [ -99.19555, 34.24006 ], [ -99.19715, 34.2443 ], [ -99.19181, 34.25644 ], [ -99.19713, 34.26183 ], [ -99.19802, 34.26272 ], [ -99.19446, 34.27188 ], [ -99.19626, 34.28146 ], [ -99.20022, 34.28115 ], [ -99.20777, 34.28382 ], [ -99.21145, 34.29275 ], [ -99.21025, 34.30094 ], [ -99.21173, 34.3054 ], [ -99.21348, 34.31067 ], [ -99.20658, 34.31696 ], [ -99.20582, 34.32008 ], [ -99.20972, 34.32494 ], [ -99.21078, 34.33098 ], [ -99.21072, 34.3363 ], [ -99.21008, 34.3377 ], [ -99.20691, 34.33828 ], [ -99.20343, 34.33859 ], [ -99.2011, 34.33927 ], [ -99.19828, 34.33962 ], [ -99.19541, 34.34148 ], [ -99.19232, 34.34672 ], [ -99.19211, 34.35172 ], [ -99.19275, 34.35486 ], [ -99.19399, 34.35756 ], [ -99.19507, 34.3586 ], [ -99.19913, 34.36013 ], [ -99.20167, 34.36265 ], [ -99.20272, 34.36515 ], [ -99.20278, 34.36989 ], [ -99.2041, 34.37149 ], [ -99.20764, 34.37424 ], [ -99.20996, 34.37454 ], [ -99.21562, 34.37316 ], [ -99.21897, 34.37369 ], [ -99.22025, 34.37508 ], [ -99.22054, 34.37693 ], [ -99.21927, 34.37918 ], [ -99.21621, 34.38126 ], [ -99.21134, 34.38679 ], [ -99.20916, 34.38862 ], [ -99.20872, 34.38974 ], [ -99.209, 34.39178 ], [ -99.21019, 34.39341 ], [ -99.21386, 34.39473 ], [ -99.21759, 34.38995 ], [ -99.21955, 34.38862 ], [ -99.22312, 34.38717 ], [ -99.22765, 34.38703 ], [ -99.22886, 34.3877 ], [ -99.22936, 34.39093 ], [ -99.22743, 34.39377 ], [ -99.22682, 34.39542 ], [ -99.22646, 34.39904 ], [ -99.22599, 34.39998 ], [ -99.22663, 34.40128 ], [ -99.22804, 34.40167 ], [ -99.23017, 34.40121 ], [ -99.23141, 34.40027 ], [ -99.23357, 34.40016 ], [ -99.23514, 34.40107 ], [ -99.23575, 34.40293 ], [ -99.23523, 34.4057 ], [ -99.23529, 34.40868 ], [ -99.23614, 34.41168 ], [ -99.23601, 34.41321 ], [ -99.23667, 34.41532 ], [ -99.23656, 34.41715 ], [ -99.23775, 34.4199 ], [ -99.23806, 34.42501 ] ] ] ] } },
{ "type": "Feature", "properties": { "GEOID": "40143", "NAME": "Tulsa", "ALAND": 1476917121.0 }, "geometry": { "type": "MultiPolygon", "coordinates": [ [ [ [ -96.29791, 36.07605 ], [ -96.2979, 36.11918 ], [ -96.29789, 36.13116 ], [ -96.29789, 36.14119 ], [ -96.29789, 36.16228 ], [ -96.27349, 36.16208 ], [ -96.27271, 36.16208 ], [ -96.26829, 36.16198 ], [ -96.26689, 36.16198 ], [ -96.26654, 36.16198 ], [ -96.22601, 36.16157 ], [ -96.21907, 36.16156 ], [ -96.21263, 36.16148 ], [ -96.18964, 36.16116 ], [ -96.17499, 36.16108 ], [ -96.17464, 36.16106 ], [ -96.16211, 36.16104 ], [ -96.16207, 36.16104 ], [ -96.1415, 36.16101 ], [ -96.13934, 36.161 ], [ -96.12641, 36.16098 ], [ -96.11902, 36.16096 ], [ -96.11129, 36.16094 ], [ -96.11122, 36.16094 ], [ -96.10874, 36.16094 ], [ -96.10611, 36.16093 ], [ -96.10574, 36.16093 ], [ -96.09078, 36.1609 ], [ -96.08407, 36.16089 ], [ -96.08294, 36.16095 ], [ -96.0825, 36.16101 ], [ -96.07697, 36.16091 ], [ -96.07458, 36.16092 ], [ -96.07342, 36.16108 ], [ -96.07336, 36.16108 ], [ -96.06298, 36.16087 ], [ -96.05619, 36.16109 ], [ -96.05532, 36.16109 ], [ -96.04729, 36.16113 ], [ -96.04375, 36.16113 ], [ -96.02923, 36.16122 ], [ -96.01488, 36.16129 ], [ -96.01095, 36.16132 ], [ -96.00123, 36.1613 ], [ -96.00122, 36.16244 ], [ -96.00123, 36.16885 ], [ -96.00123, 36.17332 ], [ -96.00124, 36.17694 ], [ -96.00124, 36.18057 ], [ -96.00125, 36.19172 ], [ -96.00126, 36.20529 ], [ -96.00127, 36.20592 ], [ -96.00128, 36.21299 ], [ -96.00128, 36.21925 ], [ -96.00142, 36.22064 ], [ -96.00142, 36.22383 ], [ -96.00146, 36.22697 ], [ -96.00142, 36.23078 ], [ -96.0014, 36.23495 ], [ -96.0014, 36.24213 ], [ -96.00141, 36.24482 ], [ -96.00141, 36.24522 ], [ -96.00141, 36.2453 ], [ -96.00139, 36.24927 ], [ -96.00131, 36.25002 ], [ -96.00132, 36.27937 ], [ -96.00151, 36.28548 ], [ -96.00152, 36.29251 ], [ -96.0015, 36.30337 ], [ -96.00147, 36.30706 ], [ -96.00146, 36.30745 ], [ -96.00146, 36.3179 ], [ -96.00132, 36.31848 ], [ -96.00132, 36.32216 ], [ -96.00132, 36.3326 ], [ -96.00133, 36.33447 ], [ -96.00133, 36.33661 ], [ -96.00134, 36.34566 ], [ -96.00133, 36.34696 ], [ -96.00133, 36.34705 ], [ -96.00125, 36.36154 ], [ -96.00131, 36.36852 ], [ -96.00119, 36.37207 ], [ -96.00119, 36.37217 ], [ -96.00126, 36.37398 ], [ -96.00121, 36.39843 ], [ -96.0012, 36.40245 ], [ -96.00117, 36.42348 ], [ -96.00117, 36.42369 ], [ -95.93801, 36.4237 ], [ -95.93777, 36.4237 ], [ -95.92098, 36.4237 ], [ -95.92064, 36.4237 ], [ -95.92032, 36.4237 ], [ -95.86624, 36.42375 ], [ -95.8526, 36.42364 ], [ -95.83033, 36.42352 ], [ -95.83014, 36.42352 ], [ -95.81431, 36.42348 ], [ -95.81234, 36.42358 ], [ -95.79437, 36.42358 ], [ -95.79425, 36.39577 ], [ -95.79425, 36.39451 ], [ -95.81108, 36.39457 ], [ -95.81226, 36.39458 ], [ -95.81218, 36.39417 ], [ -95.81218, 36.38012 ], [ -95.81218, 36.38001 ], [ -95.81218, 36.37999 ], [ -95.81218, 36.37829 ], [ -95.81219, 36.36565 ], [ -95.81218, 36.36554 ], [ -95.81218, 36.36549 ], [ -95.81221, 36.35925 ], [ -95.81227, 36.35833 ], [ -95.81225, 36.35655 ], [ -95.81221, 36.35101 ], [ -95.81226, 36.33671 ], [ -95.81225, 36.33664 ], [ -95.81222, 36.33652 ], [ -95.81222, 36.33628 ], [ -95.81221, 36.32568 ], [ -95.81222, 36.32393 ], [ -95.8122, 36.32205 ], [ -95.8122, 36.3208 ], [ -95.81218, 36.31972 ], [ -95.81218, 36.31935 ], [ -95.8122, 36.3148 ], [ -95.81219, 36.31242 ], [ -95.81218, 36.30754 ], [ -95.81216, 36.30486 ], [ -95.81218, 36.29305 ], [ -95.81217, 36.28575 ], [ -95.81216, 36.27853 ], [ -95.81212, 36.27579 ], [ -95.81211, 36.27129 ], [ -95.81211, 36.26748 ], [ -95.8121, 36.26443 ], [ -95.81213, 36.26428 ], [ -95.81218, 36.26388 ], [ -95.81219, 36.25748 ], [ -95.81206, 36.25697 ], [ -95.81206, 36.24953 ], [ -95.81534, 36.24953 ], [ -95.81534, 36.24944 ], [ -95.81534, 36.24911 ], [ -95.81534, 36.24897 ], [ -95.81533, 36.24788 ], [ -95.81533, 36.24745 ], [ -95.81525, 36.23507 ], [ -95.815, 36.22941 ], [ -95.81526, 36.22657 ], [ -95.81526, 36.22596 ], [ -95.81527, 36.22445 ], [ -95.81534, 36.2223 ], [ -95.81535, 36.20613 ], [ -95.8154, 36.16263 ], [ -95.77958, 36.16261 ], [ -95.76165, 36.16275 ], [ -95.76164, 36.16197 ], [ -95.76165, 36.16055 ], [ -95.76166, 36.15602 ], [ -95.76165, 36.15522 ], [ -95.76165, 36.15465 ], [ -95.76166, 36.15399 ], [ -95.76166, 36.1529 ], [ -95.76166, 36.15161 ], [ -95.76166, 36.13369 ], [ -95.76164, 36.11898 ], [ -95.76167, 36.10445 ], [ -95.76166, 36.0925 ], [ -95.76166, 36.09029 ], [ -95.76167, 36.08996 ], [ -95.76165, 36.07545 ], [ -95.76167, 36.06095 ], [ -95.76184, 36.05468 ], [ -95.76163, 36.04644 ], [ -95.76163, 36.03192 ], [ -95.76165, 36.0247 ], [ -95.76165, 36.01744 ], [ -95.76164, 36.00657 ], [ -95.76163, 36.0029 ], [ -95.76166, 35.98839 ], [ -95.76162, 35.9738 ], [ -95.76155, 35.9333 ], [ -95.7617, 35.91803 ], [ -95.7617, 35.91547 ], [ -95.76171, 35.9129 ], [ -95.7617, 35.9093 ], [ -95.76203, 35.90115 ], [ -95.79246, 35.90111 ], [ -95.79336, 35.9011 ], [ -95.79732, 35.9011 ], [ -95.79857, 35.9011 ], [ -95.81047, 35.90112 ], [ -95.81948, 35.90109 ], [ -95.81948, 35.90095 ], [ -95.81948, 35.90092 ], [ -95.81946, 35.88498 ], [ -95.81945, 35.87779 ], [ -95.81941, 35.87109 ], [ -95.81945, 35.86867 ], [ -95.81946, 35.85625 ], [ -95.82829, 35.85627 ], [ -95.8374, 35.85627 ], [ -95.87276, 35.85631 ], [ -95.89054, 35.85634 ], [ -95.89947, 35.85636 ], [ -95.90837, 35.8564 ], [ -95.94407, 35.85658 ], [ -95.96684, 35.8568 ], [ -95.97097, 35.85683 ], [ -95.97526, 35.85682 ], [ -95.97979, 35.85688 ], [ -95.98432, 35.85683 ], [ -95.99611, 35.85682 ], [ -95.99676, 35.85715 ], [ -95.99751, 35.85684 ], [ -96.00643, 35.8569 ], [ -96.01517, 35.85692 ], [ -96.01541, 35.85688 ], [ -96.03312, 35.85682 ], [ -96.03323, 35.87147 ], [ -96.03297, 35.87298 ], [ -96.03322, 35.88609 ], [ -96.03328, 35.9011 ], [ -96.02957, 35.90111 ], [ -96.02954, 35.91563 ], [ -96.02953, 35.92281 ], [ -96.02949, 35.94472 ], [ -96.02948, 35.9592 ], [ -96.02949, 35.96656 ], [ -96.02954, 35.98839 ], [ -96.02952, 35.99366 ], [ -96.02976, 35.99477 ], [ -96.02962, 35.99563 ], [ -96.02952, 35.99912 ], [ -96.02956, 36.00882 ], [ -96.02956, 36.00902 ], [ -96.02952, 36.03197 ], [ -96.02956, 36.04643 ], [ -96.02955, 36.05003 ], [ -96.02954, 36.06096 ], [ -96.02956, 36.06633 ], [ -96.02954, 36.06925 ], [ -96.02958, 36.07537 ], [ -96.03037, 36.07537 ], [ -96.04531, 36.07545 ], [ -96.0508, 36.07544 ], [ -96.05278, 36.07549 ], [ -96.05375, 36.07549 ], [ -96.05439, 36.07545 ], [ -96.05649, 36.07546 ], [ -96.06543, 36.07551 ], [ -96.0741, 36.07556 ], [ -96.07581, 36.07552 ], [ -96.08015, 36.07555 ], [ -96.10107, 36.07557 ], [ -96.10118, 36.07557 ], [ -96.11902, 36.07564 ], [ -96.11958, 36.07564 ], [ -96.13696, 36.07566 ], [ -96.17277, 36.0757 ], [ -96.19037, 36.07573 ], [ -96.21757, 36.07576 ], [ -96.22648, 36.07574 ], [ -96.25957, 36.07578 ], [ -96.26129, 36.07574 ], [ -96.2975, 36.07577 ], [ -96.29791, 36.07577 ], [ -96.29791, 36.07605 ] ] ] ] } },
{ "type": "Feature", "properties": { "GEOID": "40145", "NAME": "Wagoner", "ALAND": 1455356134.0 }, "geometry": { "type": "MultiPolygon", "coordinates": [ [ [ [ -95.81948, 35.90095 ], [ -95.81948, 35.90109 ], [ -95.81047, 35.90112 ], [ -95.79857, 35.9011 ], [ -95.79732, 35.9011 ], [ -95.79336, 35.9011 ], [ -95.79246, 35.90111 ], [ -95.76203, 35.90115 ], [ -95.7617, 35.9093 ], [ -95.76171, 35.9129 ], [ -95.7617, 35.91547 ], [ -95.7617, 35.91803 ], [ -95.76155, 35.9333 ], [ -95.76162, 35.9738 ], [ -95.76166, 35.98839 ], [ -95.76163, 36.0029 ], [ -95.76164, 36.00657 ], [ -95.76165, 36.01744 ], [ -95.76165, 36.0247 ], [ -95.76163, 36.03192 ], [ -95.76163, 36.04644 ], [ -95.76184, 36.05468 ], [ -95.76167, 36.06095 ], [ -95.76165, 36.07545 ], [ -95.76167, 36.08996 ], [ -95.76166, 36.09029 ], [ -95.76166, 36.0925 ], [ -95.76167, 36.10445 ], [ -95.76164, 36.11898 ], [ -95.76166, 36.13369 ], [ -95.76166, 36.15161 ], [ -95.76166, 36.1529 ], [ -95.76166, 36.15399 ], [ -95.76165, 36.15465 ], [ -95.76165, 36.15522 ], [ -95.76166, 36.15602 ], [ -95.76165, 36.16055 ], [ -95.76164, 36.16197 ], [ -95.76165, 36.16275 ], [ -95.75752, 36.16285 ], [ -95.75661, 36.16301 ], [ -95.7545, 36.16248 ], [ -95.74528, 36.16247 ], [ -95.74399, 36.16247 ], [ -95.7328, 36.16246 ], [ -95.72641, 36.16245 ], [ -95.72139, 36.16207 ], [ -95.71307, 36.16189 ], [ -95.70822, 36.1619 ], [ -95.69963, 36.1624 ], [ -95.69046, 36.16239 ], [ -95.67268, 36.16233 ], [ -95.63685, 36.16245 ], [ -95.61983, 36.16269 ], [ -95.61919, 36.1626 ], [ -95.61855, 36.16251 ], [ -95.61852, 36.16251 ], [ -95.61794, 36.15033 ], [ -95.61748, 36.14847 ], [ -95.61624, 36.14662 ], [ -95.61059, 36.14219 ], [ -95.60985, 36.14121 ], [ -95.60642, 36.13499 ], [ -95.6047, 36.13346 ], [ -95.59486, 36.12943 ], [ -95.5931, 36.12967 ], [ -95.59234, 36.13232 ], [ -95.59351, 36.13571 ], [ -95.59279, 36.13705 ], [ -95.59142, 36.13707 ], [ -95.58901, 36.13622 ], [ -95.58724, 36.13408 ], [ -95.58071, 36.13435 ], [ -95.57619, 36.13356 ], [ -95.5736, 36.13127 ], [ -95.5713, 36.13023 ], [ -95.56832, 36.13012 ], [ -95.56784, 36.12938 ], [ -95.57002, 36.12028 ], [ -95.57067, 36.11376 ], [ -95.57027, 36.11073 ], [ -95.56831, 36.1074 ], [ -95.56151, 36.09918 ], [ -95.55813, 36.09659 ], [ -95.55259, 36.09149 ], [ -95.55663, 36.08245 ], [ -95.55831, 36.08199 ], [ -95.56268, 36.08426 ], [ -95.56428, 36.08458 ], [ -95.57097, 36.08224 ], [ -95.57475, 36.08246 ], [ -95.57673, 36.08376 ], [ -95.57844, 36.08409 ], [ -95.5799, 36.08299 ], [ -95.57938, 36.08032 ], [ -95.57752, 36.07843 ], [ -95.57152, 36.07528 ], [ -95.5295, 36.07529 ], [ -95.49363, 36.07528 ], [ -95.43997, 36.07527 ], [ -95.43067, 36.07529 ], [ -95.3875, 36.07538 ], [ -95.38648, 36.07528 ], [ -95.36448, 36.07529 ], [ -95.33282, 36.07533 ], [ -95.30375, 36.07518 ], [ -95.30045, 36.07557 ], [ -95.29758, 36.07513 ], [ -95.29479, 36.07514 ], [ -95.2936, 36.07562 ], [ -95.29007, 36.07507 ], [ -95.25543, 36.07484 ], [ -95.23855, 36.07472 ], [ -95.23582, 36.07483 ], [ -95.20794, 36.07477 ], [ -95.20806, 36.04048 ], [ -95.20838, 36.03988 ], [ -95.22534, 36.03984 ], [ -95.22538, 36.03134 ], [ -95.22533, 36.0092 ], [ -95.23025, 36.00926 ], [ -95.2303, 36.00232 ], [ -95.23427, 36.00228 ], [ -95.23444, 35.9913 ], [ -95.23874, 35.9915 ], [ -95.23842, 35.98773 ], [ -95.23935, 35.98773 ], [ -95.25219, 35.98785 ], [ -95.25499, 35.98493 ], [ -95.26257, 35.97956 ], [ -95.27113, 35.97452 ], [ -95.2722, 35.97361 ], [ -95.27475, 35.97082 ], [ -95.27652, 35.96819 ], [ -95.2787, 35.9641 ], [ -95.27888, 35.96274 ], [ -95.2781, 35.96068 ], [ -95.27561, 35.95849 ], [ -95.27363, 35.9562 ], [ -95.27194, 35.95329 ], [ -95.26991, 35.94743 ], [ -95.26885, 35.93835 ], [ -95.26861, 35.93183 ], [ -95.26883, 35.9304 ], [ -95.26928, 35.9294 ], [ -95.2757, 35.92448 ], [ -95.28067, 35.91893 ], [ -95.2823, 35.91528 ], [ -95.2831, 35.91113 ], [ -95.28304, 35.90825 ], [ -95.28157, 35.90408 ], [ -95.2801, 35.90176 ], [ -95.27749, 35.89849 ], [ -95.27486, 35.89581 ], [ -95.27302, 35.89454 ], [ -95.26792, 35.88979 ], [ -95.2661, 35.88662 ], [ -95.26484, 35.88381 ], [ -95.26181, 35.8807 ], [ -95.2577, 35.8773 ], [ -95.25595, 35.87631 ], [ -95.25414, 35.8758 ], [ -95.25024, 35.87569 ], [ -95.24734, 35.8751 ], [ -95.24613, 35.87435 ], [ -95.2366, 35.87401 ], [ -95.23249, 35.87275 ], [ -95.23098, 35.871 ], [ -95.23004, 35.86989 ], [ -95.22934, 35.86905 ], [ -95.22771, 35.86407 ], [ -95.2275, 35.86217 ], [ -95.2295, 35.85494 ], [ -95.23146, 35.85119 ], [ -95.23392, 35.84957 ], [ -95.23723, 35.84788 ], [ -95.23872, 35.84667 ], [ -95.24069, 35.84409 ], [ -95.24277, 35.84211 ], [ -95.24746, 35.83764 ], [ -95.25024, 35.83665 ], [ -95.25316, 35.83396 ], [ -95.25296, 35.83056 ], [ -95.25248, 35.8284 ], [ -95.25333, 35.82696 ], [ -95.25568, 35.82468 ], [ -95.26009, 35.82248 ], [ -95.2665, 35.82044 ], [ -95.26775, 35.81604 ], [ -95.26568, 35.81327 ], [ -95.30514, 35.8132 ], [ -95.31115, 35.81319 ], [ -95.31789, 35.81343 ], [ -95.32244, 35.81346 ], [ -95.324, 35.81339 ], [ -95.32459, 35.81332 ], [ -95.33142, 35.81329 ], [ -95.3377, 35.81328 ], [ -95.34443, 35.81363 ], [ -95.34665, 35.81596 ], [ -95.3524, 35.81721 ], [ -95.35243, 35.81773 ], [ -95.35715, 35.81987 ], [ -95.35815, 35.82082 ], [ -95.36036, 35.82241 ], [ -95.36232, 35.82257 ], [ -95.36351, 35.8218 ], [ -95.36384, 35.8197 ], [ -95.36704, 35.8188 ], [ -95.37375, 35.8154 ], [ -95.37625, 35.8147 ], [ -95.37785, 35.8144 ], [ -95.38263, 35.81414 ], [ -95.38798, 35.81225 ], [ -95.38845, 35.81137 ], [ -95.39077, 35.81064 ], [ -95.39689, 35.80961 ], [ -95.40115, 35.8071 ], [ -95.40221, 35.80663 ], [ -95.40805, 35.8043 ], [ -95.41445, 35.802 ], [ -95.42025, 35.7996 ], [ -95.42631, 35.79838 ], [ -95.43118, 35.79865 ], [ -95.43443, 35.79919 ], [ -95.44055, 35.7997 ], [ -95.44632, 35.79994 ], [ -95.45182, 35.80143 ], [ -95.45319, 35.80239 ], [ -95.45834, 35.80317 ], [ -95.46354, 35.80469 ], [ -95.46855, 35.804 ], [ -95.47165, 35.8045 ], [ -95.47755, 35.8042 ], [ -95.48385, 35.803 ], [ -95.49099, 35.80109 ], [ -95.49755, 35.7995 ], [ -95.50009, 35.7987 ], [ -95.51448, 35.79394 ], [ -95.52073, 35.79225 ], [ -95.52401, 35.7929 ], [ -95.52599, 35.7927 ], [ -95.52735, 35.79118 ], [ -95.53151, 35.79059 ], [ -95.53854, 35.79064 ], [ -95.54089, 35.79021 ], [ -95.54193, 35.7888 ], [ -95.5446, 35.78826 ], [ -95.54788, 35.78901 ], [ -95.55354, 35.78718 ], [ -95.55631, 35.78875 ], [ -95.56104, 35.78785 ], [ -95.56309, 35.78791 ], [ -95.56435, 35.78564 ], [ -95.56652, 35.78372 ], [ -95.56826, 35.78294 ], [ -95.57257, 35.7773 ], [ -95.57664, 35.77271 ], [ -95.57729, 35.77155 ], [ -95.57987, 35.76974 ], [ -95.58197, 35.76828 ], [ -95.58362, 35.76644 ], [ -95.58465, 35.76556 ], [ -95.59015, 35.76543 ], [ -95.59355, 35.76762 ], [ -95.59641, 35.77149 ], [ -95.60035, 35.77548 ], [ -95.60051, 35.77689 ], [ -95.60195, 35.77809 ], [ -95.60448, 35.77813 ], [ -95.60527, 35.77753 ], [ -95.60937, 35.77646 ], [ -95.61182, 35.77736 ], [ -95.61538, 35.7767 ], [ -95.62152, 35.77764 ], [ -95.62442, 35.77871 ], [ -95.62526, 35.78007 ], [ -95.6316, 35.78245 ], [ -95.63302, 35.78444 ], [ -95.63514, 35.78527 ], [ -95.63831, 35.7876 ], [ -95.63979, 35.79099 ], [ -95.63955, 35.79242 ], [ -95.63817, 35.79622 ], [ -95.63892, 35.79879 ], [ -95.63713, 35.79912 ], [ -95.63632, 35.80054 ], [ -95.63686, 35.80188 ], [ -95.63809, 35.80215 ], [ -95.63755, 35.80506 ], [ -95.63918, 35.8071 ], [ -95.639, 35.80908 ], [ -95.64152, 35.81542 ], [ -95.63966, 35.82166 ], [ -95.63889, 35.82235 ], [ -95.64019, 35.8246 ], [ -95.63917, 35.82717 ], [ -95.63909, 35.83288 ], [ -95.63868, 35.83549 ], [ -95.63908, 35.83723 ], [ -95.64109, 35.84028 ], [ -95.64132, 35.84003 ], [ -95.64139, 35.83831 ], [ -95.63977, 35.8359 ], [ -95.64046, 35.83494 ], [ -95.64253, 35.83574 ], [ -95.64356, 35.83729 ], [ -95.64702, 35.83924 ], [ -95.6477, 35.84107 ], [ -95.64914, 35.84214 ], [ -95.64803, 35.8474 ], [ -95.6511, 35.85372 ], [ -95.65042, 35.85664 ], [ -95.65897, 35.85665 ], [ -95.66022, 35.85667 ], [ -95.73104, 35.8565 ], [ -95.73285, 35.8564 ], [ -95.76611, 35.85628 ], [ -95.80174, 35.85627 ], [ -95.81941, 35.85625 ], [ -95.81946, 35.85625 ], [ -95.81945, 35.86867 ], [ -95.81941, 35.87109 ], [ -95.81945, 35.87779 ], [ -95.81946, 35.88498 ], [ -95.81948, 35.90092 ], [ -95.81948, 35.90095 ] ] ] ] } },
{ "type": "Feature", "properties": { "GEOID": "40147", "NAME": "Washington", "ALAND": 1076201531.0 }, "geometry": { "type": "MultiPolygon", "coordinates": [ [ [ [ -96.00114, 36.43976 ], [ -96.00113, 36.4484 ], [ -96.00109, 36.46687 ], [ -96.00104, 36.49597 ], [ -96.00096, 36.5353 ], [ -96.00086, 36.58038 ], [ -96.00082, 36.59768 ], [ -96.00075, 36.59782 ], [ -96.00073, 36.64107 ], [ -96.00073, 36.65071 ], [ -96.00064, 36.67624 ], [ -96.00068, 36.71339 ], [ -96.00067, 36.72526 ], [ -96.00065, 36.73733 ], [ -96.00065, 36.74867 ], [ -96.00064, 36.75228 ], [ -96.00069, 36.75886 ], [ -96.00066, 36.76731 ], [ -96.00069, 36.77244 ], [ -96.00069, 36.77423 ], [ -96.00069, 36.78011 ], [ -96.0007, 36.78182 ], [ -96.00068, 36.78607 ], [ -96.00072, 36.82538 ], [ -96.00075, 36.83982 ], [ -96.00076, 36.85868 ], [ -96.00077, 36.86762 ], [ -96.00077, 36.86869 ], [ -96.00081, 36.99886 ], [ -95.96427, 36.99909 ], [ -95.93699, 36.99927 ], [ -95.92812, 36.99925 ], [ -95.91018, 36.99934 ], [ -95.87715, 36.9993 ], [ -95.87526, 36.9993 ], [ -95.87394, 36.9993 ], [ -95.87388, 36.9993 ], [ -95.8669, 36.99926 ], [ -95.81937, 36.99915 ], [ -95.80798, 36.99912 ], [ -95.78676, 36.99931 ], [ -95.78672, 36.9857 ], [ -95.78669, 36.97457 ], [ -95.78666, 36.94194 ], [ -95.80982, 36.94193 ], [ -95.8099, 36.93102 ], [ -95.80988, 36.91675 ], [ -95.8099, 36.91295 ], [ -95.8098, 36.85926 ], [ -95.80971, 36.85854 ], [ -95.80986, 36.84516 ], [ -95.80973, 36.78583 ], [ -95.80986, 36.78479 ], [ -95.80968, 36.77148 ], [ -95.80967, 36.72802 ], [ -95.80948, 36.66987 ], [ -95.80951, 36.65559 ], [ -95.80956, 36.6229 ], [ -95.80953, 36.62336 ], [ -95.80954, 36.59754 ], [ -95.81234, 36.59754 ], [ -95.81234, 36.58307 ], [ -95.81232, 36.51057 ], [ -95.8123, 36.49606 ], [ -95.81245, 36.4942 ], [ -95.81236, 36.45254 ], [ -95.81234, 36.42358 ], [ -95.81431, 36.42348 ], [ -95.83014, 36.42352 ], [ -95.83033, 36.42352 ], [ -95.8526, 36.42364 ], [ -95.86624, 36.42375 ], [ -95.92032, 36.4237 ], [ -95.92064, 36.4237 ], [ -95.92098, 36.4237 ], [ -95.93777, 36.4237 ], [ -95.93801, 36.4237 ], [ -96.00117, 36.42369 ], [ -96.00114, 36.43976 ] ] ] ] } },
{ "type": "Feature", "properties": { "GEOID": "40149", "NAME": "Washita", "ALAND": 2597989578.0 }, "geometry": { "type": "MultiPolygon", "coordinates": [ [ [ [ -99.36453, 35.28411 ], [ -99.3645, 35.29131 ], [ -99.36446, 35.30577 ], [ -99.36442, 35.32012 ], [ -99.36442, 35.34945 ], [ -99.36442, 35.3567 ], [ -99.36437, 35.36372 ], [ -99.36438, 35.36916 ], [ -99.36437, 35.37823 ], [ -99.36437, 35.39681 ], [ -99.36428, 35.42175 ], [ -99.36426, 35.42546 ], [ -99.36422, 35.46533 ], [ -99.35554, 35.46532 ], [ -99.24086, 35.4654 ], [ -99.16999, 35.46527 ], [ -99.15212, 35.46523 ], [ -99.11692, 35.4652 ], [ -99.09932, 35.46521 ], [ -98.97572, 35.46518 ], [ -98.97567, 35.46518 ], [ -98.97546, 35.46518 ], [ -98.97428, 35.46518 ], [ -98.95837, 35.46514 ], [ -98.9582, 35.46514 ], [ -98.958, 35.46514 ], [ -98.94939, 35.46513 ], [ -98.86139, 35.46507 ], [ -98.85317, 35.46513 ], [ -98.85232, 35.46503 ], [ -98.85103, 35.46508 ], [ -98.83504, 35.46508 ], [ -98.78231, 35.46477 ], [ -98.72903, 35.46445 ], [ -98.71162, 35.46443 ], [ -98.63434, 35.46449 ], [ -98.62334, 35.46422 ], [ -98.62331, 35.4209 ], [ -98.6233, 35.39903 ], [ -98.62339, 35.36291 ], [ -98.62339, 35.33405 ], [ -98.62351, 35.29079 ], [ -98.62355, 35.28368 ], [ -98.62358, 35.2764 ], [ -98.62363, 35.26205 ], [ -98.62379, 35.21865 ], [ -98.62359, 35.20415 ], [ -98.61802, 35.20414 ], [ -98.61824, 35.11717 ], [ -98.61816, 35.10206 ], [ -98.61875, 35.10169 ], [ -98.61933, 35.10131 ], [ -98.62069, 35.09777 ], [ -98.62231, 35.09724 ], [ -98.62534, 35.10238 ], [ -98.62493, 35.10688 ], [ -98.62591, 35.10919 ], [ -98.6275, 35.10926 ], [ -98.62934, 35.11036 ], [ -98.62897, 35.11286 ], [ -98.62998, 35.11639 ], [ -98.6351, 35.12134 ], [ -98.63892, 35.12317 ], [ -98.63989, 35.12285 ], [ -98.63942, 35.1193 ], [ -98.64121, 35.11328 ], [ -98.6438, 35.11154 ], [ -98.64564, 35.1116 ], [ -98.65044, 35.11484 ], [ -98.64778, 35.11772 ], [ -98.64575, 35.11818 ], [ -98.64447, 35.11701 ], [ -98.64246, 35.11903 ], [ -98.6428, 35.1201 ], [ -98.64608, 35.11912 ], [ -98.64734, 35.12134 ], [ -98.65001, 35.12262 ], [ -98.65093, 35.12393 ], [ -98.65227, 35.12398 ], [ -98.6533, 35.12159 ], [ -98.65548, 35.12162 ], [ -98.65734, 35.12256 ], [ -98.65924, 35.12187 ], [ -98.66078, 35.1194 ], [ -98.6622, 35.11832 ], [ -98.66409, 35.11809 ], [ -98.66493, 35.11821 ], [ -98.66839, 35.11887 ], [ -98.67223, 35.11901 ], [ -98.67326, 35.11814 ], [ -98.67254, 35.11727 ], [ -98.67499, 35.11395 ], [ -98.67494, 35.11118 ], [ -98.6743, 35.10966 ], [ -98.67594, 35.10845 ], [ -98.67814, 35.10793 ], [ -98.68032, 35.11003 ], [ -98.68171, 35.11376 ], [ -98.68478, 35.1142 ], [ -98.6855, 35.11312 ], [ -98.68408, 35.11147 ], [ -98.68322, 35.10786 ], [ -98.68363, 35.10737 ], [ -98.68494, 35.10708 ], [ -98.68779, 35.10893 ], [ -98.6918, 35.10884 ], [ -98.69436, 35.11111 ], [ -98.69631, 35.11191 ], [ -98.69985, 35.11083 ], [ -98.70351, 35.11051 ], [ -98.70746, 35.1065 ], [ -98.71245, 35.10476 ], [ -98.71371, 35.10696 ], [ -98.71535, 35.10836 ], [ -98.71772, 35.10893 ], [ -98.71928, 35.10776 ], [ -98.72009, 35.10913 ], [ -98.71811, 35.11154 ], [ -98.71638, 35.11301 ], [ -98.719, 35.11305 ], [ -98.72163, 35.11385 ], [ -98.7228, 35.11333 ], [ -98.72291, 35.11197 ], [ -98.72444, 35.11129 ], [ -98.73049, 35.11218 ], [ -98.73021, 35.11371 ], [ -98.73177, 35.11396 ], [ -98.73311, 35.11089 ], [ -98.7316, 35.11012 ], [ -98.7299, 35.11023 ], [ -98.72887, 35.10945 ], [ -98.72948, 35.10806 ], [ -98.73171, 35.10911 ], [ -98.73333, 35.10835 ], [ -98.73355, 35.10494 ], [ -98.73458, 35.10336 ], [ -98.73469, 35.10185 ], [ -98.73586, 35.10104 ], [ -98.73692, 35.10155 ], [ -98.73714, 35.10301 ], [ -98.74002, 35.10594 ], [ -98.73837, 35.10686 ], [ -98.74038, 35.10851 ], [ -98.74191, 35.10755 ], [ -98.74359, 35.10844 ], [ -98.74225, 35.11034 ], [ -98.74247, 35.11112 ], [ -98.74468, 35.11201 ], [ -98.7454, 35.11322 ], [ -98.74916, 35.11635 ], [ -98.79699, 35.11641 ], [ -98.94436, 35.11643 ], [ -98.95506, 35.11643 ], [ -98.99041, 35.11647 ], [ -99.06066, 35.1166 ], [ -99.13135, 35.11665 ], [ -99.14872, 35.11669 ], [ -99.18527, 35.1166 ], [ -99.36023, 35.11674 ], [ -99.36022, 35.18158 ], [ -99.36015, 35.18211 ], [ -99.36016, 35.18947 ], [ -99.36022, 35.20446 ], [ -99.36457, 35.20447 ], [ -99.36453, 35.28411 ] ] ] ] } },
{ "type": "Feature", "properties": { "GEOID": "40151", "NAME": "Woods", "ALAND": 3331971779.0 }, "geometry": { "type": "MultiPolygon", "coordinates": [ [ [ [ -99.4562, 36.99947 ], [ -99.40702, 36.99958 ], [ -99.39667, 36.99977 ], [ -99.37539, 37.00018 ], [ -99.27751, 36.99958 ], [ -99.24812, 36.99956 ], [ -99.21543, 36.99953 ], [ -99.12945, 36.99942 ], [ -99.12488, 36.99942 ], [ -99.04969, 36.99922 ], [ -99.02934, 36.99959 ], [ -99.01367, 36.99955 ], [ -99.0003, 36.99951 ], [ -98.99437, 36.99949 ], [ -98.98605, 36.99948 ], [ -98.88058, 36.99931 ], [ -98.88001, 36.99926 ], [ -98.86945, 36.99929 ], [ -98.81183, 36.99924 ], [ -98.79745, 36.99923 ], [ -98.79371, 36.99923 ], [ -98.79194, 36.99925 ], [ -98.7616, 36.99943 ], [ -98.71846, 36.99918 ], [ -98.71451, 36.99906 ], [ -98.65184, 36.99904 ], [ -98.62227, 36.99903 ], [ -98.54487, 36.999 ], [ -98.54466, 36.999 ], [ -98.54499, 36.94224 ], [ -98.54024, 36.94223 ], [ -98.54037, 36.90613 ], [ -98.54026, 36.86252 ], [ -98.54035, 36.82172 ], [ -98.54047, 36.77543 ], [ -98.54048, 36.76094 ], [ -98.54041, 36.7392 ], [ -98.54055, 36.72466 ], [ -98.54057, 36.71017 ], [ -98.5405, 36.69565 ], [ -98.54054, 36.68834 ], [ -98.54057, 36.67377 ], [ -98.54048, 36.65214 ], [ -98.5405, 36.59421 ], [ -98.5334, 36.59422 ], [ -98.53348, 36.5284 ], [ -98.53348, 36.52813 ], [ -98.53362, 36.46323 ], [ -98.53366, 36.39787 ], [ -98.54449, 36.40096 ], [ -98.5473, 36.40079 ], [ -98.55254, 36.40232 ], [ -98.55975, 36.40191 ], [ -98.56403, 36.40018 ], [ -98.57333, 36.39778 ], [ -98.57607, 36.39654 ], [ -98.58166, 36.39552 ], [ -98.58688, 36.39372 ], [ -98.59345, 36.39203 ], [ -98.59982, 36.39109 ], [ -98.60281, 36.39085 ], [ -98.61688, 36.39238 ], [ -98.6222, 36.39236 ], [ -98.62536, 36.3926 ], [ -98.64427, 36.39717 ], [ -98.66278, 36.40457 ], [ -98.66546, 36.40528 ], [ -98.66917, 36.40673 ], [ -98.68055, 36.41042 ], [ -98.68747, 36.41203 ], [ -98.6934, 36.41393 ], [ -98.69387, 36.41409 ], [ -98.69949, 36.41601 ], [ -98.70492, 36.419 ], [ -98.70922, 36.42196 ], [ -98.71854, 36.4375 ], [ -98.72304, 36.44267 ], [ -98.72681, 36.44533 ], [ -98.73664, 36.44753 ], [ -98.74334, 36.44862 ], [ -98.75037, 36.44834 ], [ -98.75651, 36.44746 ], [ -98.76446, 36.44667 ], [ -98.7777, 36.44844 ], [ -98.78534, 36.45055 ], [ -98.79247, 36.45326 ], [ -98.80275, 36.4588 ], [ -98.80782, 36.46074 ], [ -98.81946, 36.471 ], [ -98.82319, 36.47763 ], [ -98.82913, 36.48416 ], [ -98.8337, 36.49106 ], [ -98.83819, 36.49925 ], [ -98.83847, 36.50003 ], [ -98.8437, 36.50632 ], [ -98.96033, 36.50691 ], [ -98.9605, 36.50698 ], [ -98.95997, 36.59899 ], [ -98.96674, 36.59946 ], [ -98.97148, 36.60032 ], [ -98.97608, 36.60305 ], [ -98.98773, 36.61468 ], [ -98.9888, 36.61561 ], [ -98.99098, 36.61918 ], [ -99.00037, 36.62953 ], [ -99.00222, 36.62973 ], [ -99.00669, 36.6311 ], [ -99.01009, 36.63327 ], [ -99.0103, 36.63598 ], [ -99.01296, 36.64024 ], [ -99.01896, 36.6409 ], [ -99.02254, 36.64243 ], [ -99.02299, 36.64399 ], [ -99.02281, 36.64708 ], [ -99.02482, 36.65035 ], [ -99.02491, 36.65125 ], [ -99.02377, 36.65492 ], [ -99.02241, 36.65757 ], [ -99.02236, 36.65891 ], [ -99.02416, 36.66159 ], [ -99.025, 36.66209 ], [ -99.02507, 36.66214 ], [ -99.03088, 36.66494 ], [ -99.03421, 36.66733 ], [ -99.03633, 36.66943 ], [ -99.03933, 36.67361 ], [ -99.03995, 36.67855 ], [ -99.0408, 36.68028 ], [ -99.04241, 36.68203 ], [ -99.04425, 36.6829 ], [ -99.04843, 36.68682 ], [ -99.04806, 36.68852 ], [ -99.04605, 36.69007 ], [ -99.04462, 36.69274 ], [ -99.04435, 36.69495 ], [ -99.04608, 36.69712 ], [ -99.04957, 36.69969 ], [ -99.05103, 36.70188 ], [ -99.05222, 36.70518 ], [ -99.05515, 36.70735 ], [ -99.05724, 36.7113 ], [ -99.06151, 36.71545 ], [ -99.06291, 36.71603 ], [ -99.06579, 36.71636 ], [ -99.06982, 36.71611 ], [ -99.07569, 36.71699 ], [ -99.07824, 36.71789 ], [ -99.08067, 36.71945 ], [ -99.08319, 36.72056 ], [ -99.08449, 36.72158 ], [ -99.08549, 36.72343 ], [ -99.08673, 36.72445 ], [ -99.09572, 36.73675 ], [ -99.09542, 36.73823 ], [ -99.09745, 36.74206 ], [ -99.10046, 36.74355 ], [ -99.10236, 36.74389 ], [ -99.10528, 36.74569 ], [ -99.10676, 36.74744 ], [ -99.10775, 36.75044 ], [ -99.11405, 36.75401 ], [ -99.11947, 36.75791 ], [ -99.12144, 36.75892 ], [ -99.12538, 36.7621 ], [ -99.12656, 36.76257 ], [ -99.12671, 36.76596 ], [ -99.12827, 36.76941 ], [ -99.13281, 36.77403 ], [ -99.13501, 36.77839 ], [ -99.13751, 36.7812 ], [ -99.13985, 36.78304 ], [ -99.1523, 36.78762 ], [ -99.15815, 36.7878 ], [ -99.16354, 36.79022 ], [ -99.16528, 36.79064 ], [ -99.17005, 36.79 ], [ -99.17773, 36.7884 ], [ -99.18084, 36.78741 ], [ -99.18909, 36.78736 ], [ -99.1953, 36.7887 ], [ -99.19736, 36.78947 ], [ -99.19906, 36.79089 ], [ -99.20277, 36.79122 ], [ -99.21056, 36.79069 ], [ -99.21645, 36.787 ], [ -99.21776, 36.78681 ], [ -99.22769, 36.78811 ], [ -99.22983, 36.78816 ], [ -99.23316, 36.78701 ], [ -99.23695, 36.78668 ], [ -99.24238, 36.78575 ], [ -99.24527, 36.78644 ], [ -99.25038, 36.78502 ], [ -99.25141, 36.78508 ], [ -99.25595, 36.78607 ], [ -99.25994, 36.78747 ], [ -99.26864, 36.78923 ], [ -99.27022, 36.78973 ], [ -99.27726, 36.79582 ], [ -99.2823, 36.79869 ], [ -99.28668, 36.80207 ], [ -99.29272, 36.80457 ], [ -99.29426, 36.80594 ], [ -99.29475, 36.81777 ], [ -99.29519, 36.81957 ], [ -99.29685, 36.82196 ], [ -99.29908, 36.82391 ], [ -99.30351, 36.8264 ], [ -99.30843, 36.82888 ], [ -99.30976, 36.83012 ], [ -99.31075, 36.83472 ], [ -99.31374, 36.83718 ], [ -99.31655, 36.84052 ], [ -99.31742, 36.84233 ], [ -99.31804, 36.84572 ], [ -99.31883, 36.84813 ], [ -99.31825, 36.85002 ], [ -99.31594, 36.85183 ], [ -99.31342, 36.85392 ], [ -99.31375, 36.85549 ], [ -99.31429, 36.85619 ], [ -99.32211, 36.85721 ], [ -99.32478, 36.85812 ], [ -99.32659, 36.8593 ], [ -99.33025, 36.86297 ], [ -99.33307, 36.86405 ], [ -99.337, 36.86497 ], [ -99.33898, 36.86616 ], [ -99.35013, 36.87023 ], [ -99.35641, 36.87201 ], [ -99.36169, 36.87503 ], [ -99.36531, 36.87757 ], [ -99.3679, 36.8783 ], [ -99.37111, 36.87796 ], [ -99.37422, 36.8796 ], [ -99.37586, 36.88178 ], [ -99.37653, 36.88429 ], [ -99.37771, 36.88595 ], [ -99.38368, 36.89109 ], [ -99.3855, 36.89393 ], [ -99.38632, 36.8967 ], [ -99.38831, 36.90158 ], [ -99.38814, 36.90365 ], [ -99.38698, 36.90587 ], [ -99.39101, 36.91104 ], [ -99.393, 36.91273 ], [ -99.39629, 36.91771 ], [ -99.39809, 36.92154 ], [ -99.4049, 36.92514 ], [ -99.40744, 36.92733 ], [ -99.41049, 36.93062 ], [ -99.41399, 36.93546 ], [ -99.41606, 36.93756 ], [ -99.42052, 36.94114 ], [ -99.42324, 36.94579 ], [ -99.42479, 36.9477 ], [ -99.42657, 36.95094 ], [ -99.42822, 36.95533 ], [ -99.42722, 36.95995 ], [ -99.42843, 36.96309 ], [ -99.42995, 36.96421 ], [ -99.43405, 36.97006 ], [ -99.43558, 36.97486 ], [ -99.43919, 36.98038 ], [ -99.43889, 36.98385 ], [ -99.43997, 36.98727 ], [ -99.43995, 36.99073 ], [ -99.44119, 36.99343 ], [ -99.44234, 36.99475 ], [ -99.44342, 36.99549 ], [ -99.44663, 36.99558 ], [ -99.45006, 36.99473 ], [ -99.45148, 36.9948 ], [ -99.45288, 36.99555 ], [ -99.45593, 36.99858 ], [ -99.4562, 36.99947 ] ] ] ] } },
{ "type": "Feature", "properties": { "GEOID": "40153", "NAME": "Woodward", "ALAND": 3218801189.0 }, "geometry": { "type": "MultiPolygon", "coordinates": [ [ [ [ -99.60561, 36.40963 ], [ -99.60543, 36.44952 ], [ -99.60544, 36.46408 ], [ -99.6054, 36.56847 ], [ -99.60543, 36.56864 ], [ -99.60563, 36.59275 ], [ -99.60564, 36.59393 ], [ -99.59273, 36.59393 ], [ -99.49808, 36.59401 ], [ -99.44914, 36.59406 ], [ -99.44839, 36.59412 ], [ -99.4404, 36.59417 ], [ -99.43998, 36.59392 ], [ -99.43026, 36.59402 ], [ -99.42173, 36.59411 ], [ -99.40371, 36.59416 ], [ -99.35371, 36.59464 ], [ -99.29992, 36.59499 ], [ -99.29519, 36.59512 ], [ -99.29534, 36.59645 ], [ -99.29528, 36.63822 ], [ -99.2954, 36.68153 ], [ -99.29494, 36.77232 ], [ -99.29519, 36.81957 ], [ -99.29475, 36.81777 ], [ -99.29426, 36.80594 ], [ -99.29272, 36.80457 ], [ -99.28668, 36.80207 ], [ -99.2823, 36.79869 ], [ -99.27726, 36.79582 ], [ -99.27022, 36.78973 ], [ -99.26864, 36.78923 ], [ -99.25994, 36.78747 ], [ -99.25595, 36.78607 ], [ -99.25141, 36.78508 ], [ -99.25038, 36.78502 ], [ -99.24527, 36.78644 ], [ -99.24238, 36.78575 ], [ -99.23695, 36.78668 ], [ -99.23316, 36.78701 ], [ -99.22983, 36.78816 ], [ -99.22769, 36.78811 ], [ -99.21776, 36.78681 ], [ -99.21645, 36.787 ], [ -99.21056, 36.79069 ], [ -99.20277, 36.79122 ], [ -99.19906, 36.79089 ], [ -99.19736, 36.78947 ], [ -99.1953, 36.7887 ], [ -99.18909, 36.78736 ], [ -99.18084, 36.78741 ], [ -99.17773, 36.7884 ], [ -99.17005, 36.79 ], [ -99.16528, 36.79064 ], [ -99.16354, 36.79022 ], [ -99.15815, 36.7878 ], [ -99.1523, 36.78762 ], [ -99.13985, 36.78304 ], [ -99.13751, 36.7812 ], [ -99.13501, 36.77839 ], [ -99.13281, 36.77403 ], [ -99.12827, 36.76941 ], [ -99.12671, 36.76596 ], [ -99.12656, 36.76257 ], [ -99.12538, 36.7621 ], [ -99.12144, 36.75892 ], [ -99.11947, 36.75791 ], [ -99.11405, 36.75401 ], [ -99.10775, 36.75044 ], [ -99.10676, 36.74744 ], [ -99.10528, 36.74569 ], [ -99.10236, 36.74389 ], [ -99.10046, 36.74355 ], [ -99.09745, 36.74206 ], [ -99.09542, 36.73823 ], [ -99.09572, 36.73675 ], [ -99.08673, 36.72445 ], [ -99.08549, 36.72343 ], [ -99.08449, 36.72158 ], [ -99.08319, 36.72056 ], [ -99.08067, 36.71945 ], [ -99.07824, 36.71789 ], [ -99.07569, 36.71699 ], [ -99.06982, 36.71611 ], [ -99.06579, 36.71636 ], [ -99.06291, 36.71603 ], [ -99.06151, 36.71545 ], [ -99.05724, 36.7113 ], [ -99.05515, 36.70735 ], [ -99.05222, 36.70518 ], [ -99.05103, 36.70188 ], [ -99.04957, 36.69969 ], [ -99.04608, 36.69712 ], [ -99.04435, 36.69495 ], [ -99.04462, 36.69274 ], [ -99.04605, 36.69007 ], [ -99.04806, 36.68852 ], [ -99.04843, 36.68682 ], [ -99.04425, 36.6829 ], [ -99.04241, 36.68203 ], [ -99.0408, 36.68028 ], [ -99.03995, 36.67855 ], [ -99.03933, 36.67361 ], [ -99.03633, 36.66943 ], [ -99.03421, 36.66733 ], [ -99.03088, 36.66494 ], [ -99.02507, 36.66214 ], [ -99.025, 36.66209 ], [ -99.02416, 36.66159 ], [ -99.02236, 36.65891 ], [ -99.02241, 36.65757 ], [ -99.02377, 36.65492 ], [ -99.02491, 36.65125 ], [ -99.02482, 36.65035 ], [ -99.02281, 36.64708 ], [ -99.02299, 36.64399 ], [ -99.02254, 36.64243 ], [ -99.01896, 36.6409 ], [ -99.01296, 36.64024 ], [ -99.0103, 36.63598 ], [ -99.01009, 36.63327 ], [ -99.00669, 36.6311 ], [ -99.00222, 36.62973 ], [ -99.00037, 36.62953 ], [ -98.99098, 36.61918 ], [ -98.9888, 36.61561 ], [ -98.98773, 36.61468 ], [ -98.97608, 36.60305 ], [ -98.97148, 36.60032 ], [ -98.96674, 36.59946 ], [ -98.95997, 36.59899 ], [ -98.9605, 36.50698 ], [ -98.96033, 36.50691 ], [ -98.96053, 36.49594 ], [ -98.96054, 36.49249 ], [ -98.96071, 36.42029 ], [ -98.96077, 36.39384 ], [ -98.96054, 36.39116 ], [ -98.96062, 36.36244 ], [ -98.96086, 36.36161 ], [ -98.96089, 36.34794 ], [ -98.96087, 36.31975 ], [ -98.96072, 36.31908 ], [ -98.96077, 36.30465 ], [ -98.96057, 36.2467 ], [ -98.95594, 36.24675 ], [ -98.95596, 36.2309 ], [ -98.95589, 36.18833 ], [ -98.95586, 36.17138 ], [ -98.95585, 36.16598 ], [ -98.95585, 36.16158 ], [ -99.05761, 36.16226 ], [ -99.0578, 36.16226 ], [ -99.0621, 36.16228 ], [ -99.07995, 36.16243 ], [ -99.11726, 36.16281 ], [ -99.12558, 36.16224 ], [ -99.13346, 36.16233 ], [ -99.2221, 36.16319 ], [ -99.24592, 36.16341 ], [ -99.25424, 36.16392 ], [ -99.38207, 36.1643 ], [ -99.45362, 36.16393 ], [ -99.59608, 36.16406 ], [ -99.59589, 36.18821 ], [ -99.59607, 36.20287 ], [ -99.59603, 36.21703 ], [ -99.59594, 36.24675 ], [ -99.60507, 36.24674 ], [ -99.60509, 36.27567 ], [ -99.60517, 36.29017 ], [ -99.60527, 36.29119 ], [ -99.60557, 36.34811 ], [ -99.60569, 36.40926 ], [ -99.60561, 36.40963 ] ] ] ] } }
]
}
