variable,topic,question_intro,question_text,response_options,scale_order,notes
concern_water_availability,Water,"Water availability: the supplies of water for various purposes, such as drinking, farming/ranching, or industrial or business processes",Do you have any concerns about water availability in your region of Oklahoma?,1 = Definitely no | 2 = Probably no | 3 = Unsure | 4 = Probably yes | 5 = Definitely yes,ordered,
concern_water_quality,Water,"Water quality: the suitability (cleanliness) of water for various proposes, such as drinking or irrigation",Do you have any concerns about water quality in your region of Oklahoma?,1 = Definitely no | 2 = Probably no | 3 = Unsure | 4 = Probably yes | 5 = Definitely yes,ordered,
concern_water_cost,Water,"Water cost: the cost of water for various proposes, such as such as drinking, farming/ranching, or industrial or business processes",Do you have any concerns about the cost of water in your region of Oklahoma?,1 = Definitely no | 2 = Probably no | 3 = Unsure | 4 = Probably yes | 5 = Definitely yes,ordered,
concern_land_wildlife,Land and environment,"Wildlife habitat: ecosystems that support animals and birds that people enjoy watching and hunting, such as butterflies, deer, quail, and turkey",Do you have any concerns about wildlife habitat in your region of Oklahoma?,1 = Definitely no | 2 = Probably no | 3 = Unsure | 4 = Probably yes | 5 = Definitely yes,ordered,
concern_land_soil,Land and environment,"Soil quality: the suitability of soil for sustaining plants, animals, and livelihoods, such as productive farming and ranching",Do you have any concerns about soil quality in your region of Oklahoma?,1 = Definitely no | 2 = Probably no | 3 = Unsure | 4 = Probably yes | 5 = Definitely yes,ordered,
concern_infra_electricity,Energy,"Electricity infrastructure: the generation facilities, substations, and transmission and distribution lines that deliver electricity to businesses and homes",Do you have any concerns about electricity infrastructure in your region of Oklahoma?,1 = Definitely no | 2 = Probably no | 3 = Unsure | 4 = Probably yes | 5 = Definitely yes,ordered,
concern_infra_transportation,Infrastructure and transportation,"Transportation infrastructure: the roads, bridges, waterways, railways, and airways that facilitate transportation from place to place",Do you have any concerns about transportation infrastructure in your region of Oklahoma?,1 = Definitely no | 2 = Probably no | 3 = Unsure | 4 = Probably yes | 5 = Definitely yes,ordered,
risk_tornado,Weather and climate,How do you rate the risk of these weather hazards to people in Oklahoma?,Tornadoes,1 = No risk | 2 = Low risk | 3 = Moderate risk | 4 = High risk | 5 = Extreme risk,ordered,
risk_hail,Weather and climate,How do you rate the risk of these weather hazards to people in Oklahoma?,Hail,1 = No risk | 2 = Low risk | 3 = Moderate risk | 4 = High risk | 5 = Extreme risk,ordered,
risk_wind,Weather and climate,How do you rate the risk of these weather hazards to people in Oklahoma?,High winds,1 = No risk | 2 = Low risk | 3 = Moderate risk | 4 = High risk | 5 = Extreme risk,ordered,
risk_lightning,Weather and climate,How do you rate the risk of these weather hazards to people in Oklahoma?,Lightning,1 = No risk | 2 = Low risk | 3 = Moderate risk | 4 = High risk | 5 = Extreme risk,ordered,
risk_flood,Weather and climate,How do you rate the risk of these weather hazards to people in Oklahoma?,Flooding/flash flooding,1 = No risk | 2 = Low risk | 3 = Moderate risk | 4 = High risk | 5 = Extreme risk,ordered,
risk_snow_ice,Weather and climate,How do you rate the risk of these weather hazards to people in Oklahoma?,Snow/ice storms,1 = No risk | 2 = Low risk | 3 = Moderate risk | 4 = High risk | 5 = Extreme risk,ordered,
experience_tornado,Weather and climate,Did you experience any of these weather hazards in the last 6 months?,Tornadoes,0 = No | 1 = Yes,ordered,
experience_hail,Weather and climate,Did you experience any of these weather hazards in the last 6 months?,Hail,0 = No | 1 = Yes,ordered,
experience_wind,Weather and climate,Did you experience any of these weather hazards in the last 6 months?,High winds,0 = No | 1 = Yes,ordered,
experience_lightning,Weather and climate,Did you experience any of these weather hazards in the last 6 months?,Lightning,0 = No | 1 = Yes,ordered,
experience_flood,Weather and climate,Did you experience any of these weather hazards in the last 6 months?,Flooding/flash flooding,0 = No | 1 = Yes,ordered,
experience_snow_ice,Weather and climate,Did you experience any of these weather hazards in the last 6 months?,Snow/ice storms,0 = No | 1 = Yes,ordered,
future_tornado,Weather and climate,"When you think about the next 25 years in Oklahoma, do you think the risk (frequency and severity) of these weather hazards will increase, decrease, or stay about the same?",Tornadoes,1 = Significantly decrease | 2 = Decrease | 3 = Stay about the same | 4 = Increase | 5 = Significantly increase,ordered,
future_hail,Weather and climate,"When you think about the next 25 years in Oklahoma, do you think the risk (frequency and severity) of these weather hazards will increase, decrease, or stay about the same?",Hail,1 = Significantly decrease | 2 = Decrease | 3 = Stay about the same | 4 = Increase | 5 = Significantly increase,ordered,
future_wind,Weather and climate,"When you think about the next 25 years in Oklahoma, do you think the risk (frequency and severity) of these weather hazards will increase, decrease, or stay about the same?",High winds,1 = Significantly decrease | 2 = Decrease | 3 = Stay about the same | 4 = Increase | 5 = Significantly increase,ordered,
future_lightning,Weather and climate,"When you think about the next 25 years in Oklahoma, do you think the risk (frequency and severity) of these weather hazards will increase, decrease, or stay about the same?",Lightning,1 = Significantly decrease | 2 = Decrease | 3 = Stay about the same | 4 = Increase | 5 = Significantly increase,ordered,
future_flood,Weather and climate,"When you think about the next 25 years in Oklahoma, do you think the risk (frequency and severity) of these weather hazards will increase, decrease, or stay about the same?",Flooding/ flash flooding,1 = Significantly decrease | 2 = Decrease | 3 = Stay about the same | 4 = Increase | 5 = Significantly increase,ordered,
future_snow_ice,Weather and climate,"When you think about the next 25 years in Oklahoma, do you think the risk (frequency and severity) of these weather hazards will increase, decrease, or stay about the same?",Snow/ice storms,1 = Significantly decrease | 2 = Decrease | 3 = Stay about the same | 4 = Increase | 5 = Significantly increase,ordered,
risk_flash_drought,Weather and climate,How do you rate the risk of these seasonal hazards to people in Oklahoma?,Flash drought,1 = No risk | 2 = Low risk | 3 = Moderate risk | 4 = High risk | 5 = Extreme risk,ordered,
risk_pluvial,Weather and climate,How do you rate the risk of these seasonal hazards to people in Oklahoma?,Pluvials (periods of excessive precipitation/rain),1 = No risk | 2 = Low risk | 3 = Moderate risk | 4 = High risk | 5 = Extreme risk,ordered,"Waves 1 and 2 read ""Pluvials (periods of excessive precipitation)""; ""/rain"" was added in Wave 3."
risk_heat_wave,Weather and climate,How do you rate the risk of these seasonal hazards to people in Oklahoma?,Heat waves,1 = No risk | 2 = Low risk | 3 = Moderate risk | 4 = High risk | 5 = Extreme risk,ordered,
risk_cold_spell,Weather and climate,How do you rate the risk of these seasonal hazards to people in Oklahoma?,Cold spells,1 = No risk | 2 = Low risk | 3 = Moderate risk | 4 = High risk | 5 = Extreme risk,ordered,
experience_flash_drought,Weather and climate,Did you experience any of these seasonal hazards in the last 6 months?,Flash drought,0 = No | 1 = Yes,ordered,
experience_pluvial,Weather and climate,Did you experience any of these seasonal hazards in the last 6 months?,Pluvials (periods of excessive precipitation/rain),0 = No | 1 = Yes,ordered,"Waves 1 and 2 read ""Pluvials (periods of excessive precipitation)""; ""/rain"" was added in Wave 3."
experience_heat_wave,Weather and climate,Did you experience any of these seasonal hazards in the last 6 months?,Heat waves,0 = No | 1 = Yes,ordered,
experience_cold_spell,Weather and climate,Did you experience any of these seasonal hazards in the last 6 months?,Cold spells,0 = No | 1 = Yes,ordered,
future_flash_drought,Weather and climate,"When you think about the next 25 years in Oklahoma, do you think the risk (frequency and severity) of these seasonal hazards will increase, decrease, or stay about the same?",Flash drought,1 = Significantly decrease | 2 = Decrease | 3 = Stay about the same | 4 = Increase | 5 = Significantly increase,ordered,
future_pluvial,Weather and climate,"When you think about the next 25 years in Oklahoma, do you think the risk (frequency and severity) of these seasonal hazards will increase, decrease, or stay about the same?",Pluvials (periods of excessive precipitation/rain),1 = Significantly decrease | 2 = Decrease | 3 = Stay about the same | 4 = Increase | 5 = Significantly increase,ordered,"Waves 1 and 2 read ""Pluvials (periods of excessive precipitation)""; ""/rain"" was added in Wave 3."
future_heat_wave,Weather and climate,"When you think about the next 25 years in Oklahoma, do you think the risk (frequency and severity) of these seasonal hazards will increase, decrease, or stay about the same?",Heat waves,1 = Significantly decrease | 2 = Decrease | 3 = Stay about the same | 4 = Increase | 5 = Significantly increase,ordered,
future_cold_spell,Weather and climate,"When you think about the next 25 years in Oklahoma, do you think the risk (frequency and severity) of these seasonal hazards will increase, decrease, or stay about the same?",Cold spells,1 = Significantly decrease | 2 = Decrease | 3 = Stay about the same | 4 = Increase | 5 = Significantly increase,ordered,
risk_long_drought,Weather and climate,"There are multiple hazards that occur during the long-range climate time frame, but one of the most common in Oklahoma is long-term drought, which can last for several months.",How do you rate the risk of long-term drought to people in Oklahoma?,1 = No risk | 2 = Low risk | 3 = Moderate risk | 4 = High risk | 5 = Extreme risk,ordered,
experience_long_drought,Weather and climate,"There are multiple hazards that occur during the long-range climate time frame, but one of the most common in Oklahoma is long-term drought, which can last for several months.",Did you experience long-term drought in the last 6 months?,0 = No | 1 = Yes,ordered,
future_long_drought,Weather and climate,"There are multiple hazards that occur during the long-range climate time frame, but one of the most common in Oklahoma is long-term drought, which can last for several months.","When you think about the next 25 years in Oklahoma, do you think the risk (frequency and severity) of long-term drought will increase, decrease, or stay about the same?",1 = Significantly decrease | 2 = Decrease | 3 = Stay about the same | 4 = Increase | 5 = Significantly increase,ordered,
risk_wildfire,Weather and climate,How do you rate the risk of these hazards to people in Oklahoma?,Wildfires,1 = No risk | 2 = Low risk | 3 = Moderate risk | 4 = High risk | 5 = Extreme risk,ordered,
risk_earthquake,Weather and climate,How do you rate the risk of these hazards to people in Oklahoma?,Earthquakes,1 = No risk | 2 = Low risk | 3 = Moderate risk | 4 = High risk | 5 = Extreme risk,ordered,
experience_wildfire,Weather and climate,Did you experience any of these hazards in the last 6 months?,Wildfires,0 = No | 1 = Yes,ordered,
experience_earthquake,Weather and climate,Did you experience any of these hazards in the last 6 months?,Earthquakes,0 = No | 1 = Yes,ordered,
future_wildfire,Weather and climate,"When you think about the next 25 years in Oklahoma, do you think the risk (frequency and severity) of these hazards will increase, decrease, or stay about the same?",Wildfires,1 = Significantly decrease | 2 = Decrease | 3 = Stay about the same | 4 = Increase | 5 = Significantly increase,ordered,
future_earthquake,Weather and climate,"When you think about the next 25 years in Oklahoma, do you think the risk (frequency and severity) of these hazards will increase, decrease, or stay about the same?",Earthquakes,1 = Significantly decrease | 2 = Decrease | 3 = Stay about the same | 4 = Increase | 5 = Significantly increase,ordered,
glbcc,Weather and climate,"As you may know, the issue of global climate change has been the subject of public discussion over the last few years.","In your view, are greenhouse gases, such as those resulting from the combustion of coal, oil, natural gas, and other materials, causing average global temperatures to rise?",0 = No | 1 = Yes,ordered,
glbcc_cert,Weather and climate,,"On a scale from zero to ten, where zero means not at all certain and ten means completely certain, how certain are you that greenhouse gases are/are not causing average global temperatures to rise?",0 = Not at all certain | 1 = 1 | 2 = 2 | 3 = 3 | 4 = 4 | 5 = 5 | 6 = 6 | 7 = 7 | 8 = 8 | 9 = 9 | 10 = Completely certain,ordered,
glbcc_risk,Weather and climate,,"On a scale from zero to ten, where zero means no risk and ten means extreme risk, how much risk do you think global warming poses for people and the environment?",0 = No risk | 1 = 1 | 2 = 2 | 3 = 3 | 4 = 4 | 5 = 5 | 6 = 6 | 7 = 7 | 8 = 8 | 9 = 9 | 10 = Extreme risk,ordered,
glbwrm_ok,Weather and climate,,"In your view, is global warming causing the weather patterns in Oklahoma to change?",0 = No | 1 = Yes | 2 = Don't know,unordered,
trust_university,Trust and decision-making,"Solving problems as a group or community can be contentious and technically complex, so getting information you can trust is important. How much do you trust information from the following groups and organizations?",University scientists,1 = No trust | 2 = Low trust | 3 = Moderate trust | 4 = High trust | 5 = Complete trust,ordered,
trust_nonprofit,Trust and decision-making,"Solving problems as a group or community can be contentious and technically complex, so getting information you can trust is important. How much do you trust information from the following groups and organizations?",Nonprofit research organizations,1 = No trust | 2 = Low trust | 3 = Moderate trust | 4 = High trust | 5 = Complete trust,ordered,
trust_policy,Trust and decision-making,"Solving problems as a group or community can be contentious and technically complex, so getting information you can trust is important. How much do you trust information from the following groups and organizations?",State and local policymakers and elected officials,1 = No trust | 2 = Low trust | 3 = Moderate trust | 4 = High trust | 5 = Complete trust,ordered,
trust_agencies,Trust and decision-making,"Solving problems as a group or community can be contentious and technically complex, so getting information you can trust is important. How much do you trust information from the following groups and organizations?","State and local agencies that regulate water, land, and infrastructure resources",1 = No trust | 2 = Low trust | 3 = Moderate trust | 4 = High trust | 5 = Complete trust,ordered,
trust_private,Trust and decision-making,"Solving problems as a group or community can be contentious and technically complex, so getting information you can trust is important. How much do you trust information from the following groups and organizations?","Private companies whose operations use water, land, and infrastructure resources",1 = No trust | 2 = Low trust | 3 = Moderate trust | 4 = High trust | 5 = Complete trust,ordered,
attend_meeting,Trust and decision-making,,"If given the opportunity, would you attend a meeting with policy leaders, business leaders, and scientists to discuss problems facing Oklahoma and how we might solve them?",1 = Definitely no | 2 = Probably no | 3 = Unsure | 4 = Probably yes | 5 = Definitely yes,ordered,
advisory_committee,Trust and decision-making,,"If given the opportunity, would you serve on a citizen advisory committee that routinely meets with policy leaders, business leaders, and scientists to discuss problems facing Oklahoma and how we might solve them?",1 = Definitely no | 2 = Probably no | 3 = Unsure | 4 = Probably yes | 5 = Definitely yes,ordered,
human_progress,Land and environment,Do you agree or disagree with the following statements?,People worry too much about human progress harming the environment.,1 = Strongly disagree | 2 = Disagree | 3 = Unsure | 4 = Agree | 5 = Strongly agree,ordered,
worry_future,Land and environment,Do you agree or disagree with the following statements?,People worry too much about the future of the environment and not enough about prices and jobs today.,1 = Strongly disagree | 2 = Disagree | 3 = Unsure | 4 = Agree | 5 = Strongly agree,ordered,
modern_science,Land and environment,Do you agree or disagree with the following statements?,Modern science will solve our environmental problems with little change to our way of life.,1 = Strongly disagree | 2 = Disagree | 3 = Unsure | 4 = Agree | 5 = Strongly agree,ordered,
econ_growth,Land and environment,Do you agree or disagree with the following statements?,"In order to protect the environment, Oklahoma needs economic growth.",1 = Strongly disagree | 2 = Disagree | 3 = Unsure | 4 = Agree | 5 = Strongly agree,ordered,
harm_environ,Land and environment,Do you agree or disagree with the following statements?,Economic growth always harms the environment.,1 = Strongly disagree | 2 = Disagree | 3 = Unsure | 4 = Agree | 5 = Strongly agree,ordered,
modern_life,Land and environment,Do you agree or disagree with the following statements?,Almost everything we do in modern life harms the environment.,1 = Strongly disagree | 2 = Disagree | 3 = Unsure | 4 = Agree | 5 = Strongly agree,ordered,
science_harm,Land and environment,Do you agree or disagree with the following statements?,Overall modern science does more harm than good.,1 = Strongly disagree | 2 = Disagree | 3 = Unsure | 4 = Agree | 5 = Strongly agree,ordered,
feelings_faith,Land and environment,Do you agree or disagree with the following statements?,People believe too often in science and not enough in feelings and faith.,1 = Strongly disagree | 2 = Disagree | 3 = Unsure | 4 = Agree | 5 = Strongly agree,ordered,
people_solve,Land and environment,Do you agree or disagree with the following statements?,"Regardless of the issue, people can come together and solve whatever the problem is.",1 = Strongly disagree | 2 = Disagree | 3 = Unsure | 4 = Agree | 5 = Strongly agree,ordered,
party,Politics and worldviews,,"Generally speaking, do you usually think of yourself as a Republican, a Democrat, an Independent, or what?",1 = Democratic party | 2 = Republican party (or GOP) | 3 = Independent | 4 = Other party (please specify),unordered,
iden,Politics and worldviews,Asked of respondents who think of themselves as Democrats or Republicans.,"Would you call yourself a strong Democrat or Republican, or a not very strong Democrat or Republican?",2 = Strong | 1 = Not very strong,ordered,Routing condition moved from the wording into the stem; the instrument piped in the respondent's own party.
lean,Politics and worldviews,Asked of respondents who think of themselves as Independents or members of another party.,Do you think of yourself as closer to the Republican or Democratic Party?,1 = Democratic Party | 2 = Republican Party | 3 = Neither,unordered,Routing condition moved from the wording into the stem; the instrument piped in the respondent's own party.
ideol,Politics and worldviews,,"On a scale of political ideology, individuals can be arranged from strongly liberal to strongly conservative. Which of the following categories best describes your views?",1 = Strongly liberal | 2 = Liberal | 3 = Slightly liberal | 4 = Middle of the road | 5 = Slightly conservative | 6 = Conservative | 7 = Strongly conservative,ordered,
vote_nat,Politics and worldviews,,"Do you usually vote in national elections, such as presidential and congressional elections?",0 = No | 1 = Yes,ordered,
vote_loc,Politics and worldviews,,"Do you usually vote in local elections, such as mayor, city council, and school board elections?",0 = No | 1 = Yes,ordered,
talk_politics_friends,Politics and worldviews,,"How often do you talk about politics and policy with people you know, like friends and family?",1 = Never | 2 = Rarely | 3 = Occasionally | 4 = Regularly | 5 = Frequently,ordered,
talk_politics_strangers,Politics and worldviews,,"How often do you talk about politics and policy with people you don’t know, such as on Facebook or Twitter?",1 = Never | 2 = Rarely | 3 = Occasionally | 4 = Regularly | 5 = Frequently,ordered,
participate_politics_inperson,Politics and worldviews,,How often do you participate in in-person political activities like protests and campaign activities or events?,1 = Never | 2 = Rarely | 3 = Occasionally | 4 = Regularly | 5 = Frequently,ordered,
participate_politics_online,Politics and worldviews,,How often do you participate in online political activities like signing petitions and writing messages in groups that discuss politics?,1 = Never | 2 = Rarely | 3 = Occasionally | 4 = Regularly | 5 = Frequently,ordered,
hierarchy,Politics and worldviews,Please rate the degree to which each of the following statements describe your outlook on life.,"I am more comfortable when I know who is, and who is not, a part of my group, and loyalty to the group is important to me. I prefer to know who is in charge and to have clear rules and procedures; those who are in charge should punish those who break the rules. I like to have my responsibilities clearly defined, and I believe people should be rewarded based on the position they hold and their competence. Most of the time, I trust those with authority and expertise to do what is right for society",1 = Strongly disagree | 2 = Disagree | 3 = Unsure | 4 = Agree | 5 = Strongly agree,ordered,
individualism,Politics and worldviews,Please rate the degree to which each of the following statements describe your outlook on life.,"Groups are not all that important to me. I prefer to make my own way in life without having to follow other people’s rules. Rewards in life should be based on initiative, skill, and hard work, even if that results in inequality. I respect people based on what they do, not the positions or titles they hold. I like relationships that are based on negotiated “give and take,” rather than on status. Everyone benefits when individuals are allowed to compete",1 = Strongly disagree | 2 = Disagree | 3 = Unsure | 4 = Agree | 5 = Strongly agree,ordered,
egalitarianism,Politics and worldviews,Please rate the degree to which each of the following statements describe your outlook on life.,"My most important contributions are made as a member of a group that promotes justice and equality, to combat unfairness and corruption in society. Within my group, everyone should play an equal role without differences in rank or authority. It is easy to lose track of what is important, so I have to keep a close eye on the actions of my group. It is not enough to provide equal opportunities; we also have to try to make outcomes more equal",1 = Strongly disagree | 2 = Disagree | 3 = Unsure | 4 = Agree | 5 = Strongly agree,ordered,
fatalism,Politics and worldviews,Please rate the degree to which each of the following statements describe your outlook on life.,"Life is unpredictable and I have very little control. I tend not to join groups, and I try not to get involved because I can’t make much difference anyway. Other people make the rules; I just have to abide by them. Getting along in life is largely a matter of doing the best I can with what comes my way, so I just try to take care of myself and the people closest to me. It’s best to just go with the flow, because whatever will be will be",1 = Strongly disagree | 2 = Disagree | 3 = Unsure | 4 = Agree | 5 = Strongly agree,ordered,
covid_risk_you,Community and well-being,"As you know, COVID-19 has had (and continues to have) a large impact on society.",How would you rate the risk of COVID-19 to you and the people you live with?,1 = No risk | 2 = Low risk | 3 = Moderate risk | 4 = High risk | 5 = Extreme risk,ordered,
covid_risk_econ,Community and well-being,"As you know, COVID-19 has had (and continues to have) a large impact on society.",How would you rate the risk of COVID-19 to economic well-being in Oklahoma?,1 = No risk | 2 = Low risk | 3 = Moderate risk | 4 = High risk | 5 = Extreme risk,ordered,
grid_dependent,Energy,,Some people are extremely dependent on the electric grid; others are less dependent because they can rely on non-grid or “off-grid” electricity sources. How dependent are you on the electric grid in your local area?,1 = Not at all dependent | 2 = Somewhat dependent | 3 = Dependent | 4 = Very dependent | 5 = Extremely dependent,ordered,
out_freq,Energy,,"As best you can recall, approximately how many outages did you have at your residence in the last year?",1 = 0 | 2 = Between 1 - 2 | 3 = Between 2 - 5 | 4 = 5 or more,ordered,
grid_reliable,Energy,,"When you think about outages, how would you rate the reliability of the electric grid in your local area?",1 = Not at all reliable | 2 = Somewhat reliable | 3 = Reliable | 4 = Very reliable | 5 = Extremely reliable,ordered,
out_cause,Energy,,"If you had to guess, what is the primary cause of electricity outages in your local area?",1 = Inefficient or faulty equipment | 2 = Severe weather events | 3 = Insufficient supply of electricity | 4 = Surges in demand for electricity | 5 = Something else,unordered,"The last option carries ""(please specify)"" in the instrument."
out_short,Energy,,"If a short-term 3 to 5 hour outage were to happen at your residence on a Saturday afternoon when it was [rand_temp: 15|95] degrees outside, what do you think you would do?",1 = Stay at home and go without electricity | 2 = Stay at home and rely on an alternative source of electricity | 3 = Leave home to stay at a location with electricity | 4 = Something else,unordered,"The last option carries ""(please specify)"" in the instrument."
out_med,Energy,,"If a medium-term 1 to 2 day outage were to happen at your residence starting on a Saturday afternoon when it was [rand_temp: 15|95] degrees outside, what do you think you would do?",1 = Stay at home and go without electricity | 2 = Stay at home and rely on an alternative source of electricity | 3 = Leave home to stay at a location with electricity | 4 = Something else,unordered,"The last option carries ""(please specify)"" in the instrument."
out_long,Energy,,"If a long-term 5 to 7 day outage were to happen at your residence starting on a Saturday afternoon when it was [rand_temp: 15|95] degrees outside, what do you think you would do?",1 = Stay at home and go without electricity | 2 = Stay at home and rely on an alternative source of electricity | 3 = Leave home to stay at a location with electricity | 4 = Something else,unordered,"The last option carries ""(please specify)"" in the instrument."
util_type,Energy,,"Many people and groups are responsible for maintaining the electric grid, including the utility companies that provide electric service to people and businesses that consume electricity. Do you know what type of electric utility serves your home?",1 = A private (investor-owned) utility company like Oklahoma Gas and Electric (OG&E) or Public Service Company of Oklahoma (PSO) | 2 = An electric cooperative like the Oklahoma Electric Cooperative (OEC) or Central Electric Cooperative | 3 = A government (city- or town-owned) utility like Edmond Electric or Stillwater Electric Utility | 4 = Not sure,unordered,
util_trust,Energy,,How much trust do you have in the electric utility that maintains the grid in your area?,1 = No trust | 2 = Low trust | 3 = Moderate trust | 4 = High trust | 5 = Complete trust,ordered,
util_trust_gov,Energy,"In some cases, government agencies like the Oklahoma Corporation Commission also play a role in maintaining the grid because they enforce rules and regulations.",How much trust do you have in government agencies that maintain the electric grid in your area?,1 = No trust | 2 = Low trust | 3 = Moderate trust | 4 = High trust | 5 = Complete trust,ordered,
cons_trust,Energy,"In rare cases, it is necessary for people and businesses to conserve electricity to maintain grid operations.","If your utility asks its customers to voluntarily reduce electric consumption/conserve electricity, how much trust do you have that these people and businesses in your area will voluntarily conserve electricity to maintain grid operations?",1 = No trust | 2 = Low trust | 3 = Moderate trust | 4 = High trust | 5 = Complete trust,ordered,
grid_risk_you,Energy,"Electric grids face risks from accidents, natural disasters, and deliberate physical and cyber-attacks that can cause severe, long lasting electricity outages that impact large portions of the population. In addition to harming quality of life, these outages can have significant impacts on economic well-being and public safety.",How would you rate the risk of severe electricity outages to you and the people you live with?,1 = No risk | 2 = Low risk | 3 = Moderate risk | 4 = High risk | 5 = Extreme risk,ordered,
grid_risk_econ,Energy,"Electric grids face risks from accidents, natural disasters, and deliberate physical and cyber-attacks that can cause severe, long lasting electricity outages that impact large portions of the population. In addition to harming quality of life, these outages can have significant impacts on economic well-being and public safety.",How would you rate the risk of severe electricity outages to economic well-being in Oklahoma?,1 = No risk | 2 = Low risk | 3 = Moderate risk | 4 = High risk | 5 = Extreme risk,ordered,
grid_risk_safe,Energy,"Electric grids face risks from accidents, natural disasters, and deliberate physical and cyber-attacks that can cause severe, long lasting electricity outages that impact large portions of the population. In addition to harming quality of life, these outages can have significant impacts on economic well-being and public safety.",How would you rate the risk of severe electricity outages to public safety in Oklahoma?,1 = No risk | 2 = Low risk | 3 = Moderate risk | 4 = High risk | 5 = Extreme risk,ordered,
gw_ej_exp,Weather and climate,"When you think about the wide variety of short-, medium-, and long-range hazards in Oklahoma (such as tornadoes, heat waves, drought, and wildfires), do you think…","All Oklahomans, regardless of race, education, and income, experience the effects of these hazards in the same way?",1 = Definitely no | 2 = Probably no | 3 = Unsure | 4 = Probably yes | 5 = Definitely yes,ordered,
gw_ej_prot,Weather and climate,"When you think about the wide variety of short-, medium-, and long-range hazards in Oklahoma (such as tornadoes, heat waves, drought, and wildfires), do you think…","All Oklahomans, regardless of race, education, and income, have the same opportunity to protect themselves from these hazards?",1 = Definitely no | 2 = Probably no | 3 = Unsure | 4 = Probably yes | 5 = Definitely yes,ordered,
gw_ej_pol,Weather and climate,"When you think about the wide variety of short-, medium-, and long-range hazards in Oklahoma (such as tornadoes, heat waves, drought, and wildfires), do you think…","All Oklahomans, regardless of race, education, and income, have the same opportunity to influence policies that limit the effects of these hazards?",1 = Definitely no | 2 = Probably no | 3 = Unsure | 4 = Probably yes | 5 = Definitely yes,ordered,
nep_1,Land and environment,"Listed below are statements about the relationship between humans and the environment. For each one, please indicate whether you strongly agree, mildly agree, are unsure, mildly disagree or strongly disagree with it.",We are approaching the limit of the number of people the Earth can support.,1 = Strongly disagree | 2 = Mildly disagree | 3 = Unsure | 4 = Mildly agree | 5 = Strongly agree,ordered,
nep_2,Land and environment,"Listed below are statements about the relationship between humans and the environment. For each one, please indicate whether you strongly agree, mildly agree, are unsure, mildly disagree or strongly disagree with it.",Humans have the right to modify the natural environment to suit their needs.,1 = Strongly disagree | 2 = Mildly disagree | 3 = Unsure | 4 = Mildly agree | 5 = Strongly agree,ordered,
nep_3,Land and environment,"Listed below are statements about the relationship between humans and the environment. For each one, please indicate whether you strongly agree, mildly agree, are unsure, mildly disagree or strongly disagree with it.",When humans interfere with nature it often produces disastrous consequences.,1 = Strongly disagree | 2 = Mildly disagree | 3 = Unsure | 4 = Mildly agree | 5 = Strongly agree,ordered,
nep_4,Land and environment,"Listed below are statements about the relationship between humans and the environment. For each one, please indicate whether you strongly agree, mildly agree, are unsure, mildly disagree or strongly disagree with it.",Human ingenuity will ensure that we do not make the Earth unlivable.,1 = Strongly disagree | 2 = Mildly disagree | 3 = Unsure | 4 = Mildly agree | 5 = Strongly agree,ordered,
nep_5,Land and environment,"Listed below are statements about the relationship between humans and the environment. For each one, please indicate whether you strongly agree, mildly agree, are unsure, mildly disagree or strongly disagree with it.",Humans are seriously abusing the environment.,1 = Strongly disagree | 2 = Mildly disagree | 3 = Unsure | 4 = Mildly agree | 5 = Strongly agree,ordered,
nep_6,Land and environment,"Listed below are statements about the relationship between humans and the environment. For each one, please indicate whether you strongly agree, mildly agree, are unsure, mildly disagree or strongly disagree with it.",The Earth has plenty of natural resources if we just learn how to develop them.,1 = Strongly disagree | 2 = Mildly disagree | 3 = Unsure | 4 = Mildly agree | 5 = Strongly agree,ordered,
nep_7,Land and environment,"Listed below are statements about the relationship between humans and the environment. For each one, please indicate whether you strongly agree, mildly agree, are unsure, mildly disagree or strongly disagree with it.",Plants and animals have as much right as humans to exist.,1 = Strongly disagree | 2 = Mildly disagree | 3 = Unsure | 4 = Mildly agree | 5 = Strongly agree,ordered,
nep_8,Land and environment,"Listed below are statements about the relationship between humans and the environment. For each one, please indicate whether you strongly agree, mildly agree, are unsure, mildly disagree or strongly disagree with it.",The balance of nature is strong enough to cope with the impacts of modern industrial nations.,1 = Strongly disagree | 2 = Mildly disagree | 3 = Unsure | 4 = Mildly agree | 5 = Strongly agree,ordered,
nep_9,Land and environment,"Listed below are statements about the relationship between humans and the environment. For each one, please indicate whether you strongly agree, mildly agree, are unsure, mildly disagree or strongly disagree with it.","Despite our special abilities, humans are still subject to the laws of nature.",1 = Strongly disagree | 2 = Mildly disagree | 3 = Unsure | 4 = Mildly agree | 5 = Strongly agree,ordered,
nep_10,Land and environment,"Listed below are statements about the relationship between humans and the environment. For each one, please indicate whether you strongly agree, mildly agree, are unsure, mildly disagree or strongly disagree with it.",The so-called “ecological crisis” facing humankind has been greatly exaggerated.,1 = Strongly disagree | 2 = Mildly disagree | 3 = Unsure | 4 = Mildly agree | 5 = Strongly agree,ordered,
nep_11,Land and environment,"Listed below are statements about the relationship between humans and the environment. For each one, please indicate whether you strongly agree, mildly agree, are unsure, mildly disagree or strongly disagree with it.",The Earth is like a spaceship with very limited room and resources.,1 = Strongly disagree | 2 = Mildly disagree | 3 = Unsure | 4 = Mildly agree | 5 = Strongly agree,ordered,
nep_12,Land and environment,"Listed below are statements about the relationship between humans and the environment. For each one, please indicate whether you strongly agree, mildly agree, are unsure, mildly disagree or strongly disagree with it.",Humans were meant to rule over the rest of nature.,1 = Strongly disagree | 2 = Mildly disagree | 3 = Unsure | 4 = Mildly agree | 5 = Strongly agree,ordered,
nep_13,Land and environment,"Listed below are statements about the relationship between humans and the environment. For each one, please indicate whether you strongly agree, mildly agree, are unsure, mildly disagree or strongly disagree with it.",The balance of nature is very delicate and easily upset.,1 = Strongly disagree | 2 = Mildly disagree | 3 = Unsure | 4 = Mildly agree | 5 = Strongly agree,ordered,
nep_14,Land and environment,"Listed below are statements about the relationship between humans and the environment. For each one, please indicate whether you strongly agree, mildly agree, are unsure, mildly disagree or strongly disagree with it.",Humans will eventually learn enough about how nature works to be able to control it.,1 = Strongly disagree | 2 = Mildly disagree | 3 = Unsure | 4 = Mildly agree | 5 = Strongly agree,ordered,
nep_15,Land and environment,"Listed below are statements about the relationship between humans and the environment. For each one, please indicate whether you strongly agree, mildly agree, are unsure, mildly disagree or strongly disagree with it.","If things continue on their present course, we will soon experience a major ecological catastrophe.",1 = Strongly disagree | 2 = Mildly disagree | 3 = Unsure | 4 = Mildly agree | 5 = Strongly agree,ordered,
wtr_inside,Water,,"What is the primary source of the tap water used inside your home for things like drinking, cooking, bathing, and laundry?","1 = Private well | 2 = City, town, or municipality | 3 = Rural water coop | 4 = Other | 5 = Don’t know",unordered,"The last option carries ""(please specify)"" in the instrument."
know_source,Water,"Cities, towns, and municipalities get their water from different (often multiple) sources, including local groundwater wells and/or surface water impoundments or reservoirs. Many also purchase water from distant groundwater wells and/or surface water impoundments or reservoirs.",Do you know where your water comes from?,1 = Definitely no | 2 = Probably no | 3 = Unsure | 4 = Probably yes | 5 = Definitely yes,ordered,Routing in the instrument: [if wtr_inside != 1]
rate_taste,Water,Can you rate the quality of tap water used inside your home on each of these dimensions?,Taste,1 = Poor | 2 = Fair | 3 = Good | 4 = Excellent,ordered,
rate_smell,Water,Can you rate the quality of tap water used inside your home on each of these dimensions?,Smell,1 = Poor | 2 = Fair | 3 = Good | 4 = Excellent,ordered,
rate_color,Water,Can you rate the quality of tap water used inside your home on each of these dimensions?,Color,1 = Poor | 2 = Fair | 3 = Good | 4 = Excellent,ordered,
rate_softness,Water,Can you rate the quality of tap water used inside your home on each of these dimensions?,Softness (opposite of hardness),1 = Poor | 2 = Fair | 3 = Good | 4 = Excellent,ordered,
rate_safety,Water,Can you rate the quality of tap water used inside your home on each of these dimensions?,Safety,1 = Poor | 2 = Fair | 3 = Good | 4 = Excellent,ordered,
wtr_trust_sci,Water,We rely on scientists to know the contaminants (and amounts) that may cause health issues.,How much trust do you have in the scientists who study water systems?,1 = No trust | 2 = Low trust | 3 = Moderate trust | 4 = High trust | 5 = Complete trust,ordered,
wtr_trust_tech,Water,"We rely on technology (e.g., monitors, filters) to identify, limit, and/or remove potentially dangerous contaminants.",How much trust do you have in the technology we use in water systems,1 = No trust | 2 = Low trust | 3 = Moderate trust | 4 = High trust | 5 = Complete trust,ordered,
wtr_trust_gov,Water,"Finally, we rely on public officials/employees to routinely test for potentially dangerous contaminants and address/report possible issues.",How much trust do you have in the public officials/employees who manage water systems?,1 = No trust | 2 = Low trust | 3 = Moderate trust | 4 = High trust | 5 = Complete trust,ordered,
mwr_your_city,Water,,"If Oklahoma were to implement a municipal waste reuse program, would you want your city/town to apply for resources to build a wastewater reuse system?",1 = Definitely no | 2 = Probably no | 3 = Unsure | 4 = Probably yes | 5 = Definitely yes,ordered,
okfeel_hap,Community and well-being,Some people have strong feelings about their city/town and state. Others don’t have such strong feelings. We are trying to measure these feelings among different people in Oklahoma. Can you tell us how much you agree or disagree with the following statements? There are no right or wrong answers; just give us your gut feeling.,I feel happy when I am in Oklahoma.,1 = Strongly disagree | 2 = Disagree | 3 = Neither agree/disagree | 4 = Agree | 5 = Strongly agree,ordered,
okfeel_sec,Community and well-being,Some people have strong feelings about their city/town and state. Others don’t have such strong feelings. We are trying to measure these feelings among different people in Oklahoma. Can you tell us how much you agree or disagree with the following statements? There are no right or wrong answers; just give us your gut feeling.,I feel secure when I am in Oklahoma.,1 = Strongly disagree | 2 = Disagree | 3 = Neither agree/disagree | 4 = Agree | 5 = Strongly agree,ordered,
okfeel_cho,Community and well-being,Some people have strong feelings about their city/town and state. Others don’t have such strong feelings. We are trying to measure these feelings among different people in Oklahoma. Can you tell us how much you agree or disagree with the following statements? There are no right or wrong answers; just give us your gut feeling.,"If I could live anywhere in the US, I would choose to live in Oklahoma.",1 = Strongly disagree | 2 = Disagree | 3 = Neither agree/disagree | 4 = Agree | 5 = Strongly agree,ordered,
okfeel_bel,Community and well-being,Some people have strong feelings about their city/town and state. Others don’t have such strong feelings. We are trying to measure these feelings among different people in Oklahoma. Can you tell us how much you agree or disagree with the following statements? There are no right or wrong answers; just give us your gut feeling.,I don’t feel like I belong in Oklahoma.,1 = Strongly disagree | 2 = Disagree | 3 = Neither agree/disagree | 4 = Agree | 5 = Strongly agree,ordered,
okfeel_fut,Community and well-being,Some people have strong feelings about their city/town and state. Others don’t have such strong feelings. We are trying to measure these feelings among different people in Oklahoma. Can you tell us how much you agree or disagree with the following statements? There are no right or wrong answers; just give us your gut feeling.,I don’t see myself living in Oklahoma in the future.,1 = Strongly disagree | 2 = Disagree | 3 = Neither agree/disagree | 4 = Agree | 5 = Strongly agree,ordered,
okfeel_att,Community and well-being,Some people have strong feelings about their city/town and state. Others don’t have such strong feelings. We are trying to measure these feelings among different people in Oklahoma. Can you tell us how much you agree or disagree with the following statements? There are no right or wrong answers; just give us your gut feeling.,I am attached to Oklahoma.,1 = Strongly disagree | 2 = Disagree | 3 = Neither agree/disagree | 4 = Agree | 5 = Strongly agree,ordered,
okfeel_who,Community and well-being,Some people have strong feelings about their city/town and state. Others don’t have such strong feelings. We are trying to measure these feelings among different people in Oklahoma. Can you tell us how much you agree or disagree with the following statements? There are no right or wrong answers; just give us your gut feeling.,Living in Oklahoma says a lot about who I am.,1 = Strongly disagree | 2 = Disagree | 3 = Neither agree/disagree | 4 = Agree | 5 = Strongly agree,ordered,
rural_prop,Land and environment,,Do you own or manage any land (property) that is not in an urban area or subdivision?,0 = No | 1 = Yes,ordered,
manage_imp_aesth_apl,Land and environment,Property owners and managers engage in land management practices for a wide variety of reasons. How important are these factors when you make land management decisions?,Aesthetic appeal,1 = Not important | 2 = Slightly important | 3 = Moderately important | 4 = Very important | 5 = Extremely important,ordered,Routing in the instrument: [if rural_prop = 1]
manage_imp_soil_hlth,Land and environment,Property owners and managers engage in land management practices for a wide variety of reasons. How important are these factors when you make land management decisions?,Soil health,1 = Not important | 2 = Slightly important | 3 = Moderately important | 4 = Very important | 5 = Extremely important,ordered,Routing in the instrument: [if rural_prop = 1]
manage_imp_soil_prod,Land and environment,Property owners and managers engage in land management practices for a wide variety of reasons. How important are these factors when you make land management decisions?,Soil productivity,1 = Not important | 2 = Slightly important | 3 = Moderately important | 4 = Very important | 5 = Extremely important,ordered,Routing in the instrument: [if rural_prop = 1]
manage_imp_water_qual,Land and environment,Property owners and managers engage in land management practices for a wide variety of reasons. How important are these factors when you make land management decisions?,Water quality,1 = Not important | 2 = Slightly important | 3 = Moderately important | 4 = Very important | 5 = Extremely important,ordered,Routing in the instrument: [if rural_prop = 1]
manage_imp_livestock_qual,Land and environment,Property owners and managers engage in land management practices for a wide variety of reasons. How important are these factors when you make land management decisions?,Livestock production,1 = Not important | 2 = Slightly important | 3 = Moderately important | 4 = Very important | 5 = Extremely important,ordered,Routing in the instrument: [if rural_prop = 1]
manage_imp_forage_qual,Land and environment,Property owners and managers engage in land management practices for a wide variety of reasons. How important are these factors when you make land management decisions?,Forage production,1 = Not important | 2 = Slightly important | 3 = Moderately important | 4 = Very important | 5 = Extremely important,ordered,Routing in the instrument: [if rural_prop = 1]
manage_imp_crop_qual,Land and environment,Property owners and managers engage in land management practices for a wide variety of reasons. How important are these factors when you make land management decisions?,Crop production,1 = Not important | 2 = Slightly important | 3 = Moderately important | 4 = Very important | 5 = Extremely important,ordered,Routing in the instrument: [if rural_prop = 1]
manage_imp_timber_qual,Land and environment,Property owners and managers engage in land management practices for a wide variety of reasons. How important are these factors when you make land management decisions?,Timber production,1 = Not important | 2 = Slightly important | 3 = Moderately important | 4 = Very important | 5 = Extremely important,ordered,Routing in the instrument: [if rural_prop = 1]
manage_imp_water_quany,Land and environment,Property owners and managers engage in land management practices for a wide variety of reasons. How important are these factors when you make land management decisions?,Water quantity (availability),1 = Not important | 2 = Slightly important | 3 = Moderately important | 4 = Very important | 5 = Extremely important,ordered,Routing in the instrument: [if rural_prop = 1]
manage_imp_wildlife,Land and environment,Property owners and managers engage in land management practices for a wide variety of reasons. How important are these factors when you make land management decisions?,Wildlife habitat,1 = Not important | 2 = Slightly important | 3 = Moderately important | 4 = Very important | 5 = Extremely important,ordered,Routing in the instrument: [if rural_prop = 1]
manage_imp_wildfire,Land and environment,Property owners and managers engage in land management practices for a wide variety of reasons. How important are these factors when you make land management decisions?,Wildfire risk,1 = Not important | 2 = Slightly important | 3 = Moderately important | 4 = Very important | 5 = Extremely important,ordered,Routing in the instrument: [if rural_prop = 1]
manage_imp_carbon,Land and environment,Property owners and managers engage in land management practices for a wide variety of reasons. How important are these factors when you make land management decisions?,Carbon storage,1 = Not important | 2 = Slightly important | 3 = Moderately important | 4 = Very important | 5 = Extremely important,ordered,Routing in the instrument: [if rural_prop = 1]
sparse_imp_aesth_apl,Land and environment,"Land management practices are important for a variety of reasons. When you think about land management in sparsely populated rural areas of Oklahoma, how important are these factors to you personally?",Aesthetic appeal,1 = Not important | 2 = Slightly important | 3 = Moderately important | 4 = Very important | 5 = Extremely important,ordered,Routing in the instrument: [if rural_prop = 0]
sparse_imp_soil_hlth,Land and environment,"Land management practices are important for a variety of reasons. When you think about land management in sparsely populated rural areas of Oklahoma, how important are these factors to you personally?",Soil health,1 = Not important | 2 = Slightly important | 3 = Moderately important | 4 = Very important | 5 = Extremely important,ordered,Routing in the instrument: [if rural_prop = 0]
sparse_imp_soil_prod,Land and environment,"Land management practices are important for a variety of reasons. When you think about land management in sparsely populated rural areas of Oklahoma, how important are these factors to you personally?",Soil productivity,1 = Not important | 2 = Slightly important | 3 = Moderately important | 4 = Very important | 5 = Extremely important,ordered,Routing in the instrument: [if rural_prop = 0]
sparse_imp_water_qual,Land and environment,"Land management practices are important for a variety of reasons. When you think about land management in sparsely populated rural areas of Oklahoma, how important are these factors to you personally?",Water quality,1 = Not important | 2 = Slightly important | 3 = Moderately important | 4 = Very important | 5 = Extremely important,ordered,Routing in the instrument: [if rural_prop = 0]
sparse_imp_livestock_qual,Land and environment,"Land management practices are important for a variety of reasons. When you think about land management in sparsely populated rural areas of Oklahoma, how important are these factors to you personally?",Livestock production,1 = Not important | 2 = Slightly important | 3 = Moderately important | 4 = Very important | 5 = Extremely important,ordered,Routing in the instrument: [if rural_prop = 0]
sparse_imp_forage_qual,Land and environment,"Land management practices are important for a variety of reasons. When you think about land management in sparsely populated rural areas of Oklahoma, how important are these factors to you personally?",Forage production,1 = Not important | 2 = Slightly important | 3 = Moderately important | 4 = Very important | 5 = Extremely important,ordered,Routing in the instrument: [if rural_prop = 0]
sparse_imp_crop_qual,Land and environment,"Land management practices are important for a variety of reasons. When you think about land management in sparsely populated rural areas of Oklahoma, how important are these factors to you personally?",Crop production,1 = Not important | 2 = Slightly important | 3 = Moderately important | 4 = Very important | 5 = Extremely important,ordered,Routing in the instrument: [if rural_prop = 0]
sparse_imp_timber_qual,Land and environment,"Land management practices are important for a variety of reasons. When you think about land management in sparsely populated rural areas of Oklahoma, how important are these factors to you personally?",Timber production,1 = Not important | 2 = Slightly important | 3 = Moderately important | 4 = Very important | 5 = Extremely important,ordered,Routing in the instrument: [if rural_prop = 0]
sparse_imp_water_quany,Land and environment,"Land management practices are important for a variety of reasons. When you think about land management in sparsely populated rural areas of Oklahoma, how important are these factors to you personally?",Water quantity (availability),1 = Not important | 2 = Slightly important | 3 = Moderately important | 4 = Very important | 5 = Extremely important,ordered,Routing in the instrument: [if rural_prop = 0]
sparse_imp_wildlife,Land and environment,"Land management practices are important for a variety of reasons. When you think about land management in sparsely populated rural areas of Oklahoma, how important are these factors to you personally?",Wildlife habitat,1 = Not important | 2 = Slightly important | 3 = Moderately important | 4 = Very important | 5 = Extremely important,ordered,Routing in the instrument: [if rural_prop = 0]
sparse_imp_wildfire,Land and environment,"Land management practices are important for a variety of reasons. When you think about land management in sparsely populated rural areas of Oklahoma, how important are these factors to you personally?",Wildfire risk,1 = Not important | 2 = Slightly important | 3 = Moderately important | 4 = Very important | 5 = Extremely important,ordered,Routing in the instrument: [if rural_prop = 0]
sparse_imp_carbon,Land and environment,"Land management practices are important for a variety of reasons. When you think about land management in sparsely populated rural areas of Oklahoma, how important are these factors to you personally?",Carbon storage,1 = Not important | 2 = Slightly important | 3 = Moderately important | 4 = Very important | 5 = Extremely important,ordered,Routing in the instrument: [if rural_prop = 0]
redcedar_decide,Land and environment,"Eastern redcedar encroachment is a public issue that affects everyone in the state, but much of it grows on private property where individuals make and pay for management decisions.","In your opinion, who should make decisions on the management of eastern redcedar encroachment on private property in Oklahoma?",1 = Only state agencies | 2 = Mostly state agencies | 3 = An even mix of state agencies and property owners/managers | 4 = Mostly property owners/managers | 5 = Only property owners/managers,ordered,
redcedar_pay,Land and environment,"Eastern redcedar encroachment is a public issue that affects everyone in the state, but much of it grows on private property where individuals make and pay for management decisions.","In your opinion, who should pay to implement decisions on the management of eastern redcedar encroachment on private property in Oklahoma?",1 = Only state agencies | 2 = Mostly state agencies | 3 = An even mix of state agencies and property owners/managers | 4 = Mostly property owners/managers | 5 = Only property owners/managers,ordered,
s2s_aware,Weather and climate,"We have a few more questions about medium-range (subseasonal to seasonal) weather forecasts that focus on the next two weeks to 90 days. These forecasts generally encompass longer time frames than forecasts you might see on television or a phone application. For example, a medium-range forecast might predict heavy precipitation or unusually low temperatures 3 – 4 weeks from now.","Before reading this information, were you aware that forecasts predicting weather conditions for the next two weeks to 90 days are available?",0 = No | 1 = Yes | 2 = Not sure,unordered,
s2s_access,Weather and climate,,"How often do you use medium-range weather forecasts (e.g., forecasts predicting conditions 3-4 weeks in advance)?",1 = Never | 2 = Rarely | 3 = Occasionally | 4 = Regularly | 5 = Frequently,ordered,Routing in the instrument: [If s2s_aware = 1]
s2s_trust,Weather and climate,,How much trust do you place in the accuracy of medium-range weather forecasts?,1 = No trust | 2 = Low trust | 3 = Moderate trust | 4 = High trust | 5 = Complete trust,ordered,Routing in the instrument: [If s2s_access > 2]
s2s_reliable,Weather and climate,,Have you found medium-range weather forecasts to be reliable in your experience?,1 = Definitely no | 2 = Probably no | 3 = Unsure | 4 = Probably yes | 5 = Definitely yes,ordered,Routing in the instrument: [If s2s_access > 2]
s2s_detail,Weather and climate,,Do you feel that medium-range forecasts provide enough detail and specificity for your needs?,1 = Definitely no | 2 = Probably no | 3 = Unsure | 4 = Probably yes | 5 = Definitely yes,ordered,Routing in the instrument: [If s2s_access > 2]
rate_family,Community and well-being,"Now we’d like to know a little bit about what you think about the following parts of your life and your community. In the past 30 days, how would you rate the quality of:",Your family life,1 = Very poor | 2 = Below average | 3 = Average | 4 = Above average | 5 = Excellent,ordered,
rate_social,Community and well-being,"Now we’d like to know a little bit about what you think about the following parts of your life and your community. In the past 30 days, how would you rate the quality of:",Your social life,1 = Very poor | 2 = Below average | 3 = Average | 4 = Above average | 5 = Excellent,ordered,
rate_health,Community and well-being,"Now we’d like to know a little bit about what you think about the following parts of your life and your community. In the past 30 days, how would you rate the quality of:",Your personal physical health,1 = Very poor | 2 = Below average | 3 = Average | 4 = Above average | 5 = Excellent,ordered,
rate_ment,Community and well-being,"Now we’d like to know a little bit about what you think about the following parts of your life and your community. In the past 30 days, how would you rate the quality of:",Your personal mental health,1 = Very poor | 2 = Below average | 3 = Average | 4 = Above average | 5 = Excellent,ordered,
rate_finances,Community and well-being,"Now we’d like to know a little bit about what you think about the following parts of your life and your community. In the past 30 days, how would you rate the quality of:",Your financial stability,1 = Very poor | 2 = Below average | 3 = Average | 4 = Above average | 5 = Excellent,ordered,
rate_home_val,Community and well-being,"Now we’d like to know a little bit about what you think about the following parts of your life and your community. In the past 30 days, how would you rate the quality of:",The value of your home or property you own,1 = Very poor | 2 = Below average | 3 = Average | 4 = Above average | 5 = Excellent,ordered,"The instrument adds ""(please skip if this question does not apply to you)"" to this item."
rate_savings,Community and well-being,"Now we’d like to know a little bit about what you think about the following parts of your life and your community. In the past 30 days, how would you rate the quality of:",Your savings or emergency money,1 = Very poor | 2 = Below average | 3 = Average | 4 = Above average | 5 = Excellent,ordered,
rate_environment,Community and well-being,"Now we’d like to know a little bit about what you think about the following parts of your life and your community. In the past 30 days, how would you rate the quality of:",The natural environment where you live,1 = Very poor | 2 = Below average | 3 = Average | 4 = Above average | 5 = Excellent,ordered,
rate_roads,Community and well-being,"Now we’d like to know a little bit about what you think about the following parts of your life and your community. In the past 30 days, how would you rate the quality of:",The roads and bridges where you live,1 = Very poor | 2 = Below average | 3 = Average | 4 = Above average | 5 = Excellent,ordered,
sf_pcl_reliving,Community and well-being,We’d also like to know a little bit about how you respond to stressful experiences. Below is a list of things people sometimes experience after a very stressful event. Please read each statement below and select how often you experience the following after a stressful event.,Suddenly feeling or acting as if the stressful experience were actually happening again (as if you were actually back there reliving it)?,1 = Not at all | 2 = A little bit | 3 = Moderately | 4 = Quite a bit | 5 = Extremely,ordered,
sf_pcl_avoid_reminders,Community and well-being,We’d also like to know a little bit about how you respond to stressful experiences. Below is a list of things people sometimes experience after a very stressful event. Please read each statement below and select how often you experience the following after a stressful event.,"Avoiding external reminders of the stressful experience (for example, people, places, conversations, activities, objects, or situations)?",1 = Not at all | 2 = A little bit | 3 = Moderately | 4 = Quite a bit | 5 = Extremely,ordered,
sf_pcl_distant,Community and well-being,We’d also like to know a little bit about how you respond to stressful experiences. Below is a list of things people sometimes experience after a very stressful event. Please read each statement below and select how often you experience the following after a stressful event.,Feeling distant or cut off from other people?,1 = Not at all | 2 = A little bit | 3 = Moderately | 4 = Quite a bit | 5 = Extremely,ordered,
sf_pcl_irritable,Community and well-being,We’d also like to know a little bit about how you respond to stressful experiences. Below is a list of things people sometimes experience after a very stressful event. Please read each statement below and select how often you experience the following after a stressful event.,"Irritable behavior, angry outbursts, or acting aggressively?",1 = Not at all | 2 = A little bit | 3 = Moderately | 4 = Quite a bit | 5 = Extremely,ordered,
fut_hlth_srvy,Community and well-being,,"Researchers and policymakers are interested studying the impact of extreme weather on public health and quality of life in Oklahoma. As part of this effort, some people from this project are working on a separate project that will involve a short survey immediately following extreme weather events. If you choose to participate, we will ask you similar questions to the ones above. Would you be willing to take a short survey after an extreme weather event in the future?",0 = No | 1 = Yes,ordered,
marital,Community and well-being,,What is your current marital status?,1 = Now married | 2 = Widowed | 3 = Divorced | 4 = Separated | 5 = Never married,unordered,
concern_infra_water_new,Infrastructure and transportation,"Water infrastructure (for example: drinking water pipelines, water towers, treatment plants, stormwater systems)",Do you have any concerns about water infrastructure in your region of Oklahoma?,1 = Definitely no | 2 = Probably no | 3 = Unsure | 4 = Probably yes | 5 = Definitely yes,ordered,
concern_infra_energy_new,Energy,"Energy infrastructure (for example: electrical grids, power plants, natural gas pipelines, fuel storage facilities)",Do you have any concerns about energy infrastructure in your region of Oklahoma?,1 = Definitely no | 2 = Probably no | 3 = Unsure | 4 = Probably yes | 5 = Definitely yes,ordered,
concern_infra_transportation_new,Infrastructure and transportation,"Transportation infrastructure (for example: roads, bridges, highways, railways)",Do you have any concerns about transportation infrastructure in your region of Oklahoma?,1 = Definitely no | 2 = Probably no | 3 = Unsure | 4 = Probably yes | 5 = Definitely yes,ordered,
vuln_water,Infrastructure and transportation,How vulnerable do you believe the following types of infrastructure in your area are to the impacts of natural hazards?,"Water infrastructure (for example: drinking water pipelines, water towers, treatment plants, stormwater systems)",1 = Not at all vulnerable | 2 = Slightly vulnerable | 3 = Moderately vulnerable | 4 = Very vulnerable | 5 = Extremely vulnerable,ordered,
vuln_energy,Infrastructure and transportation,How vulnerable do you believe the following types of infrastructure in your area are to the impacts of natural hazards?,"Energy infrastructure (for example: electrical grids, power plants, natural gas pipelines, fuel storage facilities)",1 = Not at all vulnerable | 2 = Slightly vulnerable | 3 = Moderately vulnerable | 4 = Very vulnerable | 5 = Extremely vulnerable,ordered,
vatn_transp,Infrastructure and transportation,How vulnerable do you believe the following types of infrastructure in your area are to the impacts of natural hazards?,"Transportation infrastructure (for example: roads, bridges, highways, railways)",1 = Not at all vulnerable | 2 = Slightly vulnerable | 3 = Moderately vulnerable | 4 = Very vulnerable | 5 = Extremely vulnerable,ordered,
fund_water,Infrastructure and transportation,Imagine government officials in your area are allocating funding to better prepare the following types of infrastructure for natural hazards. Which type of infrastructure would you recommend they prioritize?,"Water infrastructure (for example: drinking water pipelines, water towers, treatment plants, stormwater systems)",1 = Not a priority | 2 = Low priority | 3 = Moderate priority | 4 = High priority | 5 = Extremely high priority,ordered,
fund_energy,Infrastructure and transportation,Imagine government officials in your area are allocating funding to better prepare the following types of infrastructure for natural hazards. Which type of infrastructure would you recommend they prioritize?,"Energy infrastructure (for example: electrical grids, power plants, natural gas pipelines, fuel storage facilities)",1 = Not a priority | 2 = Low priority | 3 = Moderate priority | 4 = High priority | 5 = Extremely high priority,ordered,
fund_transp,Infrastructure and transportation,Imagine government officials in your area are allocating funding to better prepare the following types of infrastructure for natural hazards. Which type of infrastructure would you recommend they prioritize?,"Transportation infrastructure (for example: roads, bridges, highways, railways)",1 = Not a priority | 2 = Low priority | 3 = Moderate priority | 4 = High priority | 5 = Extremely high priority,ordered,
transp_poor_conditions,Infrastructure and transportation,Have you personally experienced any of the following issues with transportation infrastructure in your area? Please select all that apply.,"Poor road conditions (e.g., potholes, cracks)",0 = No | 1 = Yes,ordered,
transp_congestion,Infrastructure and transportation,Have you personally experienced any of the following issues with transportation infrastructure in your area? Please select all that apply.,Traffic congestion,0 = No | 1 = Yes,ordered,
transp_no_sidewalks,Infrastructure and transportation,Have you personally experienced any of the following issues with transportation infrastructure in your area? Please select all that apply.,Lack of sidewalks or pedestrian paths,0 = No | 1 = Yes,ordered,
transp_no_bike_lanes,Infrastructure and transportation,Have you personally experienced any of the following issues with transportation infrastructure in your area? Please select all that apply.,Lack of bike lanes or unsafe conditions for cyclists,0 = No | 1 = Yes,ordered,
transp_inadequate_public_transport,Infrastructure and transportation,Have you personally experienced any of the following issues with transportation infrastructure in your area? Please select all that apply.,"Inadequate public transportation options (e.g., limited bus routes, infrequent service)",0 = No | 1 = Yes,ordered,
transp_unreliable_public_transport,Infrastructure and transportation,Have you personally experienced any of the following issues with transportation infrastructure in your area? Please select all that apply.,Public transportation delays or unreliability,0 = No | 1 = Yes,ordered,
transp_disability_access,Infrastructure and transportation,Have you personally experienced any of the following issues with transportation infrastructure in your area? Please select all that apply.,Poor accessibility for individuals with disabilities,0 = No | 1 = Yes,ordered,
transp_unsafe_intersections,Infrastructure and transportation,Have you personally experienced any of the following issues with transportation infrastructure in your area? Please select all that apply.,Unsafe intersections or crosswalks,0 = No | 1 = Yes,ordered,
transp_no_parking,Infrastructure and transportation,Have you personally experienced any of the following issues with transportation infrastructure in your area? Please select all that apply.,Lack of parking availability,0 = No | 1 = Yes,ordered,
transp_no_lighting,Infrastructure and transportation,Have you personally experienced any of the following issues with transportation infrastructure in your area? Please select all that apply.,Insufficient lighting on roads or sidewalks,0 = No | 1 = Yes,ordered,
transp_poor_signage,Infrastructure and transportation,Have you personally experienced any of the following issues with transportation infrastructure in your area? Please select all that apply.,Poor signage or confusing road signs,0 = No | 1 = Yes,ordered,
transp_reduced_visibility,Infrastructure and transportation,Have you personally experienced any of the following issues with transportation infrastructure in your area? Please select all that apply.,Reduced visibility,0 = No | 1 = Yes,ordered,
transp_no_ev_charging,Infrastructure and transportation,Have you personally experienced any of the following issues with transportation infrastructure in your area? Please select all that apply.,Limited or no access to electric vehicle charging stations,0 = No | 1 = Yes,ordered,
transp_safety_concerns,Infrastructure and transportation,Have you personally experienced any of the following issues with transportation infrastructure in your area? Please select all that apply.,"Road safety concerns (e.g., speeding, reckless driving)",0 = No | 1 = Yes,ordered,
transp_poor_bridge_maintenance,Infrastructure and transportation,Have you personally experienced any of the following issues with transportation infrastructure in your area? Please select all that apply.,Inadequate maintenance of bridges and overpasses,0 = No | 1 = Yes,ordered,
transp_flooding,Infrastructure and transportation,Have you personally experienced any of the following issues with transportation infrastructure in your area? Please select all that apply.,Flooding or water drainage issues on roads,0 = No | 1 = Yes,ordered,
transp_trip_time,Infrastructure and transportation,,"Think about the time it typically takes you to complete a one-way trip for activities like commuting to work or running errands. On average, how long does it take you to complete a one-way trip?",1 = Less than 15 minutes | 2 = 15-30 minutes | 3 = 30-45 minutes | 4 = 45-60 minutes | 5 = More than 60 minutes,ordered,
transp_trip_count,Infrastructure and transportation,,"On average, how many one-way trips do you typically make per day?",1 = 0 to 1 trips | 2 = 2 to 3 trips | 3 = 4 to 5 trips | 4 = 6 to 9 trips | 5 = 10 or more trips,ordered,
transp_comm_mode,Infrastructure and transportation,,What is the primary mode of transportation you use for regular commuting?,"1 = Car, truck, or van (as a driver) | 2 = Car, truck, or van (as a passenger) | 3 = Public bus or transit | 4 = Bicycle | 5 = Walk | 6 = Taxi or ride-hailing service (e.g., Uber, Lyft) | 7 = Motorcycle | 8 = Telecommuting/work from home | 9 = Other (please specify)",unordered,
transp_comm_miles,Infrastructure and transportation,,"How far do you travel for regular commuting trips (for example, the one-way distance in miles from home to work)?",1 = Less than 5 miles | 2 = 5–10 miles | 3 = 11–20 miles | 4 = 21–30 miles | 5 = 31–50 miles | 6 = 51–60 miles | 7 = More than 60 miles,ordered,
transp_fuel_type,Infrastructure and transportation,,What is the fuel type of the vehicle most frequently used by your household?,1 = Gasoline | 2 = Diesel | 3 = Hybrid (Gasoline/Electric) | 4 = Plug-in Hybrid (Gasoline/Electric with plug-in charging) | 5 = Electric (Battery-powered) | 6 = Other (please specify),unordered,
transp_fuel_miles,Infrastructure and transportation,,"To the best of your knowledge, approximately how many miles has this vehicle been driven in the past 12 months by all drivers?","1 = Less than 5,000 miles | 2 = 5,000–10,000 miles | 3 = 10,001–20,000 miles | 4 = 20,001–30,000 miles | 5 = 30,001–50,000 miles | 6 = 50,001–75,000 miles | 7 = 75,001–100,000 miles | 8 = More than 100,000 miles",ordered,
con_transp_imp,Infrastructure and transportation,"Natural hazards such as heavy rainfall, flash flooding, and wildfires have severely impacted Oklahoma's transportation infrastructure. Flooding often leads to road closures, isolating communities and disrupting traffic, while aging infrastructure and inadequate drainage systems worsen the problem. Wildfires also damage roads and make travel unsafe, further straining the state's transportation networks.",Do you have any concerns about the impact of natural hazards on transportation infrastructure in your area?,1 = Definitely no | 2 = Probably no | 3 = Unsure | 4 = Probably yes | 5 = Definitely yes,ordered,
transp_trust,Infrastructure and transportation,,How much trust do you have in the agencies that operate and maintain the transportation infrastructure in your area?,1 = No trust | 2 = Low trust | 3 = Moderate trust | 4 = High trust | 5 = Complete trust,ordered,
transp_conf,Infrastructure and transportation,,How confident are you that new programs can be implemented to meaningfully reduce the vulnerability of transportation infrastructure in your area to natural hazards?,1 = Not at all confident | 2 = Slightly confident | 3 = Moderately confident | 4 = Very confident | 5 = Extremely confident,ordered,
trust_tribe,Trust and decision-making,"Solving problems as a group or community can be contentious and technically complex, so getting information you can trust is important. How much do you trust information from the following groups and organizations?",Tribal leaders and governing bodies,1 = No trust | 2 = Low trust | 3 = Moderate trust | 4 = High trust | 5 = Complete trust,ordered,Added to the trust battery in Wave 6 under the same stem.
pay_util,Energy,,"To begin, can you tell us if you have had difficulty paying for your utility bills in the past 12 months?",1 = Never | 2 = Rarely | 3 = Multiple occasions | 4 = Often | 5 = Always,ordered,
forgo_util,Energy,,Have you had to forgo basic household expenses like food or medical care to afford your energy bill in the past 12 months?,1 = Never | 2 = Rarely | 3 = Multiple occasions | 4 = Often | 5 = Always,ordered,
rank_fuel_safety,Energy,"What factors are most important to you, personally, when selecting a fuel source or power supply? Please rank the items from one (most important) to five (least important).",Safety,1 = Most important | 2 = 2 | 3 = 3 | 4 = 4 | 5 = Least important,ordered,A dash in the data marks an item the respondent did not rank; read as missing.
rank_fuel_cost,Energy,"What factors are most important to you, personally, when selecting a fuel source or power supply? Please rank the items from one (most important) to five (least important).",Low cost,1 = Most important | 2 = 2 | 3 = 3 | 4 = 4 | 5 = Least important,ordered,A dash in the data marks an item the respondent did not rank; read as missing.
rank_fuel_environ,Energy,"What factors are most important to you, personally, when selecting a fuel source or power supply? Please rank the items from one (most important) to five (least important).",Environmental protection,1 = Most important | 2 = 2 | 3 = 3 | 4 = 4 | 5 = Least important,ordered,A dash in the data marks an item the respondent did not rank; read as missing.
rank_fuel_conv,Energy,"What factors are most important to you, personally, when selecting a fuel source or power supply? Please rank the items from one (most important) to five (least important).",Convenience,1 = Most important | 2 = 2 | 3 = 3 | 4 = 4 | 5 = Least important,ordered,A dash in the data marks an item the respondent did not rank; read as missing.
rank_fuel_reli,Energy,"What factors are most important to you, personally, when selecting a fuel source or power supply? Please rank the items from one (most important) to five (least important).",Reliability,1 = Most important | 2 = 2 | 3 = 3 | 4 = 4 | 5 = Least important,ordered,A dash in the data marks an item the respondent did not rank; read as missing.
rank_fuel_other,Energy,"What factors are most important to you, personally, when selecting a fuel source or power supply? Please rank the items from one (most important) to five (least important).",Other (please specify),1 = Most important | 2 = 2 | 3 = 3 | 4 = 4 | 5 = Least important,ordered,A dash in the data marks an item the respondent did not rank; read as missing.
trans_sci,Energy,How important do you think it is for each of these stakeholders to be involved in discussions about an energy transition in Oklahoma?,Scientists and specialists,1 = Not important | 2 = Slightly important | 3 = Moderately important | 4 = Very important | 5 = Extremely important,ordered,
trans_ent,Energy,How important do you think it is for each of these stakeholders to be involved in discussions about an energy transition in Oklahoma?,Entrepreneurs and business owners,1 = Not important | 2 = Slightly important | 3 = Moderately important | 4 = Very important | 5 = Extremely important,ordered,
trans_pol,Energy,How important do you think it is for each of these stakeholders to be involved in discussions about an energy transition in Oklahoma?,Politicians,1 = Not important | 2 = Slightly important | 3 = Moderately important | 4 = Very important | 5 = Extremely important,ordered,
trans_com_pro,Energy,How important do you think it is for each of these stakeholders to be involved in discussions about an energy transition in Oklahoma?,Residents of the community where the energy is produced,1 = Not important | 2 = Slightly important | 3 = Moderately important | 4 = Very important | 5 = Extremely important,ordered,
trans_com_con,Energy,How important do you think it is for each of these stakeholders to be involved in discussions about an energy transition in Oklahoma?,Residents of the community where the energy is consumed,1 = Not important | 2 = Slightly important | 3 = Moderately important | 4 = Very important | 5 = Extremely important,ordered,
trans_com_sto,Energy,How important do you think it is for each of these stakeholders to be involved in discussions about an energy transition in Oklahoma?,Residents of the community where the energy is stored,1 = Not important | 2 = Slightly important | 3 = Moderately important | 4 = Very important | 5 = Extremely important,ordered,
know_hydro,Energy,How much do you know about the following energy sources and technologies?,Hydrogen energy,1 = Nothing at all | 2 = A little | 3 = A moderate amount | 4 = A lot | 5 = A great deal,ordered,"The instrument words the stem ""How much you know about the following energy sources and technologies.""; the sheet keeps it as a question."
know_geo,Energy,How much do you know about the following energy sources and technologies?,Geothermal energy,1 = Nothing at all | 2 = A little | 3 = A moderate amount | 4 = A lot | 5 = A great deal,ordered,"The instrument words the stem ""How much you know about the following energy sources and technologies.""; the sheet keeps it as a question."
know_wind,Energy,How much do you know about the following energy sources and technologies?,Wind energy,1 = Nothing at all | 2 = A little | 3 = A moderate amount | 4 = A lot | 5 = A great deal,ordered,"The instrument words the stem ""How much you know about the following energy sources and technologies.""; the sheet keeps it as a question."
know_solar,Energy,How much do you know about the following energy sources and technologies?,Solar energy,1 = Nothing at all | 2 = A little | 3 = A moderate amount | 4 = A lot | 5 = A great deal,ordered,"The instrument words the stem ""How much you know about the following energy sources and technologies.""; the sheet keeps it as a question."
energy_news_trust,Energy,,How much trust do you have in news and information about energy sources and technologies in Oklahoma?,1 = No trust | 2 = Low trust | 3 = Moderate trust | 4 = High trust | 5 = Complete trust,ordered,
safe_gas,Energy,Which of the following energy sources do you feel are safe to use in or near your home? Select all that apply.,Natural gas,0 = No | 1 = Yes,ordered,
safe_oil,Energy,Which of the following energy sources do you feel are safe to use in or near your home? Select all that apply.,Oil,0 = No | 1 = Yes,ordered,
safe_prop,Energy,Which of the following energy sources do you feel are safe to use in or near your home? Select all that apply.,Propane,0 = No | 1 = Yes,ordered,
safe_wind,Energy,Which of the following energy sources do you feel are safe to use in or near your home? Select all that apply.,Wind,0 = No | 1 = Yes,ordered,
safe_solar,Energy,Which of the following energy sources do you feel are safe to use in or near your home? Select all that apply.,Solar,0 = No | 1 = Yes,ordered,
safe_hydro,Energy,Which of the following energy sources do you feel are safe to use in or near your home? Select all that apply.,Hydrogen,0 = No | 1 = Yes,ordered,
safe_geo,Energy,Which of the following energy sources do you feel are safe to use in or near your home? Select all that apply.,Geothermal,0 = No | 1 = Yes,ordered,
dist_solar,Energy,Imagine a renewable energy plant is going to be built near your area. What is the minimum distance you would feel comfortable having between the plant and your home?,Solar farm (minimum recommended safe distance is 2 miles away),1 = 1 mile | 2 = 1 to 5 miles | 3 = More than 5 miles | 4 = I would oppose regardless of distance | 5 = I don’t know,unordered,
dist_wind,Energy,Imagine a renewable energy plant is going to be built near your area. What is the minimum distance you would feel comfortable having between the plant and your home?,Wind farm (minimum recommended safe distance is at least 1 mile away),1 = 1 mile | 2 = 1 to 5 miles | 3 = More than 5 miles | 4 = I would oppose regardless of distance | 5 = I don’t know,unordered,
dist_geo,Energy,Imagine a renewable energy plant is going to be built near your area. What is the minimum distance you would feel comfortable having between the plant and your home?,Geothermal plant (minimum recommended safe distance is 0.2 miles away),1 = 1 mile | 2 = 1 to 5 miles | 3 = More than 5 miles | 4 = I would oppose regardless of distance | 5 = I don’t know,unordered,
dist_bio,Energy,Imagine a renewable energy plant is going to be built near your area. What is the minimum distance you would feel comfortable having between the plant and your home?,Biofuel plant (minimum recommended safe distance is less than 1 mile away),1 = 1 mile | 2 = 1 to 5 miles | 3 = More than 5 miles | 4 = I would oppose regardless of distance | 5 = I don’t know,unordered,
dist_hydro,Energy,Imagine a renewable energy plant is going to be built near your area. What is the minimum distance you would feel comfortable having between the plant and your home?,Hydrogen plant (minimum recommended safe distance is 0.13 miles away),1 = 1 mile | 2 = 1 to 5 miles | 3 = More than 5 miles | 4 = I would oppose regardless of distance | 5 = I don’t know,unordered,
motiv_cost,Energy,To what extent do you agree that each of the following should be a motivation or driver for adopting renewable energy?,Lower cost,1 = Strongly disagree | 2 = Disagree | 3 = Unsure | 4 = Agree | 5 = Strongly agree,ordered,
motiv_fed,Energy,To what extent do you agree that each of the following should be a motivation or driver for adopting renewable energy?,Federal incentives/programs,1 = Strongly disagree | 2 = Disagree | 3 = Unsure | 4 = Agree | 5 = Strongly agree,ordered,
motiv_inn,Energy,To what extent do you agree that each of the following should be a motivation or driver for adopting renewable energy?,Being perceived as innovative,1 = Strongly disagree | 2 = Disagree | 3 = Unsure | 4 = Agree | 5 = Strongly agree,ordered,
motiv_carb,Energy,To what extent do you agree that each of the following should be a motivation or driver for adopting renewable energy?,Reduce carbon footprint,1 = Strongly disagree | 2 = Disagree | 3 = Unsure | 4 = Agree | 5 = Strongly agree,ordered,
motiv_rev,Energy,To what extent do you agree that each of the following should be a motivation or driver for adopting renewable energy?,Generate revenue,1 = Strongly disagree | 2 = Disagree | 3 = Unsure | 4 = Agree | 5 = Strongly agree,ordered,
motiv_self,Energy,To what extent do you agree that each of the following should be a motivation or driver for adopting renewable energy?,Being energy self-reliant/independent,1 = Strongly disagree | 2 = Disagree | 3 = Unsure | 4 = Agree | 5 = Strongly agree,ordered,
motiv_jobs,Energy,To what extent do you agree that each of the following should be a motivation or driver for adopting renewable energy?,Create jobs and employment,1 = Strongly disagree | 2 = Disagree | 3 = Unsure | 4 = Agree | 5 = Strongly agree,ordered,
motiv_emm,Energy,To what extent do you agree that each of the following should be a motivation or driver for adopting renewable energy?,Lower carbon emissions and pollution,1 = Strongly disagree | 2 = Disagree | 3 = Unsure | 4 = Agree | 5 = Strongly agree,ordered,
motiv_comp,Energy,To what extent do you agree that each of the following should be a motivation or driver for adopting renewable energy?,Compatibility with current land uses,1 = Strongly disagree | 2 = Disagree | 3 = Unsure | 4 = Agree | 5 = Strongly agree,ordered,
mw_drnk,Water,"Assuming the water has been treated to meet standards approved by the Oklahoma Department of Environmental Quality (DEQ) for the protection of public health and the environment, how comfortable would you feel if your city or town used treated municipal wastewater for the following purposes:",As drinking water for people,1 = Very uncomfortable | 2 = Uncomfortable | 3 = Neutral | 4 = Comfortable | 5 = Very comfortable,ordered,
mw_irr_lnd,Water,"Assuming the water has been treated to meet standards approved by the Oklahoma Department of Environmental Quality (DEQ) for the protection of public health and the environment, how comfortable would you feel if your city or town used treated municipal wastewater for the following purposes:","To water landscaping like public parks, sports fields, medians, and golf courses",1 = Very uncomfortable | 2 = Uncomfortable | 3 = Neutral | 4 = Comfortable | 5 = Very comfortable,ordered,
mw_irr_edib,Water,"Assuming the water has been treated to meet standards approved by the Oklahoma Department of Environmental Quality (DEQ) for the protection of public health and the environment, how comfortable would you feel if your city or town used treated municipal wastewater for the following purposes:","To irrigate crops that people eat, such as wheat or corn",1 = Very uncomfortable | 2 = Uncomfortable | 3 = Neutral | 4 = Comfortable | 5 = Very comfortable,ordered,
mw_irr_feed,Water,"Assuming the water has been treated to meet standards approved by the Oklahoma Department of Environmental Quality (DEQ) for the protection of public health and the environment, how comfortable would you feel if your city or town used treated municipal wastewater for the following purposes:","To irrigate crops that animals eat but people don’t, such as alfalfa or sorghum",1 = Very uncomfortable | 2 = Uncomfortable | 3 = Neutral | 4 = Comfortable | 5 = Very comfortable,ordered,
mw_irr_inedib,Water,"Assuming the water has been treated to meet standards approved by the Oklahoma Department of Environmental Quality (DEQ) for the protection of public health and the environment, how comfortable would you feel if your city or town used treated municipal wastewater for the following purposes:","To irrigate crops that are not used for food, such as cotton (for clothing) or switchgrass (for biofuel)",1 = Very uncomfortable | 2 = Uncomfortable | 3 = Neutral | 4 = Comfortable | 5 = Very comfortable,ordered,
tw_drnk,Water,"Assuming the water has been treated to meet standards approved by the Oklahoma Department of Environmental Quality (DEQ) for the protection of public health and the environment, how comfortable would you feel if your city or town used treated produced water for the following purposes:",As drinking water for people,1 = Very uncomfortable | 2 = Uncomfortable | 3 = Neutral | 4 = Comfortable | 5 = Very comfortable,ordered,
tw_irr_lnd,Water,"Assuming the water has been treated to meet standards approved by the Oklahoma Department of Environmental Quality (DEQ) for the protection of public health and the environment, how comfortable would you feel if your city or town used treated produced water for the following purposes:","To water landscaping like public parks, sports fields, medians, and golf courses",1 = Very uncomfortable | 2 = Uncomfortable | 3 = Neutral | 4 = Comfortable | 5 = Very comfortable,ordered,
tw_irr_edib,Water,"Assuming the water has been treated to meet standards approved by the Oklahoma Department of Environmental Quality (DEQ) for the protection of public health and the environment, how comfortable would you feel if your city or town used treated produced water for the following purposes:","To irrigate crops that people eat, such as wheat or corn",1 = Very uncomfortable | 2 = Uncomfortable | 3 = Neutral | 4 = Comfortable | 5 = Very comfortable,ordered,
tw_irr_feed,Water,"Assuming the water has been treated to meet standards approved by the Oklahoma Department of Environmental Quality (DEQ) for the protection of public health and the environment, how comfortable would you feel if your city or town used treated produced water for the following purposes:","To irrigate crops that animals eat but people don’t, such as alfalfa or sorghum",1 = Very uncomfortable | 2 = Uncomfortable | 3 = Neutral | 4 = Comfortable | 5 = Very comfortable,ordered,
tw_irr_inedib,Water,"Assuming the water has been treated to meet standards approved by the Oklahoma Department of Environmental Quality (DEQ) for the protection of public health and the environment, how comfortable would you feel if your city or town used treated produced water for the following purposes:","To irrigate crops that are not used for food, such as cotton (for clothing) or switchgrass (for biofuel)",1 = Very uncomfortable | 2 = Uncomfortable | 3 = Neutral | 4 = Comfortable | 5 = Very comfortable,ordered,
sw_drnk,Water,"Assuming the water has been treated to meet standards approved by the Oklahoma Department of Environmental Quality (DEQ) for the protection of public health and the environment, how comfortable would you feel if your city or town used treated stormwater for the following purposes:",As drinking water for people,1 = Very uncomfortable | 2 = Uncomfortable | 3 = Neutral | 4 = Comfortable | 5 = Very comfortable,ordered,
sw_irr_lnd,Water,"Assuming the water has been treated to meet standards approved by the Oklahoma Department of Environmental Quality (DEQ) for the protection of public health and the environment, how comfortable would you feel if your city or town used treated stormwater for the following purposes:","To water landscaping like public parks, sports fields, medians, and golf courses",1 = Very uncomfortable | 2 = Uncomfortable | 3 = Neutral | 4 = Comfortable | 5 = Very comfortable,ordered,
sw_irr_edib,Water,"Assuming the water has been treated to meet standards approved by the Oklahoma Department of Environmental Quality (DEQ) for the protection of public health and the environment, how comfortable would you feel if your city or town used treated stormwater for the following purposes:","To irrigate crops that people eat, such as wheat or corn",1 = Very uncomfortable | 2 = Uncomfortable | 3 = Neutral | 4 = Comfortable | 5 = Very comfortable,ordered,
sw_irr_feed,Water,"Assuming the water has been treated to meet standards approved by the Oklahoma Department of Environmental Quality (DEQ) for the protection of public health and the environment, how comfortable would you feel if your city or town used treated stormwater for the following purposes:","To irrigate crops that animals eat but people don’t, such as alfalfa or sorghum",1 = Very uncomfortable | 2 = Uncomfortable | 3 = Neutral | 4 = Comfortable | 5 = Very comfortable,ordered,
sw_irr_inedib,Water,"Assuming the water has been treated to meet standards approved by the Oklahoma Department of Environmental Quality (DEQ) for the protection of public health and the environment, how comfortable would you feel if your city or town used treated stormwater for the following purposes:","To irrigate crops that are not used for food, such as cotton (for clothing) or switchgrass (for biofuel)",1 = Very uncomfortable | 2 = Uncomfortable | 3 = Neutral | 4 = Comfortable | 5 = Very comfortable,ordered,
rnk_wtr_rate_com,Water,"Many cities and towns in Oklahoma are facing chronic water shortages. Imagine you live in one of these communities, and local leaders are seeking your input on the best ways to reduce water use and manage water supplies more sustainably. Please rank the following options from most to least preferred, with the top being the option you favor the most and the bottom being the one you favor the least.",Raise water rates for commercial and industrial users to encourage conservation.,1 = Most preferred | 2 = 2 | 3 = 3 | 4 = 4 | 5 = 5 | 6 = 6 | 7 = Least preferred,ordered,
rnk_wtr_rate_res,Water,"Many cities and towns in Oklahoma are facing chronic water shortages. Imagine you live in one of these communities, and local leaders are seeking your input on the best ways to reduce water use and manage water supplies more sustainably. Please rank the following options from most to least preferred, with the top being the option you favor the most and the bottom being the one you favor the least.",Raise water rates for residential users to encourage conservation.,1 = Most preferred | 2 = 2 | 3 = 3 | 4 = 4 | 5 = 5 | 6 = 6 | 7 = Least preferred,ordered,
rnk_wtr_rate_lim,Water,"Many cities and towns in Oklahoma are facing chronic water shortages. Imagine you live in one of these communities, and local leaders are seeking your input on the best ways to reduce water use and manage water supplies more sustainably. Please rank the following options from most to least preferred, with the top being the option you favor the most and the bottom being the one you favor the least.","Place mandatory limits on certain types of outdoor water use, such as lawn watering.",1 = Most preferred | 2 = 2 | 3 = 3 | 4 = 4 | 5 = 5 | 6 = 6 | 7 = Least preferred,ordered,
rnk_wtr_rate_inc,Water,"Many cities and towns in Oklahoma are facing chronic water shortages. Imagine you live in one of these communities, and local leaders are seeking your input on the best ways to reduce water use and manage water supplies more sustainably. Please rank the following options from most to least preferred, with the top being the option you favor the most and the bottom being the one you favor the least.","Provide conservation incentives, such as a residential lawn replacement program.",1 = Most preferred | 2 = 2 | 3 = 3 | 4 = 4 | 5 = 5 | 6 = 6 | 7 = Least preferred,ordered,
rnk_wtr_rate_pot,Water,"Many cities and towns in Oklahoma are facing chronic water shortages. Imagine you live in one of these communities, and local leaders are seeking your input on the best ways to reduce water use and manage water supplies more sustainably. Please rank the following options from most to least preferred, with the top being the option you favor the most and the bottom being the one you favor the least.","Reuse water from nontraditional sources (treated municipal wastewater, treated produced water, or treated stormwater) for potable purposes (e.g., drinking water).",1 = Most preferred | 2 = 2 | 3 = 3 | 4 = 4 | 5 = 5 | 6 = 6 | 7 = Least preferred,ordered,
rnk_wtr_rate_non_pot,Water,"Many cities and towns in Oklahoma are facing chronic water shortages. Imagine you live in one of these communities, and local leaders are seeking your input on the best ways to reduce water use and manage water supplies more sustainably. Please rank the following options from most to least preferred, with the top being the option you favor the most and the bottom being the one you favor the least.","Reuse water from nontraditional sources (treated municipal wastewater, treated produced water, or treated stormwater) for non-potable purposes (e.g., irrigation for landscaping, non-edible crops).",1 = Most preferred | 2 = 2 | 3 = 3 | 4 = 4 | 5 = 5 | 6 = 6 | 7 = Least preferred,ordered,
rnk_wtr_rate_pur,Water,"Many cities and towns in Oklahoma are facing chronic water shortages. Imagine you live in one of these communities, and local leaders are seeking your input on the best ways to reduce water use and manage water supplies more sustainably. Please rank the following options from most to least preferred, with the top being the option you favor the most and the bottom being the one you favor the least.",Purchase water from a nearby city or water supplier to supplement local supplies.,1 = Most preferred | 2 = 2 | 3 = 3 | 4 = 4 | 5 = 5 | 6 = 6 | 7 = Least preferred,ordered,
risk_air,Weather and climate,Oklahoma also experiences air quality issues that can affect public health and the environment.,How would you rate the risk that poor air quality poses to people in Oklahoma?,1 = No risk | 2 = Low risk | 3 = Moderate risk | 4 = High risk | 5 = Extreme risk,ordered,
experiece_air,Weather and climate,Oklahoma also experiences air quality issues that can affect public health and the environment.,Did you experience poor air quality in the last 6 months?,0 = No | 1 = Yes,ordered,
future_air,Weather and climate,Oklahoma also experiences air quality issues that can affect public health and the environment.,"When you think about the next 25 years in Oklahoma, do you think the risk (frequency and severity) of poor air quality will increase, decrease, or stay about the same?",1 = Significantly decrease | 2 = Decrease | 3 = Stay about the same | 4 = Increase | 5 = Significantly increase,ordered,
air_smoke,Weather and climate,"To the best of your knowledge, what are the most common causes of poor air quality in Oklahoma? Please select up to three.",Wildfire smoke,0 = No | 1 = Yes,ordered,
air_dust,Weather and climate,"To the best of your knowledge, what are the most common causes of poor air quality in Oklahoma? Please select up to three.","Dust (e.g., wind-blown dust)",0 = No | 1 = Yes,ordered,
air_car,Weather and climate,"To the best of your knowledge, what are the most common causes of poor air quality in Oklahoma? Please select up to three.",Vehicle emissions (cars and trucks),0 = No | 1 = Yes,ordered,
air_oil,Weather and climate,"To the best of your knowledge, what are the most common causes of poor air quality in Oklahoma? Please select up to three.",Oil and gas production activities,0 = No | 1 = Yes,ordered,
air_ind,Weather and climate,"To the best of your knowledge, what are the most common causes of poor air quality in Oklahoma? Please select up to three.","Industrial facilities (e.g., manufacturing, power plants)",0 = No | 1 = Yes,ordered,
air_ag,Weather and climate,"To the best of your knowledge, what are the most common causes of poor air quality in Oklahoma? Please select up to three.",Agricultural activities,0 = No | 1 = Yes,ordered,
air_con,Weather and climate,"To the best of your knowledge, what are the most common causes of poor air quality in Oklahoma? Please select up to three.",Construction activities,0 = No | 1 = Yes,ordered,
air_nat,Weather and climate,"To the best of your knowledge, what are the most common causes of poor air quality in Oklahoma? Please select up to three.","Natural sources (e.g., pollen)",0 = No | 1 = Yes,ordered,
rank_gas,Energy,"For each of the following sources, please indicate where you think Oklahoma ranks nationally in terms of total electricity generated. A rank of 1st to 10th means Oklahoma is among the top 10 states in electricity generated by that source, while a rank of 41st to 50th means it is among the lowest 10 states.",Natural gas,1 = 1st to 10th | 2 = 11th to 20th | 3 = 21st to 30th | 4 = 31st to 40th | 5 = 41st to 50th,ordered,
rank_wind,Energy,"For each of the following sources, please indicate where you think Oklahoma ranks nationally in terms of total electricity generated. A rank of 1st to 10th means Oklahoma is among the top 10 states in electricity generated by that source, while a rank of 41st to 50th means it is among the lowest 10 states.",Wind,1 = 1st to 10th | 2 = 11th to 20th | 3 = 21st to 30th | 4 = 31st to 40th | 5 = 41st to 50th,ordered,
rank_coal,Energy,"For each of the following sources, please indicate where you think Oklahoma ranks nationally in terms of total electricity generated. A rank of 1st to 10th means Oklahoma is among the top 10 states in electricity generated by that source, while a rank of 41st to 50th means it is among the lowest 10 states.",Coal,1 = 1st to 10th | 2 = 11th to 20th | 3 = 21st to 30th | 4 = 31st to 40th | 5 = 41st to 50th,ordered,
rank_hydro,Energy,"For each of the following sources, please indicate where you think Oklahoma ranks nationally in terms of total electricity generated. A rank of 1st to 10th means Oklahoma is among the top 10 states in electricity generated by that source, while a rank of 41st to 50th means it is among the lowest 10 states.",Hydropower,1 = 1st to 10th | 2 = 11th to 20th | 3 = 21st to 30th | 4 = 31st to 40th | 5 = 41st to 50th,ordered,
rank_solar,Energy,"For each of the following sources, please indicate where you think Oklahoma ranks nationally in terms of total electricity generated. A rank of 1st to 10th means Oklahoma is among the top 10 states in electricity generated by that source, while a rank of 41st to 50th means it is among the lowest 10 states.",Solar,1 = 1st to 10th | 2 = 11th to 20th | 3 = 21st to 30th | 4 = 31st to 40th | 5 = 41st to 50th,ordered,
rank_nuclear,Energy,"For each of the following sources, please indicate where you think Oklahoma ranks nationally in terms of total electricity generated. A rank of 1st to 10th means Oklahoma is among the top 10 states in electricity generated by that source, while a rank of 41st to 50th means it is among the lowest 10 states.",Nuclear,1 = 1st to 10th | 2 = 11th to 20th | 3 = 21st to 30th | 4 = 31st to 40th | 5 = 41st to 50th,ordered,
rank_geo,Energy,"For each of the following sources, please indicate where you think Oklahoma ranks nationally in terms of total electricity generated. A rank of 1st to 10th means Oklahoma is among the top 10 states in electricity generated by that source, while a rank of 41st to 50th means it is among the lowest 10 states.",Geothermal,1 = 1st to 10th | 2 = 11th to 20th | 3 = 21st to 30th | 4 = 31st to 40th | 5 = 41st to 50th,ordered,
wind_vis,Energy,"Generating electricity requires a wide range of infrastructure. Some of this infrastructure is highly visible (it stands out and catches your attention) while other types of infrastructure are less noticeable. Thinking about energy infrastructure you have seen in Oklahoma, how visually noticeable do you find each of the following?",Wind turbines,1 = Not at all noticeable | 2 = Slightly noticeable | 3 = Somewhat noticeable | 4 = Significantly noticeable | 5 = Extremely noticeable,ordered,
solar_vis,Energy,"Generating electricity requires a wide range of infrastructure. Some of this infrastructure is highly visible (it stands out and catches your attention) while other types of infrastructure are less noticeable. Thinking about energy infrastructure you have seen in Oklahoma, how visually noticeable do you find each of the following?",Solar farms,1 = Not at all noticeable | 2 = Slightly noticeable | 3 = Somewhat noticeable | 4 = Significantly noticeable | 5 = Extremely noticeable,ordered,
pumpjack_vis,Energy,"Generating electricity requires a wide range of infrastructure. Some of this infrastructure is highly visible (it stands out and catches your attention) while other types of infrastructure are less noticeable. Thinking about energy infrastructure you have seen in Oklahoma, how visually noticeable do you find each of the following?",Pumpjacks (oil wells),1 = Not at all noticeable | 2 = Slightly noticeable | 3 = Somewhat noticeable | 4 = Significantly noticeable | 5 = Extremely noticeable,ordered,
stortank_vis,Energy,"Generating electricity requires a wide range of infrastructure. Some of this infrastructure is highly visible (it stands out and catches your attention) while other types of infrastructure are less noticeable. Thinking about energy infrastructure you have seen in Oklahoma, how visually noticeable do you find each of the following?",Crude oil storage tanks,1 = Not at all noticeable | 2 = Slightly noticeable | 3 = Somewhat noticeable | 4 = Significantly noticeable | 5 = Extremely noticeable,ordered,
elecline_vis,Energy,"Generating electricity requires a wide range of infrastructure. Some of this infrastructure is highly visible (it stands out and catches your attention) while other types of infrastructure are less noticeable. Thinking about energy infrastructure you have seen in Oklahoma, how visually noticeable do you find each of the following?",Electric transmission lines (large power lines),1 = Not at all noticeable | 2 = Slightly noticeable | 3 = Somewhat noticeable | 4 = Significantly noticeable | 5 = Extremely noticeable,ordered,
substation_vis,Energy,"Generating electricity requires a wide range of infrastructure. Some of this infrastructure is highly visible (it stands out and catches your attention) while other types of infrastructure are less noticeable. Thinking about energy infrastructure you have seen in Oklahoma, how visually noticeable do you find each of the following?",Electric substations (power distribution facilities),1 = Not at all noticeable | 2 = Slightly noticeable | 3 = Somewhat noticeable | 4 = Significantly noticeable | 5 = Extremely noticeable,ordered,
wind_vis_sup,Energy,How much does the visual appearance of this infrastructure affect your support for new energy projects in [rand_loc_vis: Oklahoma | your local area]?,Wind turbines,1 = Strongly decreases my support | 2 = Slightly decreases my support | 3 = Does not affect my support | 4 = Slightly increases my support | 5 = Strongly increases my support,ordered,
solar_vis_sup,Energy,How much does the visual appearance of this infrastructure affect your support for new energy projects in [rand_loc_vis: Oklahoma | your local area]?,Solar farms,1 = Strongly decreases my support | 2 = Slightly decreases my support | 3 = Does not affect my support | 4 = Slightly increases my support | 5 = Strongly increases my support,ordered,
pumpjack_vis_sup,Energy,How much does the visual appearance of this infrastructure affect your support for new energy projects in [rand_loc_vis: Oklahoma | your local area]?,Pumpjacks (oil wells),1 = Strongly decreases my support | 2 = Slightly decreases my support | 3 = Does not affect my support | 4 = Slightly increases my support | 5 = Strongly increases my support,ordered,
stortank_vis_sup,Energy,How much does the visual appearance of this infrastructure affect your support for new energy projects in [rand_loc_vis: Oklahoma | your local area]?,Crude oil storage tanks,1 = Strongly decreases my support | 2 = Slightly decreases my support | 3 = Does not affect my support | 4 = Slightly increases my support | 5 = Strongly increases my support,ordered,
elecline_vis_sup,Energy,How much does the visual appearance of this infrastructure affect your support for new energy projects in [rand_loc_vis: Oklahoma | your local area]?,Electric transmission lines (large power lines),1 = Strongly decreases my support | 2 = Slightly decreases my support | 3 = Does not affect my support | 4 = Slightly increases my support | 5 = Strongly increases my support,ordered,
substation_vis_sup,Energy,How much does the visual appearance of this infrastructure affect your support for new energy projects in [rand_loc_vis: Oklahoma | your local area]?,Electric substations (power distribution facilities),1 = Strongly decreases my support | 2 = Slightly decreases my support | 3 = Does not affect my support | 4 = Slightly increases my support | 5 = Strongly increases my support,ordered,
energy_reg,Energy,,"To the best of your knowledge, which government body in Oklahoma has primary authority to regulate public utilities and approve new energy projects?",1 = The Governor | 2 = The Oklahoma Legislature | 3 = The Oklahoma Secretary of Energy and Environment | 4 = The Oklahoma Corporation Commission | 5 = The Oklahoma Energy Resources Board,unordered,
landowner_dev_right,Energy,,How much do you oppose or support the right of individual landowners to make decisions about energy development on their property?,1 = Strongly oppose | 2 = Somewhat oppose | 3 = Neither support nor oppose | 4 = Somewhat support | 5 = Strongly support,ordered,
county_dev_reg,Energy,,How much do you oppose or support the right of local governments to regulate energy development through zoning laws?,1 = Strongly oppose | 2 = Somewhat oppose | 3 = Neither support nor oppose | 4 = Somewhat support | 5 = Strongly support,ordered,
land_know,Energy,"Private landowners, who own land where energy projects may be built or operated.",How knowledgeable and competent is this group when it comes to energy projects?,1 = Not at all | 2 = Slightly | 3 = Moderately | 4 = Very | 5 = Extremely,ordered,
land_hon,Energy,"Private landowners, who own land where energy projects may be built or operated.",How honest and transparent is this group in what it says and does regarding energy projects?,1 = Not at all | 2 = Slightly | 3 = Moderately | 4 = Very | 5 = Extremely,ordered,
land_pub,Energy,"Private landowners, who own land where energy projects may be built or operated.","To what extent does this group act in ways that benefit the broader public, rather than just itself, when it comes to energy projects?",1 = Not at all | 2 = Slightly | 3 = Moderately | 4 = Very | 5 = Extremely,ordered,
coop_know,Energy,"Electric cooperatives, which are member-owned, not-for-profit utilities that provide electricity, often in rural areas.",How knowledgeable and competent is this group when it comes to energy projects?,1 = Not at all | 2 = Slightly | 3 = Moderately | 4 = Very | 5 = Extremely,ordered,
coop_hon,Energy,"Electric cooperatives, which are member-owned, not-for-profit utilities that provide electricity, often in rural areas.",How honest and transparent is this group in what it says and does regarding energy projects?,1 = Not at all | 2 = Slightly | 3 = Moderately | 4 = Very | 5 = Extremely,ordered,
coop_pub,Energy,"Electric cooperatives, which are member-owned, not-for-profit utilities that provide electricity, often in rural areas.","To what extent does this group act in ways that benefit the broader public, rather than just itself, when it comes to energy projects?",1 = Not at all | 2 = Slightly | 3 = Moderately | 4 = Very | 5 = Extremely,ordered,
iou_know,Energy,"Investor-owned electric utility companies, which are for-profit utilities owned by shareholders that generate, transmit, and deliver electricity to customers.",How knowledgeable and competent is this group when it comes to energy projects?,1 = Not at all | 2 = Slightly | 3 = Moderately | 4 = Very | 5 = Extremely,ordered,
iou_hon,Energy,"Investor-owned electric utility companies, which are for-profit utilities owned by shareholders that generate, transmit, and deliver electricity to customers.",How honest and transparent is this group in what it says and does regarding energy projects?,1 = Not at all | 2 = Slightly | 3 = Moderately | 4 = Very | 5 = Extremely,ordered,
iou_pub,Energy,"Investor-owned electric utility companies, which are for-profit utilities owned by shareholders that generate, transmit, and deliver electricity to customers.","To what extent does this group act in ways that benefit the broader public, rather than just itself, when it comes to energy projects?",1 = Not at all | 2 = Slightly | 3 = Moderately | 4 = Very | 5 = Extremely,ordered,
comp_know,Energy,"Private energy companies, which are for-profit companies that develop and operate energy projects such as oil, gas, and renewable energy.",How knowledgeable and competent is this group when it comes to energy projects?,1 = Not at all | 2 = Slightly | 3 = Moderately | 4 = Very | 5 = Extremely,ordered,
comp_hon,Energy,"Private energy companies, which are for-profit companies that develop and operate energy projects such as oil, gas, and renewable energy.",How honest and transparent is this group in what it says and does regarding energy projects?,1 = Not at all | 2 = Slightly | 3 = Moderately | 4 = Very | 5 = Extremely,ordered,
comp_pub,Energy,"Private energy companies, which are for-profit companies that develop and operate energy projects such as oil, gas, and renewable energy.","To what extent does this group act in ways that benefit the broader public, rather than just itself, when it comes to energy projects?",1 = Not at all | 2 = Slightly | 3 = Moderately | 4 = Very | 5 = Extremely,ordered,
univ_know,Energy,"University researchers, who study energy systems and provide research on energy projects.",How knowledgeable and competent is this group when it comes to energy projects?,1 = Not at all | 2 = Slightly | 3 = Moderately | 4 = Very | 5 = Extremely,ordered,
univ_hon,Energy,"University researchers, who study energy systems and provide research on energy projects.",How honest and transparent is this group in what it says and does regarding energy projects?,1 = Not at all | 2 = Slightly | 3 = Moderately | 4 = Very | 5 = Extremely,ordered,
univ_pub,Energy,"University researchers, who study energy systems and provide research on energy projects.","To what extent does this group act in ways that benefit the broader public, rather than just itself, when it comes to energy projects?",1 = Not at all | 2 = Slightly | 3 = Moderately | 4 = Very | 5 = Extremely,ordered,
st_know,Energy,"State officials, who work for state government and are involved in setting policies and regulations related to energy projects.",How knowledgeable and competent is this group when it comes to energy projects?,1 = Not at all | 2 = Slightly | 3 = Moderately | 4 = Very | 5 = Extremely,ordered,
st_hon,Energy,"State officials, who work for state government and are involved in setting policies and regulations related to energy projects.",How honest and transparent is this group in what it says and does regarding energy projects?,1 = Not at all | 2 = Slightly | 3 = Moderately | 4 = Very | 5 = Extremely,ordered,
st_pub,Energy,"State officials, who work for state government and are involved in setting policies and regulations related to energy projects.","To what extent does this group act in ways that benefit the broader public, rather than just itself, when it comes to energy projects?",1 = Not at all | 2 = Slightly | 3 = Moderately | 4 = Very | 5 = Extremely,ordered,
loc_know,Energy,"Local officials, who work in city or county government and are involved in local decisions about land use, zoning, and development related to energy projects.",How knowledgeable and competent is this group when it comes to energy projects?,1 = Not at all | 2 = Slightly | 3 = Moderately | 4 = Very | 5 = Extremely,ordered,
loc_hon,Energy,"Local officials, who work in city or county government and are involved in local decisions about land use, zoning, and development related to energy projects.",How honest and transparent is this group in what it says and does regarding energy projects?,1 = Not at all | 2 = Slightly | 3 = Moderately | 4 = Very | 5 = Extremely,ordered,
loc_pub,Energy,"Local officials, who work in city or county government and are involved in local decisions about land use, zoning, and development related to energy projects.","To what extent does this group act in ways that benefit the broader public, rather than just itself, when it comes to energy projects?",1 = Not at all | 2 = Slightly | 3 = Moderately | 4 = Very | 5 = Extremely,ordered,
np_know,Energy,"Nonprofit groups, such as policy or environmental organizations, which work on issues related to energy and provide information about energy projects.",How knowledgeable and competent is this group when it comes to energy projects?,1 = Not at all | 2 = Slightly | 3 = Moderately | 4 = Very | 5 = Extremely,ordered,
np_hon,Energy,"Nonprofit groups, such as policy or environmental organizations, which work on issues related to energy and provide information about energy projects.",How honest and transparent is this group in what it says and does regarding energy projects?,1 = Not at all | 2 = Slightly | 3 = Moderately | 4 = Very | 5 = Extremely,ordered,
np_pub,Energy,"Nonprofit groups, such as policy or environmental organizations, which work on issues related to energy and provide information about energy projects.","To what extent does this group act in ways that benefit the broader public, rather than just itself, when it comes to energy projects?",1 = Not at all | 2 = Slightly | 3 = Moderately | 4 = Very | 5 = Extremely,ordered,
part_years,Project participation,,"To the best of your recollection, about how many surveys have you completed as part of this project?",1 = 1-2 | 2 = 3-4 | 3 = 5-6 | 4 = 7-8 | 5 = 9-10 | 6 = More than 10 | 7 = Not sure,unordered,
part_chal,Project participation,"As you know, this survey is part of a multi-year project that is now coming to an end. Throughout the project, you have helped us understand how Oklahomans view and evaluate complex, long-term challenges facing the state, including water resources, land and wildlife conservation, infrastructure resilience, weather and climate risks, wildfire, and emerging water management solutions. You also shared your input on specific issues, such as strengthening the electric grid, expanding municipal wastewater reuse, managing eastern redcedar encroachment, investing in weather forecasting, improving transportation infrastructure, and supporting new approaches to produced water reuse—and helped us understand how people perceive these challenges, the institutions they trust, and the policies they are willing to support.",Do you recall thinking about the challenges described above while completing the surveys?,"1 = Yes, all of them | 2 = Yes, most of them | 3 = Yes, about half of them | 4 = Yes, only a few of them | 5 = No, none of them | 6 = Not sure",unordered,
part_think,Project participation,"Thinking about your participation in this project, how much do you agree or disagree with the following statements?",Participating in this project led me to think more carefully about issues facing Oklahoma.,1 = Strongly disagree | 2 = Somewhat disagree | 3 = Neither agree nor disagree | 4 = Somewhat agree | 5 = Strongly agree,ordered,
part_und,Project participation,"Thinking about your participation in this project, how much do you agree or disagree with the following statements?",I have a better understanding of some of the challenges facing the state.,1 = Strongly disagree | 2 = Somewhat disagree | 3 = Neither agree nor disagree | 4 = Somewhat agree | 5 = Strongly agree,ordered,
part_trade,Project participation,"Thinking about your participation in this project, how much do you agree or disagree with the following statements?",I have thought more about tradeoffs involved in solving these problems.,1 = Strongly disagree | 2 = Somewhat disagree | 3 = Neither agree nor disagree | 4 = Somewhat agree | 5 = Strongly agree,ordered,
part_talk,Project participation,"Again, thinking about your participation in this project, how much do you agree or disagree with the following statements?",I have talked with friends or family about issues raised in these surveys.,1 = Strongly disagree | 2 = Somewhat disagree | 3 = Neither agree nor disagree | 4 = Somewhat agree | 5 = Strongly agree,ordered,
part_share,Project participation,"Again, thinking about your participation in this project, how much do you agree or disagree with the following statements?",I have shared information or perspectives from these surveys with others.,1 = Strongly disagree | 2 = Somewhat disagree | 3 = Neither agree nor disagree | 4 = Somewhat agree | 5 = Strongly agree,ordered,
part_conv,Project participation,"Again, thinking about your participation in this project, how much do you agree or disagree with the following statements?",These surveys have influenced conversations I have had with others about public issues.,1 = Strongly disagree | 2 = Somewhat disagree | 3 = Neither agree nor disagree | 4 = Somewhat agree | 5 = Strongly agree,ordered,
part_inform,Project participation,"Again, thinking about your participation in this project, how much do you agree or disagree with the following statements?",Participating in this project has made me feel more informed about issues facing Oklahoma.,1 = Strongly disagree | 2 = Somewhat disagree | 3 = Neither agree nor disagree | 4 = Somewhat agree | 5 = Strongly agree,ordered,
part_conf,Project participation,"Again, thinking about your participation in this project, how much do you agree or disagree with the following statements?",Participating in this project has increased my confidence in understanding public issues.,1 = Strongly disagree | 2 = Somewhat disagree | 3 = Neither agree nor disagree | 4 = Somewhat agree | 5 = Strongly agree,ordered,
part_engage,Project participation,"Again, thinking about your participation in this project, how much do you agree or disagree with the following statements?",Participating in this project has made me feel more engaged as a citizen of Oklahoma.,1 = Strongly disagree | 2 = Somewhat disagree | 3 = Neither agree nor disagree | 4 = Somewhat agree | 5 = Strongly agree,ordered,
part_atten,Project participation,"Again, thinking about your participation in this project, how much do you agree or disagree with the following statements?","Because of this project, I pay more attention to news and information about issues in Oklahoma.",1 = Strongly disagree | 2 = Somewhat disagree | 3 = Neither agree nor disagree | 4 = Somewhat agree | 5 = Strongly agree,ordered,
part_seek,Project participation,"Again, thinking about your participation in this project, how much do you agree or disagree with the following statements?","Because of this project, I am more likely to seek out information about public issues.",1 = Strongly disagree | 2 = Somewhat disagree | 3 = Neither agree nor disagree | 4 = Somewhat agree | 5 = Strongly agree,ordered,
dec_ppl,Trust and decision-making,"When thinking about how Oklahoma should make decisions about complex, long-term problems, how much do you agree or disagree with the following statements?",Decisions should reflect what most people in Oklahoma want.,1 = Strongly disagree | 2 = Somewhat disagree | 3 = Neither agree nor disagree | 4 = Somewhat agree | 5 = Strongly agree,ordered,
dec_off,Trust and decision-making,"When thinking about how Oklahoma should make decisions about complex, long-term problems, how much do you agree or disagree with the following statements?",Elected officials should take the lead in making decisions.,1 = Strongly disagree | 2 = Somewhat disagree | 3 = Neither agree nor disagree | 4 = Somewhat agree | 5 = Strongly agree,ordered,
dec_sci,Trust and decision-making,"When thinking about how Oklahoma should make decisions about complex, long-term problems, how much do you agree or disagree with the following statements?",Scientific and technical experts should play a leading role in decisions.,1 = Strongly disagree | 2 = Somewhat disagree | 3 = Neither agree nor disagree | 4 = Somewhat agree | 5 = Strongly agree,ordered,
dec_aff,Trust and decision-making,"Again, when thinking about how Oklahoma should make decisions about complex, long-term problems, how much do you agree or disagree with the following statements?",People and organizations directly affected by a problem should have a major role in decisions.,1 = Strongly disagree | 2 = Somewhat disagree | 3 = Neither agree nor disagree | 4 = Somewhat agree | 5 = Strongly agree,ordered,
dec_broad,Trust and decision-making,"Again, when thinking about how Oklahoma should make decisions about complex, long-term problems, how much do you agree or disagree with the following statements?","Decisions should involve broad input and discussion, even if it takes more time.",1 = Strongly disagree | 2 = Somewhat disagree | 3 = Neither agree nor disagree | 4 = Somewhat agree | 5 = Strongly agree,ordered,
dec_eff,Trust and decision-making,"Again, when thinking about how Oklahoma should make decisions about complex, long-term problems, how much do you agree or disagree with the following statements?","Decisions should be made efficiently, even if fewer people are involved.",1 = Strongly disagree | 2 = Somewhat disagree | 3 = Neither agree nor disagree | 4 = Somewhat agree | 5 = Strongly agree,ordered,
dec_diff,Trust and decision-making,"Again, when thinking about how Oklahoma should make decisions about complex, long-term problems, how much do you agree or disagree with the following statements?",Good decisions come from bringing together different perspectives.,1 = Strongly disagree | 2 = Somewhat disagree | 3 = Neither agree nor disagree | 4 = Somewhat agree | 5 = Strongly agree,ordered,
dec_long,Trust and decision-making,"Again, when thinking about how Oklahoma should make decisions about complex, long-term problems, how much do you agree or disagree with the following statements?","Decisions should prioritize long-term benefits, even if they are costly in the short term.",1 = Strongly disagree | 2 = Somewhat disagree | 3 = Neither agree nor disagree | 4 = Somewhat agree | 5 = Strongly agree,ordered,
dec_short,Trust and decision-making,"Again, when thinking about how Oklahoma should make decisions about complex, long-term problems, how much do you agree or disagree with the following statements?",Immediate needs should take priority over long-term goals.,1 = Strongly disagree | 2 = Somewhat disagree | 3 = Neither agree nor disagree | 4 = Somewhat agree | 5 = Strongly agree,ordered,
dec_collab,Trust and decision-making,"Again, when thinking about how Oklahoma should make decisions about complex, long-term problems, how much do you agree or disagree with the following statements?",Solving complex problems requires collaboration across many groups and organizations.,1 = Strongly disagree | 2 = Somewhat disagree | 3 = Neither agree nor disagree | 4 = Somewhat agree | 5 = Strongly agree,ordered,
dec_single,Trust and decision-making,"Again, when thinking about how Oklahoma should make decisions about complex, long-term problems, how much do you agree or disagree with the following statements?","A single, clear decision-maker is better than involving many different groups.",1 = Strongly disagree | 2 = Somewhat disagree | 3 = Neither agree nor disagree | 4 = Somewhat agree | 5 = Strongly agree,ordered,
dec_work,Trust and decision-making,"Now, thinking about the future, how much do you agree or disagree with the following statements?",Oklahomans can work together to address complex problems facing the state.,1 = Strongly disagree | 2 = Somewhat disagree | 3 = Neither agree nor disagree | 4 = Somewhat agree | 5 = Strongly agree,ordered,
dec_has,Trust and decision-making,"Now, thinking about the future, how much do you agree or disagree with the following statements?",Oklahoma has the people and institutions needed to make progress on these issues.,1 = Strongly disagree | 2 = Somewhat disagree | 3 = Neither agree nor disagree | 4 = Somewhat agree | 5 = Strongly agree,ordered,
dec_hope,Trust and decision-making,"Now, thinking about the future, how much do you agree or disagree with the following statements?",I am hopeful that Oklahoma can make real progress on these issues in the years ahead.,1 = Strongly disagree | 2 = Somewhat disagree | 3 = Neither agree nor disagree | 4 = Somewhat agree | 5 = Strongly agree,ordered,
